ID	ORF	Gene Symbol	Description	SPOT_ID
10	10	10	NAT2	N-acetyltransferase2(arylamineN-acetyltransferase)	
100	100	100	ADA	adenosinedeaminase	
1000	1000	1000	CDH2	cadherin2,type1,N-cadherin(neuronal)	
10000	10000	10000	AKT3	v-aktmurinethymomaviraloncogenehomolog3(proteinkinaseB,gamma)	
10001	10001	10001	MED6	mediatorcomplexsubunit6	
10002	10002	10002	NR2E3	nuclearreceptorsubfamily2,groupE,member3	
10003	10003	10003	NAALAD2	N-acetylatedalpha-linkedacidicdipeptidase2	
10004	10004	10004	NAALADL1	N-acetylatedalpha-linkedacidicdipeptidase-like1	
10005	10005	10005	ACOT8	acyl-CoAthioesterase8	
10006	10006	10006	ABI1	abl-interactor1	
10007	10007	10007	GNPDA1	glucosamine-6-phosphatedeaminase1	
10009	10009	10009	ZBTB33	zincfingerandBTBdomaincontaining33	
1001	1001	1001	CDH3	cadherin3,type1,P-cadherin(placental)	
10010	10010	10010	TANK	TRAFfamilymember-associatedNFKBactivator	
10013	10013	10013	HDAC6	histonedeacetylase6	
10014	10014	10014	HDAC5	histonedeacetylase5	
10015	10015	10015	PDCD6IP	programmedcelldeath6interactingprotein	
10016	10016	10016	PDCD6	programmedcelldeath6	
10017	10017	10017	BCL2L10	BCL2-like10(apoptosisfacilitator)	
10018	10018	10018	BCL2L11	BCL2-like11(apoptosisfacilitator)	
10019	10019	10019	SH2B3	SH2Badaptorprotein3	
1002	1002	1002	CDH4	cadherin4,type1,R-cadherin(retinal)	
10020	10020	10020	GNE	glucosamine(UDP-N-acetyl)-2-epimerase/N-acetylmannosaminekinase	
10021	10021	10021	HCN4	hyperpolarizationactivatedcyclicnucleotide-gatedpotassiumchannel4	
10022	10022	10022	INSL5	insulin-like5	
10023	10023	10023	FRAT1	frequentlyrearrangedinadvancedT-celllymphomas	
10024	10024	10024	TROAP	trophininassociatedprotein(tastin)	
10025	10025	10025	MED16	mediatorcomplexsubunit16	
10026	10026	10026	PIGK	phosphatidylinositolglycananchorbiosynthesis,classK	
1003	1003	1003	CDH5	cadherin5,type2(vascularendothelium)	
10036	10036	10036	CHAF1A	chromatinassemblyfactor1,subunitA(p150)	
10038	10038	10038	PARP2	poly(ADP-ribose)polymerase2	
10039	10039	10039	PARP3	poly(ADP-ribose)polymerasefamily,member3	
1004	1004	1004	CDH6	cadherin6,type2,K-cadherin(fetalkidney)	
10040	10040	10040	TOM1L1	targetofmyb1(chicken)-like1	
10042	10042	10042	HMGXB4	HMGboxdomaincontaining4	
10043	10043	10043	TOM1	targetofmyb1(chicken)	
10045	10045	10045	SH2D3A	SH2domaincontaining3A	
10046	10046	10046	MAMLD1	mastermind-likedomaincontaining1	
10047	10047	10047	CST8	cystatin8(cystatin-relatedepididymalspecific)	
10048	10048	10048	RANBP9	RANbindingprotein9	
10049	10049	10049	DNAJB6	DnaJ(Hsp40)homolog,subfamilyB,member6	
1005	1005	1005	CDH7	cadherin7,type2	
10050	10050	10050	SLC17A4	solutecarrierfamily17(sodiumphosphate),member4	
10051	10051	10051	SMC4	structuralmaintenanceofchromosomes4	
10052	10052	10052	GJC1	gapjunctionprotein,gamma1,45kDa	
10053	10053	10053	AP1M2	adaptor-relatedproteincomplex1,mu2subunit	
10054	10054	10054	UBA2	ubiquitin-likemodifieractivatingenzyme2	
10055	10055	10055	SAE1	SUMO1activatingenzymesubunit1	
10057	10057	10057	ABCC5	ATP-bindingcassette,sub-familyC(CFTR/MRP),member5	
10058	10058	10058	ABCB6	ATP-bindingcassette,sub-familyB(MDR/TAP),member6	
10059	10059	10059	DNM1L	dynamin1-like	
1006	1006	1006	CDH8	cadherin8,type2	
10060	10060	10060	ABCC9	ATP-bindingcassette,sub-familyC(CFTR/MRP),member9	
10061	10061	10061	ABCF2	ATP-bindingcassette,sub-familyF(GCN20),member2	
10062	10062	10062	NR1H3	nuclearreceptorsubfamily1,groupH,member3	
10066	10066	10066	SCAMP2	secretorycarriermembraneprotein2	
10067	10067	10067	SCAMP3	secretorycarriermembraneprotein3	
10069	10069	10069	RWDD2B	RWDdomaincontaining2B	
1007	1007	1007	CDH9	cadherin9,type2(T1-cadherin)	
10072	10072	10072	DPP3	dipeptidyl-peptidase3	
10073	10073	10073	SNUPN	snurportin1	
10075	10075	10075	HUWE1	HECT,UBAandWWEdomaincontaining1	
10076	10076	10076	PTPRU	proteintyrosinephosphatase,receptortype,U	
10077	10077	10077	TSPAN32	tetraspanin32	
10078	10078	10078	TSSC4	tumorsuppressingsubtransferablecandidate4	
10079	10079	10079	ATP9A	ATPase,classII,type9A	
1008	1008	1008	CDH10	cadherin10,type2(T2-cadherin)	
10083	10083	10083	USH1C	Ushersyndrome1C(autosomalrecessive,severe)	
10084	10084	10084	PQBP1	polyglutaminebindingprotein1	
10085	10085	10085	EDIL3	EGF-likerepeatsanddiscoidinI-likedomains3	
10086	10086	10086	HHLA1	HERV-HLTR-associating1	
10087	10087	10087	COL4A3BP	collagen,typeIV,alpha3(Goodpastureantigen)bindingprotein	
10089	10089	10089	KCNK7	potassiumchannel,subfamilyK,member7	
1009	1009	1009	CDH11	cadherin11,type2,OB-cadherin(osteoblast)	
10090	10090	10090	UST	uronyl-2-sulfotransferase	
10092	10092	10092	ARPC5	actinrelatedprotein2/3complex,subunit5,16kDa	
10093	10093	10093	ARPC4	actinrelatedprotein2/3complex,subunit4,20kDa	
10095	10095	10095	ARPC1B	actinrelatedprotein2/3complex,subunit1B,41kDa	
10096	10096	10096	ACTR3	ARP3actin-relatedprotein3homolog(yeast)	
10097	10097	10097	ACTR2	ARP2actin-relatedprotein2homolog(yeast)	
10098	10098	10098	TSPAN5	tetraspanin5	
10099	10099	10099	TSPAN3	tetraspanin3	
101	101	101	ADAM8	ADAMmetallopeptidasedomain8	
1010	1010	1010	CDH12	cadherin12,type2(N-cadherin2)	
10100	10100	10100	TSPAN2	tetraspanin2	
10101	10101	10101	NUBP2	nucleotidebindingprotein2(MinDhomolog,E.coli)	
10102	10102	10102	TSFM	Tstranslationelongationfactor,mitochondrial	
10103	10103	10103	TSPAN1	tetraspanin1	
10105	10105	10105	PPIF	peptidylprolylisomeraseF	
10106	10106	10106	CTDSP2	CTD(carboxy-terminaldomain,RNApolymeraseII,polypeptideA)smallphosphatase2	
10107	10107	10107	TRIM10	tripartitemotif-containing10	
10109	10109	10109	ARPC2	actinrelatedprotein2/3complex,subunit2,34kDa	
10110	10110	10110	SGK2	serum/glucocorticoidregulatedkinase2	
10111	10111	10111	RAD50	RAD50homolog(S.cerevisiae)	
10112	10112	10112	KIF20A	kinesinfamilymember20A	
10113	10113	10113	PREB	prolactinregulatoryelementbinding	
10114	10114	10114	HIPK3	homeodomaininteractingproteinkinase3	
10116	10116	10116	FEM1B	fem-1homologb(C.elegans)	
1012	1012	1012	CDH13	cadherin13,H-cadherin(heart)	
10120	10120	10120	ACTR1B	ARP1actin-relatedprotein1homologB,centractinbeta(yeast)	
10121	10121	10121	ACTR1A	ARP1actin-relatedprotein1homologA,centractinalpha(yeast)	
10123	10123	10123	ARL4C	ADP-ribosylationfactor-like4C	
10125	10125	10125	RASGRP1	RASguanylreleasingprotein1(calciumandDAG-regulated)	
10126	10126	10126	DNAL4	dynein,axonemal,lightchain4	
10127	10127	10127	ZNF263	zincfingerprotein263	
10128	10128	10128	LRPPRC	leucine-richPPR-motifcontaining	
10129	10129	10129	FRY	furryhomolog(Drosophila)	
1013	1013	1013	CDH15	cadherin15,type1,M-cadherin(myotubule)	
10130	10130	10130	PDIA6	proteindisulfideisomerasefamilyA,member6	
10131	10131	10131	TRAP1	TNFreceptor-associatedprotein1	
10133	10133	10133	OPTN	optineurin	
10134	10134	10134	BCAP31	B-cellreceptor-associatedprotein31	
10136	10136	10136	CELA3A	chymotrypsin-likeelastasefamily,member3A	
10137	10137	10137	RBM12	RNAbindingmotifprotein12	
10138	10138	10138	YAF2	YY1associatedfactor2	
10139	10139	10139	ARFRP1	ADP-ribosylationfactorrelatedprotein1	
1014	1014	1014	CDH16	cadherin16,KSP-cadherin	
10140	10140	10140	TOB1	transducerofERBB2,1	
10141	10141	10141	C4orf6	chromosome4openreadingframe6	
10142	10142	10142	AKAP9	Akinase(PRKA)anchorprotein(yotiao)9	
10144	10144	10144	FAM13A	familywithsequencesimilarity13,memberA	
10146	10146	10146	G3BP1	GTPaseactivatingprotein(SH3domain)bindingprotein1	
10147	10147	10147	SFRS14	splicingfactor,arginine/serine-rich14	
10148	10148	10148	EBI3	Epstein-Barrvirusinduced3	
10149	10149	10149	GPR64	Gprotein-coupledreceptor64	
1015	1015	1015	CDH17	cadherin17,LIcadherin(liver-intestine)	
10150	10150	10150	MBNL2	muscleblind-like2(Drosophila)	
10151	10151	10151	HNRNPA3P1	heterogeneousnuclearribonucleoproteinA3pseudogene1	
10152	10152	10152	ABI2	abl-interactor2	
10153	10153	10153	CEBPZ	CCAAT/enhancerbindingprotein(C/EBP),zeta	
10154	10154	10154	PLXNC1	plexinC1	
10155	10155	10155	TRIM28	tripartitemotif-containing28	
10157	10157	10157	AASS	aminoadipate-semialdehydesynthase	
10158	10158	10158	PDZK1IP1	PDZK1interactingprotein1	
10159	10159	10159	ATP6AP2	ATPase,H+transporting,lysosomalaccessoryprotein2	
1016	1016	1016	CDH18	cadherin18,type2	
10160	10160	10160	FARP1	FERM,RhoGEF(ARHGEF)andpleckstrindomainprotein1(chondrocyte-derived)	
10161	10161	10161	LPAR6	lysophosphatidicacidreceptor6	
10162	10162	10162	LPCAT3	lysophosphatidylcholineacyltransferase3	
10164	10164	10164	CHST4	carbohydrate(N-acetylglucosamine6-O)sulfotransferase4	
10165	10165	10165	SLC25A13	solutecarrierfamily25,member13(citrin)	
10168	10168	10168	ZNF197	zincfingerprotein197	
10169	10169	10169	SERF2	smallEDRK-richfactor2	
1017	1017	1017	CDK2	cyclin-dependentkinase2	
10170	10170	10170	DHRS9	dehydrogenase/reductase(SDRfamily)member9	
10171	10171	10171	RCL1	RNAterminalphosphatecyclase-like1	
10174	10174	10174	SORBS3	sorbinandSH3domaincontaining3	
10175	10175	10175	CNIH	cornichonhomolog(Drosophila)	
10179	10179	10179	RBM7	RNAbindingmotifprotein7	
1018	1018	1018	CDK3	cyclin-dependentkinase3	
10180	10180	10180	RBM6	RNAbindingmotifprotein6	
10181	10181	10181	RBM5	RNAbindingmotifprotein5	
10184	10184	10184	LHFPL2	lipomaHMGICfusionpartner-like2	
10186	10186	10186	LHFP	lipomaHMGICfusionpartner	
10188	10188	10188	TNK2	tyrosinekinase,non-receptor,2	
1019	1019	1019	CDK4	cyclin-dependentkinase4	
10190	10190	10190	TXNDC9	thioredoxindomaincontaining9	
10193	10193	10193	RNF41	ringfingerprotein41	
10195	10195	10195	ALG3	asparagine-linkedglycosylation3,alpha-1,3-mannosyltransferasehomolog(S.cerevisiae)	
10196	10196	10196	PRMT3	proteinargininemethyltransferase3	
10197	10197	10197	PSME3	proteasome(prosome,macropain)activatorsubunit3(PA28gamma;Ki)	
10198	10198	10198	MPHOSPH9	M-phasephosphoprotein9	
10199	10199	10199	MPHOSPH10	M-phasephosphoprotein10(U3smallnucleolarribonucleoprotein)	
102	102	102	ADAM10	ADAMmetallopeptidasedomain10	
1020	1020	1020	CDK5	cyclin-dependentkinase5	
10200	10200	10200	MPHOSPH6	M-phasephosphoprotein6	
10201	10201	10201	NME6	non-metastaticcells6,proteinexpressedin(nucleoside-diphosphatekinase)	
10202	10202	10202	DHRS2	dehydrogenase/reductase(SDRfamily)member2	
10203	10203	10203	CALCRL	calcitoninreceptor-like	
10205	10205	10205	MPZL2	myelinproteinzero-like2	
10206	10206	10206	TRIM13	tripartitemotif-containing13	
10207	10207	10207	INADL	InaD-like(Drosophila)	
10208	10208	10208	USPL1	ubiquitinspecificpeptidaselike1	
10209	10209	10209	EIF1	eukaryotictranslationinitiationfactor1	
1021	1021	1021	CDK6	cyclin-dependentkinase6	
10210	10210	10210	TOPORS	topoisomeraseIbinding,arginine/serine-rich	
10211	10211	10211	FLOT1	flotillin1	
10212	10212	10212	DDX39	DEAD(Asp-Glu-Ala-Asp)boxpolypeptide39	
10213	10213	10213	PSMD14	proteasome(prosome,macropain)26Ssubunit,non-ATPase,14	
10214	10214	10214	SSX3	synovialsarcoma,Xbreakpoint3	
10215	10215	10215	OLIG2	oligodendrocytelineagetranscriptionfactor2	
10216	10216	10216	PRG4	proteoglycan4	
10217	10217	10217	CTDSPL	CTD(carboxy-terminaldomain,RNApolymeraseII,polypeptideA)smallphosphatase-like	
10218	10218	10218	ANGPTL7	angiopoietin-like7	
10219	10219	10219	KLRG1	killercelllectin-likereceptorsubfamilyG,member1	
1022	1022	1022	CDK7	cyclin-dependentkinase7	
10220	10220	10220	GDF11	growthdifferentiationfactor11	
10221	10221	10221	TRIB1	tribbleshomolog1(Drosophila)	
10223	10223	10223	GPA33	glycoproteinA33(transmembrane)	
10224	10224	10224	ZNF443	zincfingerprotein443	
10225	10225	10225	CD96	CD96molecule	
10226	10226	10226	PLIN3	perilipin3	
10227	10227	10227	MFSD10	majorfacilitatorsuperfamilydomaincontaining10	
10228	10228	10228	STX6	syntaxin6	
10229	10229	10229	COQ7	coenzymeQ7homolog,ubiquinone(yeast)	
10230	10230	10230	NBR2	neighborofBRCA1gene2	
10231	10231	10231	RCAN2	regulatorofcalcineurin2	
10232	10232	10232	MSLN	mesothelin	
10233	10233	10233	LRRC23	leucinerichrepeatcontaining23	
10234	10234	10234	LRRC17	leucinerichrepeatcontaining17	
10235	10235	10235	RASGRP2	RASguanylreleasingprotein2(calciumandDAG-regulated)	
10236	10236	10236	HNRNPR	heterogeneousnuclearribonucleoproteinR	
10237	10237	10237	SLC35B1	solutecarrierfamily35,memberB1	
10238	10238	10238	DCAF7	DDB1andCUL4associatedfactor7	
10239	10239	10239	AP3S2	adaptor-relatedproteincomplex3,sigma2subunit	
10240	10240	10240	MRPS31	mitochondrialribosomalproteinS31	
10241	10241	10241	CALCOCO2	calciumbindingandcoiled-coildomain2	
10242	10242	10242	KCNMB2	potassiumlargeconductancecalcium-activatedchannel,subfamilyM,betamember2	
10243	10243	10243	GPHN	gephyrin	
10244	10244	10244	RABEPK	Rab9effectorproteinwithkelchmotifs	
10245	10245	10245	TIMM17B	translocaseofinnermitochondrialmembrane17homologB(yeast)	
10246	10246	10246	SLC17A2	solutecarrierfamily17(sodiumphosphate),member2	
10247	10247	10247	HRSP12	heat-responsiveprotein12	
10248	10248	10248	POP7	processingofprecursor7,ribonucleaseP/MRPsubunit(S.cerevisiae)	
10249	10249	10249	GLYAT	glycine-N-acyltransferase	
1025	1025	1025	CDK9	cyclin-dependentkinase9	
10250	10250	10250	SRRM1	serine/argininerepetitivematrix1	
10252	10252	10252	SPRY1	sproutyhomolog1,antagonistofFGFsignaling(Drosophila)	
10253	10253	10253	SPRY2	sproutyhomolog2(Drosophila)	
10254	10254	10254	STAM2	signaltransducingadaptormolecule(SH3domainandITAMmotif)2	
10255	10255	10255	HCG9	HLAcomplexgroup9	
10256	10256	10256	CNKSR1	connectorenhancerofkinasesuppressorofRas1	
10257	10257	10257	ABCC4	ATP-bindingcassette,sub-familyC(CFTR/MRP),member4	
1026	1026	1026	CDKN1A	cyclin-dependentkinaseinhibitor1A(p21,Cip1)	
10260	10260	10260	DENND4A	DENN/MADDdomaincontaining4A	
10261	10261	10261	IGSF6	immunoglobulinsuperfamily,member6	
10262	10262	10262	SF3B4	splicingfactor3b,subunit4,49kDa	
10263	10263	10263	CDK2AP2	cyclin-dependentkinase2associatedprotein2	
10265	10265	10265	IRX5	iroquoishomeobox5	
10266	10266	10266	RAMP2	receptor(Gprotein-coupled)activitymodifyingprotein2	
10267	10267	10267	RAMP1	receptor(Gprotein-coupled)activitymodifyingprotein1	
10268	10268	10268	RAMP3	receptor(Gprotein-coupled)activitymodifyingprotein3	
10269	10269	10269	ZMPSTE24	zincmetallopeptidase(STE24homolog,S.cerevisiae)	
1027	1027	1027	CDKN1B	cyclin-dependentkinaseinhibitor1B(p27,Kip1)	
10270	10270	10270	AKAP8	Akinase(PRKA)anchorprotein8	
10272	10272	10272	FSTL3	follistatin-like3(secretedglycoprotein)	
10273	10273	10273	STUB1	STIP1homologyandU-boxcontainingprotein1	
10274	10274	10274	STAG1	stromalantigen1	
10276	10276	10276	NET1	neuroepithelialcelltransforming1	
10277	10277	10277	UBE4B	ubiquitinationfactorE4B(UFD2homolog,yeast)	
10278	10278	10278	EFS	embryonalFyn-associatedsubstrate	
10279	10279	10279	PRSS16	protease,serine,16(thymus)	
1028	1028	1028	CDKN1C	cyclin-dependentkinaseinhibitor1C(p57,Kip2)	
10280	10280	10280	SIGMAR1	sigmanon-opioidintracellularreceptor1	
10281	10281	10281	DSCR4	Downsyndromecriticalregiongene4	
10282	10282	10282	BET1	blockedearlyintransport1homolog(S.cerevisiae)	
10284	10284	10284	SAP18	Sin3A-associatedprotein,18kDa	
10285	10285	10285	SMNDC1	survivalmotorneurondomaincontaining1	
10286	10286	10286	BCAS2	breastcarcinomaamplifiedsequence2	
10287	10287	10287	RGS19	regulatorofG-proteinsignaling19	
10288	10288	10288	LILRB2	leukocyteimmunoglobulin-likereceptor,subfamilyB(withTMandITIMdomains),member2	
10289	10289	10289	EIF1B	eukaryotictranslationinitiationfactor1B	
1029	1029	1029	CDKN2A	cyclin-dependentkinaseinhibitor2A(melanoma,p16,inhibitsCDK4)	
10291	10291	10291	SF3A1	splicingfactor3a,subunit1,120kDa	
10293	10293	10293	TRAIP	TRAFinteractingprotein	
10294	10294	10294	DNAJA2	DnaJ(Hsp40)homolog,subfamilyA,member2	
10295	10295	10295	BCKDK	branchedchainketoaciddehydrogenasekinase	
10296	10296	10296	MAEA	macrophageerythroblastattacher	
10297	10297	10297	APC2	adenomatosispolyposiscoli2	
10298	10298	10298	PAK4	p21protein(Cdc42/Rac)-activatedkinase4	
10299	10299	10299	MARCH6	membrane-associatedringfinger(C3HC4)6	
103	103	103	ADAR	adenosinedeaminase,RNA-specific	
1030	1030	1030	CDKN2B	cyclin-dependentkinaseinhibitor2B(p15,inhibitsCDK4)	
10300	10300	10300	KATNB1	kataninp80(WDrepeatcontaining)subunitB1	
10301	10301	10301	DLEU1	deletedinlymphocyticleukemia1(non-proteincoding)	
10302	10302	10302	SNAPC5	smallnuclearRNAactivatingcomplex,polypeptide5,19kDa	
10307	10307	10307	APBB3	amyloidbeta(A4)precursorprotein-binding,familyB,member3	
10308	10308	10308	ZNF267	zincfingerprotein267	
10309	10309	10309	CCNO	cyclinO	
1031	1031	1031	CDKN2C	cyclin-dependentkinaseinhibitor2C(p18,inhibitsCDK4)	
10311	10311	10311	DSCR3	Downsyndromecriticalregiongene3	
10312	10312	10312	TCIRG1	T-cell,immuneregulator1,ATPase,H+transporting,lysosomalV0subunitA3	
10313	10313	10313	RTN3	reticulon3	
10314	10314	10314	LANCL1	LanClantibioticsynthetasecomponentC-like1(bacterial)	
10316	10316	10316	NMUR1	neuromedinUreceptor1	
10317	10317	10317	B3GALT5	UDP-Gal:betaGlcNAcbeta1,3-galactosyltransferase,polypeptide5	
10318	10318	10318	TNIP1	TNFAIP3interactingprotein1	
10319	10319	10319	LAMC3	laminin,gamma3	
1032	1032	1032	CDKN2D	cyclin-dependentkinaseinhibitor2D(p19,inhibitsCDK4)	
10320	10320	10320	IKZF1	IKAROSfamilyzincfinger1(Ikaros)	
10321	10321	10321	CRISP3	cysteine-richsecretoryprotein3	
10322	10322	10322	SMYD5	SMYDfamilymember5	
10324	10324	10324	KBTBD10	kelchrepeatandBTB(POZ)domaincontaining10	
10325	10325	10325	RRAGB	Ras-relatedGTPbindingB	
10326	10326	10326	SIRPB1	signal-regulatoryproteinbeta1	
10327	10327	10327	AKR1A1	aldo-ketoreductasefamily1,memberA1(aldehydereductase)	
10328	10328	10328	COX4NB	COX4neighbor	
10329	10329	10329	TMEM5	transmembraneprotein5	
1033	1033	1033	CDKN3	cyclin-dependentkinaseinhibitor3	
10330	10330	10330	CNPY2	canopy2homolog(zebrafish)	
10331	10331	10331	B3GNT3	UDP-GlcNAc:betaGalbeta-1,3-N-acetylglucosaminyltransferase3	
10332	10332	10332	CLEC4M	C-typelectindomainfamily4,memberM	
10333	10333	10333	TLR6	toll-likereceptor6	
10336	10336	10336	PCGF3	polycombgroupringfinger3	
10342	10342	10342	TFG	TRK-fusedgene	
10343	10343	10343	PKDREJ	polycystickidneydisease(polycystin)andREJhomolog(spermreceptorforeggjellyhomolog,seaurchin)	
10346	10346	10346	TRIM22	tripartitemotif-containing22	
10347	10347	10347	ABCA7	ATP-bindingcassette,sub-familyA(ABC1),member7	
10351	10351	10351	ABCA8	ATP-bindingcassette,sub-familyA(ABC1),member8	
10352	10352	10352	WARS2	tryptophanyltRNAsynthetase2,mitochondrial	
1036	1036	1036	CDO1	cysteinedioxygenase,typeI	
10360	10360	10360	NPM3	nucleophosmin/nucleoplasmin,3	
10362	10362	10362	HMG20B	high-mobilitygroup20B	
10363	10363	10363	HMG20A	high-mobilitygroup20A	
10365	10365	10365	KLF2	Kruppel-likefactor2(lung)	
10367	10367	10367	CBARA1	calciumbindingatopy-relatedautoantigen1	
10368	10368	10368	CACNG3	calciumchannel,voltage-dependent,gammasubunit3	
10369	10369	10369	CACNG2	calciumchannel,voltage-dependent,gammasubunit2	
10370	10370	10370	CITED2	Cbp/p300-interactingtransactivator,withGlu/Asp-richcarboxy-terminaldomain,2	
10371	10371	10371	SEMA3A	semadomain,immunoglobulindomain(Ig),shortbasicdomain,secreted,(semaphorin)3A	
10376	10376	10376	TUBA1B	tubulin,alpha1b	
10379	10379	10379	IRF9	interferonregulatoryfactor9	
1038	1038	1038	CDR1	cerebellardegeneration-relatedprotein1,34kDa	
10381	10381	10381	TUBB3	tubulin,beta3	
10382	10382	10382	TUBB4	tubulin,beta4	
10383	10383	10383	TUBB2C	tubulin,beta2C	
10384	10384	10384	BTN3A3	butyrophilin,subfamily3,memberA3	
10385	10385	10385	BTN2A2	butyrophilin,subfamily2,memberA2	
10388	10388	10388	SYCP2	synaptonemalcomplexprotein2	
10389	10389	10389	SCML2	sexcombonmidleg-like2(Drosophila)	
1039	1039	1039	CDR2	cerebellardegeneration-relatedprotein2,62kDa	
10390	10390	10390	CEPT1	choline/ethanolaminephosphotransferase1	
10391	10391	10391	CORO2B	coronin,actinbindingprotein,2B	
103910	103910	103910	MYL12B	myosin,lightchain12B,regulatory	
10392	10392	10392	NOD1	nucleotide-bindingoligomerizationdomaincontaining1	
10393	10393	10393	ANAPC10	anaphasepromotingcomplexsubunit10	
10394	10394	10394	PRG3	proteoglycan3	
10395	10395	10395	DLC1	deletedinlivercancer1	
10396	10396	10396	ATP8A1	ATPase,aminophospholipidtransporter(APLT),classI,type8A,member1	
10397	10397	10397	NDRG1	N-mycdownstreamregulated1	
10398	10398	10398	MYL9	myosin,lightchain9,regulatory	
10399	10399	10399	GNB2L1	guaninenucleotidebindingprotein(Gprotein),betapolypeptide2-like1	
104	104	104	ADARB1	adenosinedeaminase,RNA-specific,B1(RED1homolograt)	
1040	1040	1040	CDS1	CDP-diacylglycerolsynthase(phosphatidatecytidylyltransferase)1	
10400	10400	10400	PEMT	phosphatidylethanolamineN-methyltransferase	
10401	10401	10401	PIAS3	proteininhibitorofactivatedSTAT,3	
10402	10402	10402	ST3GAL6	ST3beta-galactosidealpha-2,3-sialyltransferase6	
10403	10403	10403	NDC80	NDC80homolog,kinetochorecomplexcomponent(S.cerevisiae)	
10404	10404	10404	PGCP	plasmaglutamatecarboxypeptidase	
10406	10406	10406	WFDC2	WAPfour-disulfidecoredomain2	
10407	10407	10407	SPAG11B	spermassociatedantigen11B	
10409	10409	10409	BASP1	brainabundant,membraneattachedsignalprotein1	
1041	1041	1041	CDSN	corneodesmosin	
10410	10410	10410	IFITM3	interferoninducedtransmembraneprotein3(1-8U)	
10411	10411	10411	RAPGEF3	Rapguaninenucleotideexchangefactor(GEF)3	
10413	10413	10413	YAP1	Yes-associatedprotein1,65kDa	
10417	10417	10417	SPON2	spondin2,extracellularmatrixprotein	
10418	10418	10418	SPON1	spondin1,extracellularmatrixprotein	
10419	10419	10419	PRMT5	proteinargininemethyltransferase5	
10420	10420	10420	TESK2	testis-specifickinase2	
10421	10421	10421	CD2BP2	CD2(cytoplasmictail)bindingprotein2	
10422	10422	10422	UBAC1	UBAdomaincontaining1	
10423	10423	10423	CDIPT	CDP-diacylglycerol--inositol3-phosphatidyltransferase(phosphatidylinositolsynthase)	
10424	10424	10424	PGRMC2	progesteronereceptormembranecomponent2	
10425	10425	10425	ARIH2	ariadnehomolog2(Drosophila)	
10426	10426	10426	TUBGCP3	tubulin,gammacomplexassociatedprotein3	
10427	10427	10427	SEC24B	SEC24family,memberB(S.cerevisiae)	
10428	10428	10428	CFDP1	craniofacialdevelopmentprotein1	
1043	1043	1043	CD52	CD52molecule	
10430	10430	10430	TMEM147	transmembraneprotein147	
10431	10431	10431	TIMM23	translocaseofinnermitochondrialmembrane23homolog(yeast)	
10432	10432	10432	RBM14	RNAbindingmotifprotein14	
10434	10434	10434	LYPLA1	lysophospholipaseI	
10435	10435	10435	CDC42EP2	CDC42effectorprotein(RhoGTPasebinding)2	
10436	10436	10436	EMG1	EMG1nucleolarproteinhomolog(S.cerevisiae)	
10437	10437	10437	IFI30	interferon,gamma-inducibleprotein30	
10438	10438	10438	C1D	C1Dnuclearreceptorco-repressor	
10439	10439	10439	OLFM1	olfactomedin1	
1044	1044	1044	CDX1	caudaltypehomeobox1	
10440	10440	10440	TIMM17A	translocaseofinnermitochondrialmembrane17homologA(yeast)	
10443	10443	10443	N4BP2L2	NEDD4bindingprotein2-like2	
10444	10444	10444	ZER1	zer-1homolog(C.elegans)	
10445	10445	10445	MCRS1	microspheruleprotein1	
10446	10446	10446	LRRN2	leucinerichrepeatneuronal2	
10449	10449	10449	ACAA2	acetyl-CoenzymeAacyltransferase2	
1045	1045	1045	CDX2	caudaltypehomeobox2	
10450	10450	10450	PPIE	peptidylprolylisomeraseE(cyclophilinE)	
10451	10451	10451	VAV3	vav3guaninenucleotideexchangefactor	
10452	10452	10452	TOMM40	translocaseofoutermitochondrialmembrane40homolog(yeast)	
10454	10454	10454	MAP3K7IP1	mitogen-activatedproteinkinasekinasekinase7interactingprotein1	
10455	10455	10455	PECI	peroxisomalD3,D2-enoyl-CoAisomerase	
10456	10456	10456	HAX1	HCLS1associatedproteinX-1	
10457	10457	10457	GPNMB	glycoprotein(transmembrane)nmb	
10458	10458	10458	BAIAP2	BAI1-associatedprotein2	
1046	1046	1046	CDX4	caudaltypehomeobox4	
10460	10460	10460	TACC3	transforming,acidiccoiled-coilcontainingprotein3	
10461	10461	10461	MERTK	c-merproto-oncogenetyrosinekinase	
10462	10462	10462	CLEC10A	C-typelectindomainfamily10,memberA	
10463	10463	10463	SLC30A9	solutecarrierfamily30(zinctransporter),member9	
10464	10464	10464	PIBF1	progesteroneimmunomodulatorybindingfactor1	
10465	10465	10465	PPIH	peptidylprolylisomeraseH(cyclophilinH)	
10466	10466	10466	COG5	componentofoligomericgolgicomplex5	
10467	10467	10467	ZNHIT1	zincfinger,HITtype1	
10468	10468	10468	FST	follistatin	
10469	10469	10469	TIMM44	translocaseofinnermitochondrialmembrane44homolog(yeast)	
1047	1047	1047	CLGN	calmegin	
10471	10471	10471	PFDN6	prefoldinsubunit6	
10472	10472	10472	ZNF238	zincfingerprotein238	
10473	10473	10473	HMGN4	highmobilitygroupnucleosomalbindingdomain4	
10474	10474	10474	TADA3L	transcriptionaladaptor3(NGG1homolog,yeast)-like	
10475	10475	10475	TRIM38	tripartitemotif-containing38	
10476	10476	10476	ATP5H	ATPsynthase,H+transporting,mitochondrialF0complex,subunitd	
10477	10477	10477	UBE2E3	ubiquitin-conjugatingenzymeE2E3(UBC4/5homolog,yeast)	
10478	10478	10478	SLC25A17	solutecarrierfamily25(mitochondrialcarrier;peroxisomalmembraneprotein,34kDa),member17	
10479	10479	10479	SLC9A6	solutecarrierfamily9(sodium/hydrogenexchanger),member6	
1048	1048	1048	CEACAM5	carcinoembryonicantigen-relatedcelladhesionmolecule5	
10480	10480	10480	EIF3M	eukaryotictranslationinitiationfactor3,subunitM	
10481	10481	10481	HOXB13	homeoboxB13	
10482	10482	10482	NXF1	nuclearRNAexportfactor1	
10483	10483	10483	SEC23B	Sec23homologB(S.cerevisiae)	
10484	10484	10484	SEC23A	Sec23homologA(S.cerevisiae)	
10485	10485	10485	C1orf61	chromosome1openreadingframe61	
10486	10486	10486	CAP2	CAP,adenylatecyclase-associatedprotein,2(yeast)	
10487	10487	10487	CAP1	CAP,adenylatecyclase-associatedprotein1(yeast)	
10488	10488	10488	CREB3	cAMPresponsiveelementbindingprotein3	
10489	10489	10489	LRRC41	leucinerichrepeatcontaining41	
10490	10490	10490	VTI1B	vesicletransportthroughinteractionwitht-SNAREshomolog1B(yeast)	
10491	10491	10491	CRTAP	cartilageassociatedprotein	
10492	10492	10492	SYNCRIP	synaptotagminbinding,cytoplasmicRNAinteractingprotein	
10493	10493	10493	VAT1	vesicleaminetransportprotein1homolog(T.californica)	
10494	10494	10494	STK25	serine/threoninekinase25(STE20homolog,yeast)	
10495	10495	10495	ENOX2	ecto-NOXdisulfide-thiolexchanger2	
10497	10497	10497	UNC13B	unc-13homologB(C.elegans)	
10498	10498	10498	CARM1	coactivator-associatedargininemethyltransferase1	
10499	10499	10499	NCOA2	nuclearreceptorcoactivator2	
105	105	105	ADARB2	adenosinedeaminase,RNA-specific,B2(RED2homolograt)	
1050	1050	1050	CEBPA	CCAAT/enhancerbindingprotein(C/EBP),alpha	
10500	10500	10500	SEMA6C	semadomain,transmembranedomain(TM),andcytoplasmicdomain,(semaphorin)6C	
10501	10501	10501	SEMA6B	semadomain,transmembranedomain(TM),andcytoplasmicdomain,(semaphorin)6B	
10505	10505	10505	SEMA4F	semadomain,immunoglobulindomain(Ig),transmembranedomain(TM)andshortcytoplasmicdomain,(semaphorin)4F	
10507	10507	10507	SEMA4D	semadomain,immunoglobulindomain(Ig),transmembranedomain(TM)andshortcytoplasmicdomain,(semaphorin)4D	
1051	1051	1051	CEBPB	CCAAT/enhancerbindingprotein(C/EBP),beta	
10512	10512	10512	SEMA3C	semadomain,immunoglobulindomain(Ig),shortbasicdomain,secreted,(semaphorin)3C	
10513	10513	10513	APPBP2	amyloidbetaprecursorprotein(cytoplasmictail)bindingprotein2	
10514	10514	10514	MYBBP1A	MYBbindingprotein(P160)1a	
10516	10516	10516	FBLN5	fibulin5	
10518	10518	10518	CIB2	calciumandintegrinbindingfamilymember2	
10519	10519	10519	CIB1	calciumandintegrinbinding1(calmyrin)	
1052	1052	1052	CEBPD	CCAAT/enhancerbindingprotein(C/EBP),delta	
10520	10520	10520	ZNF211	zincfingerprotein211	
10521	10521	10521	DDX17	DEAD(Asp-Glu-Ala-Asp)boxpolypeptide17	
10522	10522	10522	DEAF1	deformedepidermalautoregulatoryfactor1(Drosophila)	
10523	10523	10523	CHERP	calciumhomeostasisendoplasmicreticulumprotein	
10524	10524	10524	KAT5	K(lysine)acetyltransferase5	
10525	10525	10525	HYOU1	hypoxiaup-regulated1	
10526	10526	10526	IPO8	importin8	
10528	10528	10528	NOP56	NOP56ribonucleoproteinhomolog(yeast)	
10529	10529	10529	NEBL	nebulette	
1053	1053	1053	CEBPE	CCAAT/enhancerbindingprotein(C/EBP),epsilon	
10531	10531	10531	PITRM1	pitrilysinmetallopeptidase1	
10533	10533	10533	ATG7	ATG7autophagyrelated7homolog(S.cerevisiae)	
10534	10534	10534	SSSCA1	Sjogrensyndrome/sclerodermaautoantigen1	
10535	10535	10535	RNASEH2A	ribonucleaseH2,subunitA	
10536	10536	10536	LEPREL2	leprecan-like2	
10537	10537	10537	UBD	ubiquitinD	
10538	10538	10538	BATF	basicleucinezippertranscriptionfactor,ATF-like	
10539	10539	10539	GLRX3	glutaredoxin3	
1054	1054	1054	CEBPG	CCAAT/enhancerbindingprotein(C/EBP),gamma	
10540	10540	10540	DCTN2	dynactin2(p50)	
10541	10541	10541	ANP32B	acidic(leucine-rich)nuclearphosphoprotein32family,memberB	
10542	10542	10542	HBXIP	hepatitisBvirusxinteractingprotein	
10544	10544	10544	PROCR	proteinCreceptor,endothelial(EPCR)	
10548	10548	10548	TM9SF1	transmembrane9superfamilymember1	
10549	10549	10549	PRDX4	peroxiredoxin4	
10550	10550	10550	ARL6IP5	ADP-ribosylation-likefactor6interactingprotein5	
10551	10551	10551	AGR2	anteriorgradienthomolog2(Xenopuslaevis)	
10552	10552	10552	ARPC1A	actinrelatedprotein2/3complex,subunit1A,41kDa	
10553	10553	10553	HTATIP2	HIV-1Tatinteractiveprotein2,30kDa	
10554	10554	10554	AGPAT1	1-acylglycerol-3-phosphateO-acyltransferase1(lysophosphatidicacidacyltransferase,alpha)	
10555	10555	10555	AGPAT2	1-acylglycerol-3-phosphateO-acyltransferase2(lysophosphatidicacidacyltransferase,beta)	
10556	10556	10556	RPP30	ribonucleaseP/MRP30kDasubunit	
10557	10557	10557	RPP38	ribonucleaseP/MRP38kDasubunit	
10558	10558	10558	SPTLC1	serinepalmitoyltransferase,longchainbasesubunit1	
10559	10559	10559	SLC35A1	solutecarrierfamily35(CMP-sialicacidtransporter),memberA1	
1056	1056	1056	CEL	carboxylesterlipase(bilesalt-stimulatedlipase)	
10560	10560	10560	SLC19A2	solutecarrierfamily19(thiaminetransporter),member2	
10561	10561	10561	IFI44	interferon-inducedprotein44	
10562	10562	10562	OLFM4	olfactomedin4	
10563	10563	10563	CXCL13	chemokine(C-X-Cmotif)ligand13	
10564	10564	10564	ARFGEF2	ADP-ribosylationfactorguaninenucleotide-exchangefactor2(brefeldinA-inhibited)	
10565	10565	10565	ARFGEF1	ADP-ribosylationfactorguaninenucleotide-exchangefactor1(brefeldinA-inhibited)	
10566	10566	10566	AKAP3	Akinase(PRKA)anchorprotein3	
10567	10567	10567	RABAC1	Rabacceptor1(prenylated)	
1057	1057	1057	CELP	carboxylesterlipasepseudogene	
10570	10570	10570	DPYSL4	dihydropyrimidinase-like4	
10572	10572	10572	SIVA1	SIVA1,apoptosis-inducingfactor	
10573	10573	10573	MRPL28	mitochondrialribosomalproteinL28	
10574	10574	10574	CCT7	chaperonincontainingTCP1,subunit7(eta)	
10575	10575	10575	CCT4	chaperonincontainingTCP1,subunit4(delta)	
10576	10576	10576	CCT2	chaperonincontainingTCP1,subunit2(beta)	
10577	10577	10577	NPC2	Niemann-Pickdisease,typeC2	
10578	10578	10578	GNLY	granulysin	
10579	10579	10579	TACC2	transforming,acidiccoiled-coilcontainingprotein2	
1058	1058	1058	CENPA	centromereproteinA	
10580	10580	10580	SORBS1	sorbinandSH3domaincontaining1	
10581	10581	10581	IFITM2	interferoninducedtransmembraneprotein2(1-8D)	
10584	10584	10584	COLEC10	collectinsub-familymember10(C-typelectin)	
10585	10585	10585	POMT1	protein-O-mannosyltransferase1	
10586	10586	10586	MAB21L2	mab-21-like2(C.elegans)	
10587	10587	10587	TXNRD2	thioredoxinreductase2	
10588	10588	10588	MTHFS	5,10-methenyltetrahydrofolatesynthetase(5-formyltetrahydrofolatecyclo-ligase)	
10589	10589	10589	DRAP1	DR1-associatedprotein1(negativecofactor2alpha)	
1059	1059	1059	CENPB	centromereproteinB,80kDa	
10590	10590	10590	SCGN	secretagogin,EF-handcalciumbindingprotein	
10591	10591	10591	C6orf108	chromosome6openreadingframe108	
10592	10592	10592	SMC2	structuralmaintenanceofchromosomes2	
10594	10594	10594	PRPF8	PRP8pre-mRNAprocessingfactor8homolog(S.cerevisiae)	
10595	10595	10595	ERN2	endoplasmicreticulumtonucleussignaling2	
10598	10598	10598	AHSA1	AHA1,activatorofheatshock90kDaproteinATPasehomolog1(yeast)	
10599	10599	10599	SLCO1B1	solutecarrierorganicaniontransporterfamily,member1B1	
1060	1060	1060	CENPC1	centromereproteinC1	
10600	10600	10600	USP16	ubiquitinspecificpeptidase16	
10602	10602	10602	CDC42EP3	CDC42effectorprotein(RhoGTPasebinding)3	
10603	10603	10603	SH2B2	SH2Badaptorprotein2	
10605	10605	10605	PAIP1	poly(A)bindingproteininteractingprotein1	
10606	10606	10606	PAICS	phosphoribosylaminoimidazolecarboxylase,phosphoribosylaminoimidazolesuccinocarboxamidesynthetase	
10607	10607	10607	TBL3	transducin(beta)-like3	
10608	10608	10608	MXD4	MAXdimerizationprotein4	
10609	10609	10609	SC65	synaptonemalcomplexproteinSC65	
10610	10610	10610	ST6GALNAC2	ST6(alpha-N-acetyl-neuraminyl-2,3-beta-galactosyl-1,3)-N-acetylgalactosaminidealpha-2,6-sialyltransferase2	
10611	10611	10611	PDLIM5	PDZandLIMdomain5	
10612	10612	10612	TRIM3	tripartitemotif-containing3	
10613	10613	10613	ERLIN1	ERlipidraftassociated1	
10614	10614	10614	HEXIM1	hexamethylenebis-acetamideinducible1	
10615	10615	10615	SPAG5	spermassociatedantigen5	
10616	10616	10616	RBCK1	RanBP-typeandC3HC4-typezincfingercontaining1	
10617	10617	10617	STAMBP	STAMbindingprotein	
10618	10618	10618	TGOLN2	trans-golginetworkprotein2	
1062	1062	1062	CENPE	centromereproteinE,312kDa	
10621	10621	10621	POLR3F	polymerase(RNA)III(DNAdirected)polypeptideF,39kDa	
10622	10622	10622	POLR3G	polymerase(RNA)III(DNAdirected)polypeptideG(32kD)	
10623	10623	10623	POLR3C	polymerase(RNA)III(DNAdirected)polypeptideC(62kD)	
10625	10625	10625	IVNS1ABP	influenzavirusNS1Abindingprotein	
10628	10628	10628	TXNIP	thioredoxininteractingprotein	
10629	10629	10629	TAF6L	TAF6-likeRNApolymeraseII,p300/CBP-associatedfactor(PCAF)-associatedfactor,65kDa	
1063	1063	1063	CENPF	centromereproteinF,350/400ka(mitosin)	
10630	10630	10630	PDPN	podoplanin	
10631	10631	10631	POSTN	periostin,osteoblastspecificfactor	
10632	10632	10632	ATP5L	ATPsynthase,H+transporting,mitochondrialF0complex,subunitG	
10633	10633	10633	RASL10A	RAS-like,family10,memberA	
10634	10634	10634	GAS2L1	growtharrest-specific2like1	
10635	10635	10635	RAD51AP1	RAD51associatedprotein1	
10636	10636	10636	RGS14	regulatorofG-proteinsignaling14	
10637	10637	10637	LEFTY1	left-rightdeterminationfactor1	
10638	10638	10638	SPHAR	S-phaseresponse(cyclinrelated)	
10639	10639	10639	HHCM	Mahlavuhepatocellularcarcinoma	
10640	10640	10640	EXOC5	exocystcomplexcomponent5	
10641	10641	10641	TUSC4	tumorsuppressorcandidate4	
10643	10643	10643	IGF2BP3	insulin-likegrowthfactor2mRNAbindingprotein3	
10645	10645	10645	CAMKK2	calcium/calmodulin-dependentproteinkinasekinase2,beta	
10647	10647	10647	SCGB1D2	secretoglobin,family1D,member2	
10648	10648	10648	SCGB1D1	secretoglobin,family1D,member1	
10650	10650	10650	SLMO1	slowmohomolog1(Drosophila)	
10651	10651	10651	MTX2	metaxin2	
10652	10652	10652	YKT6	YKT6v-SNAREhomolog(S.cerevisiae)	
10653	10653	10653	SPINT2	serinepeptidaseinhibitor,Kunitztype,2	
10654	10654	10654	PMVK	phosphomevalonatekinase	
10656	10656	10656	KHDRBS3	KHdomaincontaining,RNAbinding,signaltransductionassociated3	
10657	10657	10657	KHDRBS1	KHdomaincontaining,RNAbinding,signaltransductionassociated1	
10658	10658	10658	CUGBP1	CUGtripletrepeat,RNAbindingprotein1	
10659	10659	10659	CUGBP2	CUGtripletrepeat,RNAbindingprotein2	
10660	10660	10660	LBX1	ladybirdhomeobox1	
10661	10661	10661	KLF1	Kruppel-likefactor1(erythroid)	
10663	10663	10663	CXCR6	chemokine(C-X-Cmotif)receptor6	
10664	10664	10664	CTCF	CCCTC-bindingfactor(zincfingerprotein)	
10665	10665	10665	C6orf10	chromosome6openreadingframe10	
10666	10666	10666	CD226	CD226molecule	
10667	10667	10667	FARS2	phenylalanyl-tRNAsynthetase2,mitochondrial	
10668	10668	10668	CGRRF1	cellgrowthregulatorwithringfingerdomain1	
10669	10669	10669	CGREF1	cellgrowthregulatorwithEF-handdomain1	
10670	10670	10670	RRAGA	Ras-relatedGTPbindingA	
10671	10671	10671	DCTN6	dynactin6	
10672	10672	10672	GNA13	guaninenucleotidebindingprotein(Gprotein),alpha13	
10675	10675	10675	CSPG5	chondroitinsulfateproteoglycan5(neuroglycanC)	
10677	10677	10677	AVIL	advillin	
10678	10678	10678	B3GNT2	UDP-GlcNAc:betaGalbeta-1,3-N-acetylglucosaminyltransferase2	
1068	1068	1068	CETN1	centrin,EF-handprotein,1	
10681	10681	10681	GNB5	guaninenucleotidebindingprotein(Gprotein),beta5	
10682	10682	10682	EBP	emopamilbindingprotein(sterolisomerase)	
10683	10683	10683	DLL3	delta-like3(Drosophila)	
10686	10686	10686	CLDN16	claudin16	
10687	10687	10687	PNMA2	paraneoplasticantigenMA2	
1069	1069	1069	CETN2	centrin,EF-handprotein,2	
10690	10690	10690	FUT9	fucosyltransferase9(alpha(1,3)fucosyltransferase)	
10691	10691	10691	GMEB1	glucocorticoidmodulatoryelementbindingprotein1	
10692	10692	10692	RRH	retinalpigmentepithelium-derivedrhodopsinhomolog	
10693	10693	10693	CCT6B	chaperonincontainingTCP1,subunit6B(zeta2)	
10694	10694	10694	CCT8	chaperonincontainingTCP1,subunit8(theta)	
10695	10695	10695	CNPY3	canopy3homolog(zebrafish)	
10699	10699	10699	CORIN	corin,serinepeptidase	
107	107	107	ADCY1	adenylatecyclase1(brain)	
1070	1070	1070	CETN3	centrin,EF-handprotein,3(CDC31homolog,yeast)	
1071	1071	1071	CETP	cholesterylestertransferprotein,plasma	
10712	10712	10712	FAM189B	familywithsequencesimilarity189,memberB	
10713	10713	10713	USP39	ubiquitinspecificpeptidase39	
10714	10714	10714	POLD3	polymerase(DNA-directed),delta3,accessorysubunit	
10716	10716	10716	TBR1	T-box,brain,1	
1072	1072	1072	CFL1	cofilin1(non-muscle)	
10721	10721	10721	POLQ	polymerase(DNAdirected),theta	
10723	10723	10723	SLC12A7	solutecarrierfamily12(potassium/chloridetransporters),member7	
10724	10724	10724	MGEA5	meningiomaexpressedantigen5(hyaluronidase)	
10725	10725	10725	NFAT5	nuclearfactorofactivatedT-cells5,tonicity-responsive	
10726	10726	10726	NUDC	nucleardistributiongeneChomolog(A.nidulans)	
10728	10728	10728	PTGES3	prostaglandinEsynthase3(cytosolic)	
10730	10730	10730	YME1L1	YME1-like1(S.cerevisiae)	
10732	10732	10732	TCFL5	transcriptionfactor-like5(basichelix-loop-helix)	
10733	10733	10733	PLK4	polo-likekinase4(Drosophila)	
10734	10734	10734	STAG3	stromalantigen3	
10735	10735	10735	STAG2	stromalantigen2	
10736	10736	10736	SIX2	SIXhomeobox2	
10737	10737	10737	RFPL3S	RFPL3antisenseRNA(non-proteincoding)	
10738	10738	10738	RFPL3	retfingerprotein-like3	
10739	10739	10739	RFPL2	retfingerprotein-like2	
10740	10740	10740	RFPL1S	RFPL1antisenseRNA(non-proteincoding)	
10741	10741	10741	RBBP9	retinoblastomabindingprotein9	
10742	10742	10742	RAI2	retinoicacidinduced2	
10744	10744	10744	PTTG2	pituitarytumor-transforming2	
10745	10745	10745	PHTF1	putativehomeodomaintranscriptionfactor1	
10746	10746	10746	MAP3K2	mitogen-activatedproteinkinasekinasekinase2	
10747	10747	10747	MASP2	mannan-bindinglectinserinepeptidase2	
10748	10748	10748	KLRA1	killercelllectin-likereceptorsubfamilyA,member1	
10749	10749	10749	KIF1C	kinesinfamilymember1C	
1075	1075	1075	CTSC	cathepsinC	
10750	10750	10750	GRAP	GRB2-relatedadaptorprotein	
10752	10752	10752	CHL1	celladhesionmoleculewithhomologytoL1CAM(closehomologofL1)	
10753	10753	10753	CAPN9	calpain9	
10755	10755	10755	GIPC1	GIPCPDZdomaincontainingfamily,member1	
10758	10758	10758	TRAF3IP2	TRAF3interactingprotein2	
10761	10761	10761	PLAC1	placenta-specific1	
10762	10762	10762	NUP50	nucleoporin50kDa	
10763	10763	10763	NES	nestin	
10765	10765	10765	KDM5B	lysine(K)-specificdemethylase5B	
10766	10766	10766	TOB2	transducerofERBB2,2	
10767	10767	10767	HBS1L	HBS1-like(S.cerevisiae)	
10768	10768	10768	AHCYL1	adenosylhomocysteinase-like1	
10769	10769	10769	PLK2	polo-likekinase2(Drosophila)	
10771	10771	10771	ZMYND11	zincfinger,MYNDdomaincontaining11	
10772	10772	10772	FUSIP1	FUSinteractingprotein(serine/arginine-rich)1	
10773	10773	10773	ZBTB6	zincfingerandBTBdomaincontaining6	
10775	10775	10775	POP4	processingofprecursor4,ribonucleaseP/MRPsubunit(S.cerevisiae)	
10776	10776	10776	ARPP19	cAMP-regulatedphosphoprotein,19kDa	
10777	10777	10777	ARPP-21	cyclicAMP-regulatedphosphoprotein,21kD	
10778	10778	10778	ZNF271	zincfingerprotein271	
10781	10781	10781	ZNF266	zincfingerprotein266	
10782	10782	10782	ZNF274	zincfingerprotein274	
10785	10785	10785	WDR4	WDrepeatdomain4	
10786	10786	10786	SLC17A3	solutecarrierfamily17(sodiumphosphate),member3	
10787	10787	10787	NCKAP1	NCK-associatedprotein1	
10788	10788	10788	IQGAP2	IQmotifcontainingGTPaseactivatingprotein2	
10791	10791	10791	VAMP5	vesicle-associatedmembraneprotein5(myobrevin)	
10793	10793	10793	ZNF273	zincfingerprotein273	
10794	10794	10794	ZNF460	zincfingerprotein460	
10797	10797	10797	MTHFD2	methylenetetrahydrofolatedehydrogenase(NADP+dependent)2,methenyltetrahydrofolatecyclohydrolase	
10798	10798	10798	OR5I1	olfactoryreceptor,family5,subfamilyI,member1	
10799	10799	10799	RPP40	ribonucleaseP/MRP40kDasubunit	
108	108	108	ADCY2	adenylatecyclase2(brain)	
1080	1080	1080	CFTR	cysticfibrosistransmembraneconductanceregulator(ATP-bindingcassettesub-familyC,member7)	
10801	10801	10801	SEPT9	septin9	
10802	10802	10802	SEC24A	SEC24family,memberA(S.cerevisiae)	
10803	10803	10803	CCR9	chemokine(C-Cmotif)receptor9	
10807	10807	10807	SDCCAG3	serologicallydefinedcoloncancerantigen3	
10808	10808	10808	HSPH1	heatshock105kDa/110kDaprotein1	
1081	1081	1081	CGA	glycoproteinhormones,alphapolypeptide	
10810	10810	10810	WASF3	WASproteinfamily,member3	
10813	10813	10813	UTP14A	UTP14,U3smallnucleolarribonucleoprotein,homologA(yeast)	
10814	10814	10814	CPLX2	complexin2	
10817	10817	10817	FRS3	fibroblastgrowthfactorreceptorsubstrate3	
10818	10818	10818	FRS2	fibroblastgrowthfactorreceptorsubstrate2	
10825	10825	10825	NEU3	sialidase3(membranesialidase)	
10826	10826	10826	C5orf4	chromosome5openreadingframe4	
10827	10827	10827	FAM114A2	familywithsequencesimilarity114,memberA2	
1084	1084	1084	CEACAM3	carcinoembryonicantigen-relatedcelladhesionmolecule3	
10840	10840	10840	ALDH1L1	aldehydedehydrogenase1family,memberL1	
10841	10841	10841	FTCD	formiminotransferasecyclodeaminase	
10842	10842	10842	C7orf16	chromosome7openreadingframe16	
10844	10844	10844	TUBGCP2	tubulin,gammacomplexassociatedprotein2	
10845	10845	10845	CLPX	ClpXcaseinolyticpeptidaseXhomolog(E.coli)	
10846	10846	10846	PDE10A	phosphodiesterase10A	
10848	10848	10848	PPP1R13L	proteinphosphatase1,regulatory(inhibitor)subunit13like	
10849	10849	10849	CD3EAP	CD3emolecule,epsilonassociatedprotein	
10850	10850	10850	CCL27	chemokine(C-Cmotif)ligand27	
10855	10855	10855	HPSE	heparanase	
10856	10856	10856	RUVBL2	RuvB-like2(E.coli)	
10857	10857	10857	PGRMC1	progesteronereceptormembranecomponent1	
10858	10858	10858	CYP46A1	cytochromeP450,family46,subfamilyA,polypeptide1	
10859	10859	10859	LILRB1	leukocyteimmunoglobulin-likereceptor,subfamilyB(withTMandITIMdomains),member1	
10861	10861	10861	SLC26A1	solutecarrierfamily26(sulfatetransporter),member1	
10863	10863	10863	ADAM28	ADAMmetallopeptidasedomain28	
10864	10864	10864	SLC22A7	solutecarrierfamily22(organicaniontransporter),member7	
10865	10865	10865	ARID5A	ATrichinteractivedomain5A(MRF1-like)	
10866	10866	10866	HCP5	HLAcomplexP5	
10867	10867	10867	TSPAN9	tetraspanin9	
10868	10868	10868	USP20	ubiquitinspecificpeptidase20	
10869	10869	10869	USP19	ubiquitinspecificpeptidase19	
1087	1087	1087	CEACAM7	carcinoembryonicantigen-relatedcelladhesionmolecule7	
10871	10871	10871	CD300C	CD300cmolecule	
10873	10873	10873	ME3	malicenzyme3,NADP(+)-dependent,mitochondrial	
10874	10874	10874	NMU	neuromedinU	
10875	10875	10875	FGL2	fibrinogen-like2	
10876	10876	10876	FAM12A	familywithsequencesimilarity12,memberA	
10879	10879	10879	SMR3B	submaxillaryglandandrogenregulatedprotein3B	
1088	1088	1088	CEACAM8	carcinoembryonicantigen-relatedcelladhesionmolecule8	
10880	10880	10880	ACTL7B	actin-like7B	
10881	10881	10881	ACTL7A	actin-like7A	
10882	10882	10882	C1QL1	complementcomponent1,qsubcomponent-like1	
10884	10884	10884	MRPS30	mitochondrialribosomalproteinS30	
10885	10885	10885	WDR3	WDrepeatdomain3	
1089	1089	1089	CEACAM4	carcinoembryonicantigen-relatedcelladhesionmolecule4	
10891	10891	10891	PPARGC1A	peroxisomeproliferator-activatedreceptorgamma,coactivator1alpha	
10892	10892	10892	MALT1	mucosaassociatedlymphoidtissuelymphomatranslocationgene1	
10893	10893	10893	MMP24	matrixmetallopeptidase24(membrane-inserted)	
10894	10894	10894	LYVE1	lymphaticvesselendothelialhyaluronanreceptor1	
10896	10896	10896	OCLM	oculomedin	
10897	10897	10897	YIF1A	Yip1interactingfactorhomologA(S.cerevisiae)	
10898	10898	10898	CPSF4	cleavageandpolyadenylationspecificfactor4,30kDa	
10899	10899	10899	JTB	jumpingtranslocationbreakpoint	
109	109	109	ADCY3	adenylatecyclase3	
10900	10900	10900	RUNDC3A	RUNdomaincontaining3A	
10902	10902	10902	BRD8	bromodomaincontaining8	
10903	10903	10903	MTMR11	myotubularinrelatedprotein11	
10904	10904	10904	BLCAP	bladdercancerassociatedprotein	
10905	10905	10905	MAN1A2	mannosidase,alpha,class1A,member2	
10906	10906	10906	TRAFD1	TRAF-typezincfingerdomaincontaining1	
10907	10907	10907	TXNL4A	thioredoxin-like4A	
10908	10908	10908	PNPLA6	patatin-likephospholipasedomaincontaining6	
10911	10911	10911	UTS2	urotensin2	
10912	10912	10912	GADD45G	growtharrestandDNA-damage-inducible,gamma	
10913	10913	10913	EDAR	ectodysplasinAreceptor	
10914	10914	10914	PAPOLA	poly(A)polymerasealpha	
10915	10915	10915	TCERG1	transcriptionelongationregulator1	
10916	10916	10916	MAGED2	melanomaantigenfamilyD,2	
10917	10917	10917	BTNL3	butyrophilin-like3	
10919	10919	10919	EHMT2	euchromatichistone-lysineN-methyltransferase2	
10920	10920	10920	COPS8	COP9constitutivephotomorphogenichomologsubunit8(Arabidopsis)	
10921	10921	10921	RNPS1	RNAbindingproteinS1,serine-richdomain	
10922	10922	10922	FASTK	Fas-activatedserine/threoninekinase	
10923	10923	10923	SUB1	SUB1homolog(S.cerevisiae)	
10924	10924	10924	SMPDL3A	sphingomyelinphosphodiesterase,acid-like3A	
10926	10926	10926	DBF4	DBF4homolog(S.cerevisiae)	
10927	10927	10927	SPIN1	spindlin1	
10928	10928	10928	RALBP1	ralAbindingprotein1	
10929	10929	10929	SFRS2B	splicingfactor,arginine/serine-rich2B	
10930	10930	10930	APOBEC2	apolipoproteinBmRNAeditingenzyme,catalyticpolypeptide-like2	
10933	10933	10933	MORF4L1	mortalityfactor4like1	
10935	10935	10935	PRDX3	peroxiredoxin3	
10936	10936	10936	GPR75	Gprotein-coupledreceptor75	
10938	10938	10938	EHD1	EH-domaincontaining1	
10939	10939	10939	AFG3L2	AFG3ATPasefamilygene3-like2(yeast)	
10941	10941	10941	UGT2A1	UDPglucuronosyltransferase2family,polypeptideA1	
10942	10942	10942	PRSS21	protease,serine,21(testisin)	
10943	10943	10943	MSL3	male-specificlethal3homolog(Drosophila)	
10944	10944	10944	C11orf58	chromosome11openreadingframe58	
10945	10945	10945	KDELR1	KDEL(Lys-Asp-Glu-Leu)endoplasmicreticulumproteinretentionreceptor1	
10946	10946	10946	SF3A3	splicingfactor3a,subunit3,60kDa	
10947	10947	10947	AP3M2	adaptor-relatedproteincomplex3,mu2subunit	
10948	10948	10948	STARD3	StAR-relatedlipidtransfer(START)domaincontaining3	
10949	10949	10949	HNRNPA0	heterogeneousnuclearribonucleoproteinA0	
10950	10950	10950	BTG3	BTGfamily,member3	
10951	10951	10951	CBX1	chromoboxhomolog1(HP1betahomologDrosophila)	
10952	10952	10952	SEC61B	Sec61betasubunit	
10953	10953	10953	TOMM34	translocaseofoutermitochondrialmembrane34	
10954	10954	10954	PDIA5	proteindisulfideisomerasefamilyA,member5	
10955	10955	10955	SERINC3	serineincorporator3	
10956	10956	10956	OS9	osteosarcomaamplified9,endoplasmicreticulumassociatedprotein	
10957	10957	10957	PNRC1	proline-richnuclearreceptorcoactivator1	
10959	10959	10959	TMED2	transmembraneemp24domaintraffickingprotein2	
10960	10960	10960	LMAN2	lectin,mannose-binding2	
10961	10961	10961	ERP29	endoplasmicreticulumprotein29	
10962	10962	10962	MLLT11	myeloid/lymphoidormixed-lineageleukemia(trithoraxhomolog,Drosophila);translocatedto,11	
10963	10963	10963	STIP1	stress-induced-phosphoprotein1	
10964	10964	10964	IFI44L	interferon-inducedprotein44-like	
10966	10966	10966	RAB40B	RAB40B,memberRASoncogenefamily	
10969	10969	10969	EBNA1BP2	EBNA1bindingprotein2	
10970	10970	10970	CKAP4	cytoskeleton-associatedprotein4	
10971	10971	10971	YWHAQ	tyrosine3-monooxygenase/tryptophan5-monooxygenaseactivationprotein,thetapolypeptide	
10972	10972	10972	TMED10	transmembraneemp24-liketraffickingprotein10(yeast)	
10973	10973	10973	ASCC3	activatingsignalcointegrator1complexsubunit3	
10974	10974	10974	C10orf116	chromosome10openreadingframe116	
10975	10975	10975	UQCR	ubiquinol-cytochromecreductase,6.4kDasubunit	
10978	10978	10978	CLP1	CLP1,cleavageandpolyadenylationfactorIsubunit,homolog(S.cerevisiae)	
10979	10979	10979	FERMT2	fermitinfamilyhomolog2(Drosophila)	
10980	10980	10980	COPS6	COP9constitutivephotomorphogenichomologsubunit6(Arabidopsis)	
10981	10981	10981	RAB32	RAB32,memberRASoncogenefamily	
10982	10982	10982	MAPRE2	microtubule-associatedprotein,RP/EBfamily,member2	
10983	10983	10983	CCNI	cyclinI	
10985	10985	10985	GCN1L1	GCN1generalcontrolofamino-acidsynthesis1-like1(yeast)	
10987	10987	10987	COPS5	COP9constitutivephotomorphogenichomologsubunit5(Arabidopsis)	
10988	10988	10988	METAP2	methionylaminopeptidase2	
10989	10989	10989	IMMT	innermembraneprotein,mitochondrial(mitofilin)	
10990	10990	10990	LILRB5	leukocyteimmunoglobulin-likereceptor,subfamilyB(withTMandITIMdomains),member5	
10991	10991	10991	SLC38A3	solutecarrierfamily38,member3	
10992	10992	10992	SF3B2	splicingfactor3b,subunit2,145kDa	
10993	10993	10993	SDS	serinedehydratase	
10994	10994	10994	ILVBL	ilvB(bacterialacetolactatesynthase)-like	
10998	10998	10998	SLC27A5	solutecarrierfamily27(fattyacidtransporter),member5	
11000	11000	11000	SLC27A3	solutecarrierfamily27(fattyacidtransporter),member3	
11001	11001	11001	SLC27A2	solutecarrierfamily27(fattyacidtransporter),member2	
11004	11004	11004	KIF2C	kinesinfamilymember2C	
11005	11005	11005	SPINK5	serinepeptidaseinhibitor,Kazaltype5	
11006	11006	11006	LILRB4	leukocyteimmunoglobulin-likereceptor,subfamilyB(withTMandITIMdomains),member4	
11007	11007	11007	CCDC85B	coiled-coildomaincontaining85B	
11009	11009	11009	IL24	interleukin24	
1101	1101	1101	CHAD	chondroadherin	
11010	11010	11010	GLIPR1	GLIpathogenesis-related1	
11011	11011	11011	TLK2	tousled-likekinase2	
11012	11012	11012	KLK11	kallikrein-relatedpeptidase11	
11013	11013	11013	TMSB15A	thymosinbeta15a	
11014	11014	11014	KDELR2	KDEL(Lys-Asp-Glu-Leu)endoplasmicreticulumproteinretentionreceptor2	
11015	11015	11015	KDELR3	KDEL(Lys-Asp-Glu-Leu)endoplasmicreticulumproteinretentionreceptor3	
11016	11016	11016	ATF7	activatingtranscriptionfactor7	
11017	11017	11017	SNRNP27	smallnuclearribonucleoprotein27kDa(U4/U6.U5)	
11018	11018	11018	TMED1	transmembraneemp24proteintransportdomaincontaining1	
11019	11019	11019	LIAS	lipoicacidsynthetase	
1102	1102	1102	RCBTB2	regulatorofchromosomecondensation(RCC1)andBTB(POZ)domaincontainingprotein2	
11020	11020	11020	RABL4	RAB,memberofRASoncogenefamily-like4	
11021	11021	11021	RAB35	RAB35,memberRASoncogenefamily	
11022	11022	11022	TDRKH	tudorandKHdomaincontaining	
11024	11024	11024	LILRA1	leukocyteimmunoglobulin-likereceptor,subfamilyA(withTMdomain),member1	
11025	11025	11025	LILRB3	leukocyteimmunoglobulin-likereceptor,subfamilyB(withTMandITIMdomains),member3	
11026	11026	11026	LILRA3	leukocyteimmunoglobulin-likereceptor,subfamilyA(withoutTMdomain),member3	
11027	11027	11027	LILRA2	leukocyteimmunoglobulin-likereceptor,subfamilyA(withTMdomain),member2	
1103	1103	1103	CHAT	cholineacetyltransferase	
11030	11030	11030	RBPMS	RNAbindingproteinwithmultiplesplicing	
11031	11031	11031	RAB31	RAB31,memberRASoncogenefamily	
11033	11033	11033	ADAP1	ArfGAPwithdualPHdomains1	
11034	11034	11034	DSTN	destrin(actindepolymerizingfactor)	
11037	11037	11037	STON1	stonin1	
1104	1104	1104	RCC1	regulatorofchromosomecondensation1	
11040	11040	11040	PIM2	pim-2oncogene	
11041	11041	11041	B3GNT1	UDP-GlcNAc:betaGalbeta-1,3-N-acetylglucosaminyltransferase1	
11043	11043	11043	MID2	midline2	
11044	11044	11044	POLS	polymerase(DNAdirected)sigma	
11045	11045	11045	UPK1A	uroplakin1A	
11046	11046	11046	SLC35D2	solutecarrierfamily35,memberD2	
11047	11047	11047	ADRM1	adhesionregulatingmolecule1	
1105	1105	1105	CHD1	chromodomainhelicaseDNAbindingprotein1	
11051	11051	11051	NUDT21	nudix(nucleosidediphosphatelinkedmoietyX)-typemotif21	
11052	11052	11052	CPSF6	cleavageandpolyadenylationspecificfactor6,68kDa	
11054	11054	11054	OGFR	opioidgrowthfactorreceptor	
11055	11055	11055	ZPBP	zonapellucidabindingprotein	
11056	11056	11056	DDX52	DEAD(Asp-Glu-Ala-Asp)boxpolypeptide52	
11057	11057	11057	ABHD2	abhydrolasedomaincontaining2	
11059	11059	11059	WWP1	WWdomaincontainingE3ubiquitinproteinligase1	
1106	1106	1106	CHD2	chromodomainhelicaseDNAbindingprotein2	
11060	11060	11060	WWP2	WWdomaincontainingE3ubiquitinproteinligase2	
11061	11061	11061	LECT1	leukocytecellderivedchemotaxin1	
11062	11062	11062	DUS4L	dihydrouridinesynthase4-like(S.cerevisiae)	
11063	11063	11063	SOX30	SRY(sexdeterminingregionY)-box30	
11064	11064	11064	CEP110	centrosomalprotein110kDa	
11065	11065	11065	UBE2C	ubiquitin-conjugatingenzymeE2C	
11066	11066	11066	SNRNP35	smallnuclearribonucleoprotein35kDa(U11/U12)	
11067	11067	11067	C10orf10	chromosome10openreadingframe10	
11068	11068	11068	CYB561D2	cytochromeb-561domaincontaining2	
11069	11069	11069	RAPGEF4	Rapguaninenucleotideexchangefactor(GEF)4	
1107	1107	1107	CHD3	chromodomainhelicaseDNAbindingprotein3	
11070	11070	11070	TMEM115	transmembraneprotein115	
11072	11072	11072	DUSP14	dualspecificityphosphatase14	
11073	11073	11073	TOPBP1	topoisomerase(DNA)IIbindingprotein1	
11074	11074	11074	TRIM31	tripartitemotif-containing31	
11075	11075	11075	STMN2	stathmin-like2	
11076	11076	11076	TPPP	tubulinpolymerizationpromotingprotein	
11077	11077	11077	HSF2BP	heatshocktranscriptionfactor2bindingprotein	
11078	11078	11078	TRIOBP	TRIOandF-actinbindingprotein	
11079	11079	11079	RER1	RER1retentioninendoplasmicreticulum1homolog(S.cerevisiae)	
1108	1108	1108	CHD4	chromodomainhelicaseDNAbindingprotein4	
11080	11080	11080	DNAJB4	DnaJ(Hsp40)homolog,subfamilyB,member4	
11081	11081	11081	KERA	keratocan	
11083	11083	11083	DIDO1	deathinducer-obliterator1	
11085	11085	11085	ADAM30	ADAMmetallopeptidasedomain30	
11086	11086	11086	ADAM29	ADAMmetallopeptidasedomain29	
1109	1109	1109	AKR1C4	aldo-ketoreductasefamily1,memberC4(chlordeconereductase;3-alphahydroxysteroiddehydrogenase,typeI;dihydrodioldehydrogenase4)	
11092	11092	11092	C9orf9	chromosome9openreadingframe9	
11093	11093	11093	ADAMTS13	ADAMmetallopeptidasewiththrombospondintype1motif,13	
11094	11094	11094	C9orf7	chromosome9openreadingframe7	
11095	11095	11095	ADAMTS8	ADAMmetallopeptidasewiththrombospondintype1motif,8	
11096	11096	11096	ADAMTS5	ADAMmetallopeptidasewiththrombospondintype1motif,5	
11097	11097	11097	NUPL2	nucleoporinlike2	
11098	11098	11098	PRSS23	protease,serine,23	
11099	11099	11099	PTPN21	proteintyrosinephosphatase,non-receptortype21	
11100	11100	11100	HNRNPUL1	heterogeneousnuclearribonucleoproteinU-like1	
11102	11102	11102	RPP14	ribonucleaseP/MRP14kDasubunit	
11103	11103	11103	KRR1	KRR1,smallsubunit(SSU)processomecomponent,homolog(yeast)	
11104	11104	11104	KATNA1	kataninp60(ATPase-containing)subunitA1	
11107	11107	11107	PRDM5	PRdomaincontaining5	
11108	11108	11108	PRDM4	PRdomaincontaining4	
1111	1111	1111	CHEK1	CHK1checkpointhomolog(S.pombe)	
11113	11113	11113	CIT	citron(rho-interacting,serine/threoninekinase21)	
11116	11116	11116	FGFR1OP	FGFR1oncogenepartner	
11117	11117	11117	EMILIN1	elastinmicrofibrilinterfacer1	
11118	11118	11118	BTN3A2	butyrophilin,subfamily3,memberA2	
11119	11119	11119	BTN3A1	butyrophilin,subfamily3,memberA1	
1112	1112	1112	FOXN3	forkheadboxN3	
11120	11120	11120	BTN2A1	butyrophilin,subfamily2,memberA1	
11122	11122	11122	PTPRT	proteintyrosinephosphatase,receptortype,T	
11123	11123	11123	RCAN3	RCANfamilymember3	
11124	11124	11124	FAF1	Fas(TNFRSF6)associatedfactor1	
11126	11126	11126	CD160	CD160molecule	
11127	11127	11127	KIF3A	kinesinfamilymember3A	
11129	11129	11129	SFRS16	splicingfactor,arginine/serine-rich16	
1113	1113	1113	CHGA	chromograninA(parathyroidsecretoryprotein1)	
11130	11130	11130	ZWINT	ZW10interactor	
11131	11131	11131	CAPN11	calpain11	
11132	11132	11132	CAPN10	calpain10	
11133	11133	11133	KPTN	kaptin(actinbindingprotein)	
11135	11135	11135	CDC42EP1	CDC42effectorprotein(RhoGTPasebinding)1	
11136	11136	11136	SLC7A9	solutecarrierfamily7(cationicaminoacidtransporter,y+system),member9	
11137	11137	11137	PWP1	PWP1homolog(S.cerevisiae)	
11138	11138	11138	TBC1D8	TBC1domainfamily,member8(withGRAMdomain)	
1114	1114	1114	CHGB	chromograninB(secretogranin1)	
11140	11140	11140	CDC37	celldivisioncycle37homolog(S.cerevisiae)	
11141	11141	11141	IL1RAPL1	interleukin1receptoraccessoryprotein-like1	
11142	11142	11142	PKIG	proteinkinase(cAMP-dependent,catalytic)inhibitorgamma	
11144	11144	11144	DMC1	DMC1dosagesuppressorofmck1homolog,meiosis-specifichomologousrecombination(yeast)	
11145	11145	11145	PLA2G16	phospholipaseA2,groupXVI	
11146	11146	11146	GLMN	glomulin,FKBPassociatedprotein	
11147	11147	11147	HHLA3	HERV-HLTR-associating3	
11148	11148	11148	HHLA2	HERV-HLTR-associating2	
11151	11151	11151	CORO1A	coronin,actinbindingprotein,1A	
11152	11152	11152	WDR45	WDrepeatdomain45	
11153	11153	11153	FICD	FICdomaincontaining	
11154	11154	11154	AP4S1	adaptor-relatedproteincomplex4,sigma1subunit	
11155	11155	11155	LDB3	LIMdomainbinding3	
11156	11156	11156	PTP4A3	proteintyrosinephosphatasetypeIVA,member3	
11157	11157	11157	LSM6	LSM6homolog,U6smallnuclearRNAassociated(S.cerevisiae)	
1116	1116	1116	CHI3L1	chitinase3-like1(cartilageglycoprotein-39)	
11160	11160	11160	ERLIN2	ERlipidraftassociated2	
11161	11161	11161	C14orf1	chromosome14openreadingframe1	
11162	11162	11162	NUDT6	nudix(nucleosidediphosphatelinkedmoietyX)-typemotif6	
11163	11163	11163	NUDT4	nudix(nucleosidediphosphatelinkedmoietyX)-typemotif4	
11165	11165	11165	NUDT3	nudix(nucleosidediphosphatelinkedmoietyX)-typemotif3	
11166	11166	11166	SOX21	SRY(sexdeterminingregionY)-box21	
11167	11167	11167	FSTL1	follistatin-like1	
11168	11168	11168	PSIP1	PC4andSFRS1interactingprotein1	
11169	11169	11169	WDHD1	WDrepeatandHMG-boxDNAbindingprotein1	
1117	1117	1117	CHI3L2	chitinase3-like2	
11170	11170	11170	FAM107A	familywithsequencesimilarity107,memberA	
11171	11171	11171	STRAP	serine/threoninekinasereceptorassociatedprotein	
11172	11172	11172	INSL6	insulin-like6	
11173	11173	11173	ADAMTS7	ADAMmetallopeptidasewiththrombospondintype1motif,7	
11174	11174	11174	ADAMTS6	ADAMmetallopeptidasewiththrombospondintype1motif,6	
11176	11176	11176	BAZ2A	bromodomainadjacenttozincfingerdomain,2A	
11177	11177	11177	BAZ1A	bromodomainadjacenttozincfingerdomain,1A	
11178	11178	11178	LZTS1	leucinezipper,putativetumorsuppressor1	
11179	11179	11179	ZNF277	zincfingerprotein277	
1118	1118	1118	CHIT1	chitinase1(chitotriosidase)	
11180	11180	11180	WDR6	WDrepeatdomain6	
11181	11181	11181	TREH	trehalase(brush-bordermembraneglycoprotein)	
11182	11182	11182	SLC2A6	solutecarrierfamily2(facilitatedglucosetransporter),member6	
11183	11183	11183	MAP4K5	mitogen-activatedproteinkinasekinasekinasekinase5	
11184	11184	11184	MAP4K1	mitogen-activatedproteinkinasekinasekinasekinase1	
11186	11186	11186	RASSF1	Rasassociation(RalGDS/AF-6)domainfamilymember1	
11187	11187	11187	PKP3	plakophilin3	
11188	11188	11188	NISCH	nischarin	
11189	11189	11189	TNRC4	trinucleotiderepeatcontaining4	
1119	1119	1119	CHKA	cholinekinasealpha	
11190	11190	11190	CEP250	centrosomalprotein250kDa	
11193	11193	11193	WBP4	WWdomainbindingprotein4(forminbindingprotein21)	
11194	11194	11194	ABCB8	ATP-bindingcassette,sub-familyB(MDR/TAP),member8	
11196	11196	11196	SEC23IP	SEC23interactingprotein	
11197	11197	11197	WIF1	WNTinhibitoryfactor1	
11198	11198	11198	SUPT16H	suppressorofTy16homolog(S.cerevisiae)	
11199	11199	11199	ANXA10	annexinA10	
112	112	112	ADCY6	adenylatecyclase6	
1120	1120	1120	CHKB	cholinekinasebeta	
11200	11200	11200	CHEK2	CHK2checkpointhomolog(S.pombe)	
11201	11201	11201	POLI	polymerase(DNAdirected)iota	
11202	11202	11202	KLK8	kallikrein-relatedpeptidase8	
1121	1121	1121	CHM	choroideremia(Rabescortprotein1)	
11211	11211	11211	FZD10	frizzledhomolog10(Drosophila)	
11212	11212	11212	PROSC	prolinesynthetaseco-transcribedhomolog(bacterial)	
11213	11213	11213	IRAK3	interleukin-1receptor-associatedkinase3	
11214	11214	11214	AKAP13	Akinase(PRKA)anchorprotein13	
11215	11215	11215	AKAP11	Akinase(PRKA)anchorprotein11	
11216	11216	11216	AKAP10	Akinase(PRKA)anchorprotein10	
11219	11219	11219	TREX2	threeprimerepairexonuclease2	
1122	1122	1122	CHML	choroideremia-like(Rabescortprotein2)	
11221	11221	11221	DUSP10	dualspecificityphosphatase10	
11222	11222	11222	MRPL3	mitochondrialribosomalproteinL3	
11226	11226	11226	GALNT6	UDP-N-acetyl-alpha-D-galactosamine:polypeptideN-acetylgalactosaminyltransferase6(GalNAc-T6)	
11228	11228	11228	RASSF8	Rasassociation(RalGDS/AF-6)domainfamily(N-terminal)member8	
1123	1123	1123	CHN1	chimerin(chimaerin)1	
11230	11230	11230	PRAF2	PRA1domainfamily,member2	
11231	11231	11231	SEC63	SEC63homolog(S.cerevisiae)	
11232	11232	11232	POLG2	polymerase(DNAdirected),gamma2,accessorysubunit	
11234	11234	11234	HPS5	Hermansky-Pudlaksyndrome5	
11235	11235	11235	PDCD10	programmedcelldeath10	
11236	11236	11236	RNF139	ringfingerprotein139	
11237	11237	11237	RNF24	ringfingerprotein24	
11238	11238	11238	CA5B	carbonicanhydraseVB,mitochondrial	
112398	112398	112398	EGLN2	eglninehomolog2(C.elegans)	
112399	112399	112399	EGLN3	eglninehomolog3(C.elegans)	
1124	1124	1124	CHN2	chimerin(chimaerin)2	
11243	11243	11243	PMF1	polyamine-modulatedfactor1	
11245	11245	11245	GPR176	Gprotein-coupledreceptor176	
112464	112464	112464	PRKCDBP	proteinkinaseC,deltabindingprotein	
11247	11247	11247	NXPH4	neurexophilin4	
11248	11248	11248	NXPH3	neurexophilin3	
11250	11250	11250	GPR45	Gprotein-coupledreceptor45	
11251	11251	11251	GPR44	Gprotein-coupledreceptor44	
11252	11252	11252	PACSIN2	proteinkinaseCandcaseinkinasesubstrateinneurons2	
11253	11253	11253	MAN1B1	mannosidase,alpha,class1B,member1	
11254	11254	11254	SLC6A14	solutecarrierfamily6(aminoacidtransporter),member14	
11255	11255	11255	HRH3	histaminereceptorH3	
11258	11258	11258	DCTN3	dynactin3(p22)	
11259	11259	11259	FILIP1L	filaminAinteractingprotein1-like	
11260	11260	11260	XPOT	exportin,tRNA(nuclearexportreceptorfortRNAs)	
11261	11261	11261	CHP	calciumbindingproteinP22	
112611	112611	112611	RWDD2A	RWDdomaincontaining2A	
11262	11262	11262	SP140	SP140nuclearbodyprotein	
11264	11264	11264	PXMP4	peroxisomalmembraneprotein4,24kDa	
11266	11266	11266	DUSP12	dualspecificityphosphatase12	
11267	11267	11267	SNF8	SNF8,ESCRT-IIcomplexsubunit,homolog(S.cerevisiae)	
11272	11272	11272	PRR4	prolinerich4(lacrimal)	
11273	11273	11273	ATXN2L	ataxin2-like	
11275	11275	11275	KLHL2	kelch-like2,Mayven(Drosophila)	
11277	11277	11277	TREX1	threeprimerepairexonuclease1	
11278	11278	11278	KLF12	Kruppel-likefactor12	
11279	11279	11279	KLF8	Kruppel-likefactor8	
11280	11280	11280	SCN11A	sodiumchannel,voltage-gated,typeXI,alphasubunit	
11281	11281	11281	POU6F2	POUclass6homeobox2	
11282	11282	11282	MGAT4B	mannosyl(alpha-1,3-)-glycoproteinbeta-1,4-N-acetylglucosaminyltransferase,isozymeB	
11283	11283	11283	CYP4F8	cytochromeP450,family4,subfamilyF,polypeptide8	
11284	11284	11284	PNKP	polynucleotidekinase3'-phosphatase	
11285	11285	11285	B4GALT7	xylosylproteinbeta1,4-galactosyltransferase,polypeptide7(galactosyltransferaseI)	
112869	112869	112869	CCDC101	coiled-coildomaincontaining101	
1129	1129	1129	CHRM2	cholinergicreceptor,muscarinic2	
112950	112950	112950	MED8	mediatorcomplexsubunit8	
113	113	113	ADCY7	adenylatecyclase7	
1130	1130	1130	LYST	lysosomaltraffickingregulator	
11309	11309	11309	SLCO2B1	solutecarrierorganicaniontransporterfamily,member2B1	
11311	11311	11311	VPS45	vacuolarproteinsorting45homolog(S.cerevisiae)	
11313	11313	11313	LYPLA2	lysophospholipaseII	
11314	11314	11314	CD300A	CD300amolecule	
113146	113146	113146	AHNAK2	AHNAKnucleoprotein2	
11315	11315	11315	PARK7	Parkinsondisease(autosomalrecessive,earlyonset)7	
11316	11316	11316	COPE	coatomerproteincomplex,subunitepsilon	
11317	11317	11317	RBPJL	recombinationsignalbindingproteinforimmunoglobulinkappaJregion-like	
113177	113177	113177	C19orf36	chromosome19openreadingframe36	
113178	113178	113178	SCAMP4	secretorycarriermembraneprotein4	
11318	11318	11318	GPR182	Gprotein-coupledreceptor182	
11319	11319	11319	ECD	ecdysonelesshomolog(Drosophila)	
1132	1132	1132	CHRM4	cholinergicreceptor,muscarinic4	
11320	11320	11320	MGAT4A	mannosyl(alpha-1,3-)-glycoproteinbeta-1,4-N-acetylglucosaminyltransferase,isozymeA	
11321	11321	11321	GPN1	GPN-loopGTPase1	
11322	11322	11322	TMC6	transmembranechannel-like6	
11325	11325	11325	DDX42	DEAD(Asp-Glu-Ala-Asp)boxpolypeptide42	
113251	113251	113251	LARP4	Laribonucleoproteindomainfamily,member4	
11326	11326	11326	VSIG4	V-setandimmunoglobulindomaincontaining4	
11329	11329	11329	STK38	serine/threoninekinase38	
1133	1133	1133	CHRM5	cholinergicreceptor,muscarinic5	
11330	11330	11330	CTRC	chymotrypsinC(caldecrin)	
11331	11331	11331	PHB2	prohibitin2	
11332	11332	11332	ACOT7	acyl-CoAthioesterase7	
11333	11333	11333	PDAP1	PDGFAassociatedprotein1	
11334	11334	11334	TUSC2	tumorsuppressorcandidate2	
11335	11335	11335	CBX3	chromoboxhomolog3(HP1gammahomolog,Drosophila)	
11336	11336	11336	EXOC3	exocystcomplexcomponent3	
11337	11337	11337	GABARAP	GABA(A)receptor-associatedprotein	
11338	11338	11338	U2AF2	U2smallnuclearRNAauxiliaryfactor2	
11339	11339	11339	OIP5	Opainteractingprotein5	
1134	1134	1134	CHRNA1	cholinergicreceptor,nicotinic,alpha1(muscle)	
11340	11340	11340	EXOSC8	exosomecomponent8	
11341	11341	11341	SCRG1	stimulatorofchondrogenesis1	
113419	113419	113419	TEX261	testisexpressed261	
11342	11342	11342	RNF13	ringfingerprotein13	
11343	11343	11343	MGLL	monoglyceridelipase	
11344	11344	11344	TWF2	twinfilin,actin-bindingprotein,homolog2(Drosophila)	
11345	11345	11345	GABARAPL2	GABA(A)receptor-associatedprotein-like2	
1135	1135	1135	CHRNA2	cholinergicreceptor,nicotinic,alpha2(neuronal)	
1136	1136	1136	CHRNA3	cholinergicreceptor,nicotinic,alpha3	
1137	1137	1137	CHRNA4	cholinergicreceptor,nicotinic,alpha4	
113791	113791	113791	PIK3IP1	phosphoinositide-3-kinaseinteractingprotein1	
1138	1138	1138	CHRNA5	cholinergicreceptor,nicotinic,alpha5	
113835	113835	113835	ZNF257	zincfingerprotein257	
113878	113878	113878	DTX2	deltexhomolog2(Drosophila)	
114	114	114	ADCY8	adenylatecyclase8(brain)	
1140	1140	1140	CHRNB1	cholinergicreceptor,nicotinic,beta1(muscle)	
114034	114034	114034	TOE1	targetofEGR1,member1(nuclear)	
114044	114044	114044	MCM3APAS	MCM3APantisenseRNA(non-proteincoding)	
114049	114049	114049	WBSCR22	WilliamsBeurensyndromechromosomeregion22	
114088	114088	114088	TRIM9	tripartitemotif-containing9	
1141	1141	1141	CHRNB2	cholinergicreceptor,nicotinic,beta2(neuronal)	
114112	114112	114112	TXNRD3	thioredoxinreductase3	
1142	1142	1142	CHRNB3	cholinergicreceptor,nicotinic,beta3	
1143	1143	1143	CHRNB4	cholinergicreceptor,nicotinic,beta4	
114327	114327	114327	EFHC1	EF-handdomain(C-terminal)containing1	
1144	1144	1144	CHRND	cholinergicreceptor,nicotinic,delta	
1145	1145	1145	CHRNE	cholinergicreceptor,nicotinic,epsilon	
114548	114548	114548	NLRP3	NLRfamily,pyrindomaincontaining3	
1146	1146	1146	CHRNG	cholinergicreceptor,nicotinic,gamma	
114625	114625	114625	ERMAP	erythroblastmembrane-associatedprotein(Sciannabloodgroup)	
1147	1147	1147	CHUK	conservedhelix-loop-helixubiquitouskinase	
114791	114791	114791	TUBGCP5	tubulin,gammacomplexassociatedprotein5	
114819	114819	114819	CROCCL2	ciliaryrootletcoiled-coil,rootletin-like2	
114876	114876	114876	OSBPL1A	oxysterolbindingprotein-like1A	
114881	114881	114881	OSBPL7	oxysterolbindingprotein-like7	
114882	114882	114882	OSBPL8	oxysterolbindingprotein-like8	
114883	114883	114883	OSBPL9	oxysterolbindingprotein-like9	
114884	114884	114884	OSBPL10	oxysterolbindingprotein-like10	
114885	114885	114885	OSBPL11	oxysterolbindingprotein-like11	
114897	114897	114897	C1QTNF1	C1qandtumornecrosisfactorrelatedprotein1	
114899	114899	114899	C1QTNF3	C1qandtumornecrosisfactorrelatedprotein3	
1149	1149	1149	CIDEA	celldeath-inducingDFFA-likeeffectora	
114908	114908	114908	TMEM123	transmembraneprotein123	
114932	114932	114932	MRFAP1L1	Morf4familyassociatedprotein1-like1	
115	115	115	ADCY9	adenylatecyclase9	
115123	115123	115123	MARCH3	membrane-associatedringfinger(C3HC4)3	
1152	1152	1152	CKB	creatinekinase,brain	
115201	115201	115201	ATG4A	ATG4autophagyrelated4homologA(S.cerevisiae)	
115207	115207	115207	KCTD12	potassiumchanneltetramerisationdomaincontaining12	
115290	115290	115290	FBXO17	F-boxprotein17	
1153	1153	1153	CIRBP	coldinducibleRNAbindingprotein	
115353	115353	115353	LRRC42	leucinerichrepeatcontaining42	
1154	1154	1154	CISH	cytokineinducibleSH2-containingprotein	
1155	1155	1155	TBCB	tubulinfoldingcofactorB	
115648	115648	115648	LOC115648	similar to hypothetical protein FLJ13659	
115653	115653	115653	KIR3DL3	killercellimmunoglobulin-likereceptor,threedomains,longcytoplasmictail,3	
115703	115703	115703	SNX26	sortingnexin26	
115708	115708	115708	TRMT61A	tRNAmethyltransferase61homologA(S.cerevisiae)	
1158	1158	1158	CKM	creatinekinase,muscle	
115817	115817	115817	DHRS1	dehydrogenase/reductase(SDRfamily)member1	
115939	115939	115939	C16orf42	chromosome16openreadingframe42	
116	116	116	ADCYAP1	adenylatecyclaseactivatingpolypeptide1(pituitary)	
1160	1160	1160	CKMT2	creatinekinase,mitochondrial2(sarcomeric)	
116039	116039	116039	OSR2	odd-skippedrelated2(Drosophila)	
1161	1161	1161	ERCC8	excisionrepaircross-complementingrodentrepairdeficiency,complementationgroup8	
116138	116138	116138	KLHDC3	kelchdomaincontaining3	
116285	116285	116285	ACSM1	acyl-CoAsynthetasemedium-chainfamilymember1	
116372	116372	116372	LYPD1	LY6/PLAURdomaincontaining1	
1164	1164	1164	CKS2	CDC28proteinkinaseregulatorysubunit2	
116496	116496	116496	FAM129A	familywithsequencesimilarity129,memberA	
116832	116832	116832	RPL39L	ribosomalproteinL39-like	
116984	116984	116984	ARAP2	ArfGAPwithRhoGAPdomain,ankyrinrepeatandPHdomain2	
116985	116985	116985	ARAP1	ArfGAPwithRhoGAPdomain,ankyrinrepeatandPHdomain1	
116986	116986	116986	AGAP2	ArfGAPwithGTPasedomain,ankyrinrepeatandPHdomain2	
116987	116987	116987	AGAP1	ArfGAPwithGTPasedomain,ankyrinrepeatandPHdomain1	
117	117	117	ADCYAP1R1	adenylatecyclaseactivatingpolypeptide1(pituitary)receptortypeI	
117153	117153	117153	MIA2	melanomainhibitoryactivity2	
117178	117178	117178	SSX2IP	synovialsarcoma,Xbreakpoint2interactingprotein	
117246	117246	117246	FTSJ3	FtsJhomolog3(E.coli)	
1173	1173	1173	AP2M1	adaptor-relatedproteincomplex2,mu1subunit	
1174	1174	1174	AP1S1	adaptor-relatedproteincomplex1,sigma1subunit	
1175	1175	1175	AP2S1	adaptor-relatedproteincomplex2,sigma1subunit	
1178	1178	1178	CLC	Charcot-Leydencrystalprotein	
1179	1179	1179	CLCA1	chloridechannelaccessory1	
118	118	118	ADD1	adducin1(alpha)	
1180	1180	1180	CLCN1	chloridechannel1,skeletalmuscle	
1181	1181	1181	CLCN2	chloridechannel2	
1182	1182	1182	CLCN3	chloridechannel3	
1183	1183	1183	CLCN4	chloridechannel4	
1184	1184	1184	CLCN5	chloridechannel5	
1185	1185	1185	CLCN6	chloridechannel6	
1186	1186	1186	CLCN7	chloridechannel7	
1188	1188	1188	CLCNKB	chloridechannelKb	
119	119	119	ADD2	adducin2(beta)	
1191	1191	1191	CLU	clusterin	
1192	1192	1192	CLIC1	chlorideintracellularchannel1	
1193	1193	1193	CLIC2	chlorideintracellularchannel2	
1195	1195	1195	CLK1	CDC-likekinase1	
1196	1196	1196	CLK2	CDC-likekinase2	
1198	1198	1198	CLK3	CDC-likekinase3	
12	12	12	SERPINA3	serpinpeptidaseinhibitor,cladeA(alpha-1antiproteinase,antitrypsin),member3	
120	120	120	ADD3	adducin3(gamma)	
1200	1200	1200	TPP1	tripeptidylpeptidaseI	
1201	1201	1201	CLN3	ceroid-lipofuscinosis,neuronal3	
1203	1203	1203	CLN5	ceroid-lipofuscinosis,neuronal5	
120526	120526	120526	DNAJC24	DnaJ(Hsp40)homolog,subfamilyC,member24	
1207	1207	1207	CLNS1A	chloridechannel,nucleotide-sensitive,1A	
1208	1208	1208	CLPS	colipase,pancreatic	
1209	1209	1209	CLPTM1	cleftlipandpalateassociatedtransmembraneprotein1	
1211	1211	1211	CLTA	clathrin,lightchain(Lca)	
1212	1212	1212	CLTB	clathrin,lightchain(Lcb)	
1213	1213	1213	CLTC	clathrin,heavychain(Hc)	
1215	1215	1215	CMA1	chymase1,mastcell	
122616	122616	122616	C14orf79	chromosome14openreadingframe79	
123	123	123	PLIN2	perilipin2	
1230	1230	1230	CCR1	chemokine(C-Cmotif)receptor1	
1232	1232	1232	CCR3	chemokine(C-Cmotif)receptor3	
1233	1233	1233	CCR4	chemokine(C-Cmotif)receptor4	
1234	1234	1234	CCR5	chemokine(C-Cmotif)receptor5	
1235	1235	1235	CCR6	chemokine(C-Cmotif)receptor6	
1236	1236	1236	CCR7	chemokine(C-Cmotif)receptor7	
1237	1237	1237	CCR8	chemokine(C-Cmotif)receptor8	
1238	1238	1238	CCBP2	chemokinebindingprotein2	
123803	123803	123803	NTAN1	N-terminalasparagineamidase	
123872	123872	123872	LRRC50	leucinerichrepeatcontaining50	
124	124	124	ADH1A	alcoholdehydrogenase1A(classI),alphapolypeptide	
1240	1240	1240	CMKLR1	chemokine-likereceptor1	
124044	124044	124044	SPATA2L	spermatogenesisassociated2-like	
1241	1241	1241	LTB4R	leukotrieneB4receptor	
124152	124152	124152	IQCK	IQmotifcontainingK	
124222	124222	124222	PAQR4	progestinandadipoQreceptorfamilymemberIV	
1244	1244	1244	ABCC2	ATP-bindingcassette,sub-familyC(CFTR/MRP),member2	
124565	124565	124565	SLC38A10	solutecarrierfamily38,member10	
124583	124583	124583	CANT1	calciumactivatednucleotidase1	
125	125	125	ADH1B	alcoholdehydrogenase1B(classI),betapolypeptide	
1258	1258	1258	CNGB1	cyclicnucleotidegatedchannelbeta1	
125893	125893	125893	ZNF816A	zincfingerprotein816A	
1259	1259	1259	CNGA1	cyclicnucleotidegatedchannelalpha1	
126	126	126	ADH1C	alcoholdehydrogenase1C(classI),gammapolypeptide	
1261	1261	1261	CNGA3	cyclicnucleotidegatedchannelalpha3	
126208	126208	126208	ZNF787	zincfingerprotein787	
126231	126231	126231	ZNF573	zincfingerprotein573	
126299	126299	126299	ZNF428	zincfingerprotein428	
1263	1263	1263	PLK3	polo-likekinase3(Drosophila)	
126353	126353	126353	C19orf21	chromosome19openreadingframe21	
126393	126393	126393	HSPB6	heatshockprotein,alpha-crystallin-related,B6	
1264	1264	1264	CNN1	calponin1,basic,smoothmuscle	
1265	1265	1265	CNN2	calponin2	
1266	1266	1266	CNN3	calponin3,acidic	
1267	1267	1267	CNP	2',3'-cyclicnucleotide3'phosphodiesterase	
1268	1268	1268	CNR1	cannabinoidreceptor1(brain)	
1269	1269	1269	CNR2	cannabinoidreceptor2(macrophage)	
1270	1270	1270	CNTF	ciliaryneurotrophicfactor	
1271	1271	1271	CNTFR	ciliaryneurotrophicfactorreceptor	
1272	1272	1272	CNTN1	contactin1	
127406	127406	127406	RPSAP20	ribosomalproteinSApseudogene20	
127544	127544	127544	RNF19B	ringfingerprotein19B	
1277	1277	1277	COL1A1	collagen,typeI,alpha1	
127703	127703	127703	C1orf216	chromosome1openreadingframe216	
1278	1278	1278	COL1A2	collagen,typeI,alpha2	
128	128	128	ADH5	alcoholdehydrogenase5(classIII),chipolypeptide	
1280	1280	1280	COL2A1	collagen,typeII,alpha1	
1281	1281	1281	COL3A1	collagen,typeIII,alpha1	
1282	1282	1282	COL4A1	collagen,typeIV,alpha1	
1284	1284	1284	COL4A2	collagen,typeIV,alpha2	
1285	1285	1285	COL4A3	collagen,typeIV,alpha3(Goodpastureantigen)	
1286	1286	1286	COL4A4	collagen,typeIV,alpha4	
1287	1287	1287	COL4A5	collagen,typeIV,alpha5	
1288	1288	1288	COL4A6	collagen,typeIV,alpha6	
128872	128872	128872	HMGB3L1	high-mobilitygroupbox3-like1	
1289	1289	1289	COL5A1	collagen,typeV,alpha1	
1290	1290	1290	COL5A2	collagen,typeV,alpha2	
129025	129025	129025	ZNF280A	zincfingerprotein280A	
129080	129080	129080	EMID1	EMIdomaincontaining1	
1291	1291	1291	COL6A1	collagen,typeVI,alpha1	
1292	1292	1292	COL6A2	collagen,typeVI,alpha2	
1293	1293	1293	COL6A3	collagen,typeVI,alpha3	
1294	1294	1294	COL7A1	collagen,typeVII,alpha1	
1296	1296	1296	COL8A2	collagen,typeVIII,alpha2	
1297	1297	1297	COL9A1	collagen,typeIX,alpha1	
1298	1298	1298	COL9A2	collagen,typeIX,alpha2	
1299	1299	1299	COL9A3	collagen,typeIX,alpha3	
13	13	13	AADAC	arylacetamidedeacetylase(esterase)	
130	130	130	ADH6	alcoholdehydrogenase6(classV)	
1300	1300	1300	COL10A1	collagen,typeX,alpha1	
130074	130074	130074	FAM168B	familywithsequencesimilarity168,memberB	
1301	1301	1301	COL11A1	collagen,typeXI,alpha1	
1302	1302	1302	COL11A2	collagen,typeXI,alpha2	
1305	1305	1305	COL13A1	collagen,typeXIII,alpha1	
1306	1306	1306	COL15A1	collagen,typeXV,alpha1	
1307	1307	1307	COL16A1	collagen,typeXVI,alpha1	
1308	1308	1308	COL17A1	collagen,typeXVII,alpha1	
130916	130916	130916	MTERFD2	MTERFdomaincontaining2	
131	131	131	ADH7	alcoholdehydrogenase7(classIV),muorsigmapolypeptide	
1310	1310	1310	COL19A1	collagen,typeXIX,alpha1	
1311	1311	1311	COMP	cartilageoligomericmatrixprotein	
1312	1312	1312	COMT	catechol-O-methyltransferase	
1314	1314	1314	COPA	coatomerproteincomplex,subunitalpha	
131408	131408	131408	FAM131A	familywithsequencesimilarity131,memberA	
1315	1315	1315	COPB1	coatomerproteincomplex,subunitbeta1	
131544	131544	131544	CRYBG3	beta-gammacrystallindomaincontaining3	
131566	131566	131566	DCBLD2	discoidin,CUBandLCCLdomaincontaining2	
131578	131578	131578	LRRC15	leucinerichrepeatcontaining15	
1316	1316	1316	KLF6	Kruppel-likefactor6	
131601	131601	131601	TPRA1	transmembraneprotein,adipocyteasscociated1	
1317	1317	1317	SLC31A1	solutecarrierfamily31(coppertransporters),member1	
1318	1318	1318	SLC31A2	solutecarrierfamily31(coppertransporters),member2	
132	132	132	ADK	adenosinekinase	
1326	1326	1326	MAP3K8	mitogen-activatedproteinkinasekinasekinase8	
1327	1327	1327	COX4I1	cytochromecoxidasesubunitIVisoform1	
1329	1329	1329	COX5B	cytochromecoxidasesubunitVb	
133	133	133	ADM	adrenomedullin	
133619	133619	133619	PRRC1	proline-richcoiled-coil1	
1339	1339	1339	COX6A2	cytochromecoxidasesubunitVIapolypeptide2	
134	134	134	ADORA1	adenosineA1receptor	
1340	1340	1340	COX6B1	cytochromecoxidasesubunitVibpolypeptide1(ubiquitous)	
1345	1345	1345	COX6C	cytochromecoxidasesubunitVIc	
1346	1346	1346	COX7A1	cytochromecoxidasesubunitVIIapolypeptide1(muscle)	
1347	1347	1347	COX7A2	cytochromecoxidasesubunitVIIapolypeptide2(liver)	
1349	1349	1349	COX7B	cytochromecoxidasesubunitVIIb	
135	135	135	ADORA2A	adenosineA2areceptor	
1350	1350	1350	COX7C	cytochromecoxidasesubunitVIIc	
1351	1351	1351	COX8A	cytochromecoxidasesubunit8A(ubiquitous)	
135138	135138	135138	PACRG	PARK2co-regulated	
1352	1352	1352	COX10	COX10homolog,cytochromecoxidaseassemblyprotein,hemeA:farnesyltransferase(yeast)	
1353	1353	1353	COX11	COX11homolog,cytochromecoxidaseassemblyprotein(yeast)	
1355	1355	1355	COX15	COX15homolog,cytochromecoxidaseassemblyprotein(yeast)	
1356	1356	1356	CP	ceruloplasmin(ferroxidase)	
1357	1357	1357	CPA1	carboxypeptidaseA1(pancreatic)	
1358	1358	1358	CPA2	carboxypeptidaseA2(pancreatic)	
1359	1359	1359	CPA3	carboxypeptidaseA3(mastcell)	
135948	135948	135948	OR2F2	olfactoryreceptor,family2,subfamilyF,member2	
136	136	136	ADORA2B	adenosineA2breceptor	
1360	1360	1360	CPB1	carboxypeptidaseB1(tissue)	
1361	1361	1361	CPB2	carboxypeptidaseB2(plasma)	
1362	1362	1362	CPD	carboxypeptidaseD	
1363	1363	1363	CPE	carboxypeptidaseE	
1364	1364	1364	CLDN4	claudin4	
1365	1365	1365	CLDN3	claudin3	
1366	1366	1366	CLDN7	claudin7	
1368	1368	1368	CPM	carboxypeptidaseM	
1369	1369	1369	CPN1	carboxypeptidaseN,polypeptide1	
1370	1370	1370	CPN2	carboxypeptidaseN,polypeptide2	
1371	1371	1371	CPOX	coproporphyrinogenoxidase	
1373	1373	1373	CPS1	carbamoyl-phosphatesynthetase1,mitochondrial	
1374	1374	1374	CPT1A	carnitinepalmitoyltransferase1A(liver)	
1375	1375	1375	CPT1B	carnitinepalmitoyltransferase1B(muscle)	
1376	1376	1376	CPT2	carnitinepalmitoyltransferase2	
1378	1378	1378	CR1	complementcomponent(3b/4b)receptor1(Knopsbloodgroup)	
137886	137886	137886	UBXN2B	UBXdomainprotein2B	
1380	1380	1380	CR2	complementcomponent(3d/EpsteinBarrvirus)receptor2	
138046	138046	138046	RALYL	RALYRNAbindingprotein-like	
138050	138050	138050	HGSNAT	heparan-alpha-glucosaminideN-acetyltransferase	
1381	1381	1381	CRABP1	cellularretinoicacidbindingprotein1	
138162	138162	138162	C9orf116	chromosome9openreadingframe116	
1382	1382	1382	CRABP2	cellularretinoicacidbindingprotein2	
1384	1384	1384	CRAT	carnitineacetyltransferase	
1385	1385	1385	CREB1	cAMPresponsiveelementbindingprotein1	
1386	1386	1386	ATF2	activatingtranscriptionfactor2	
1387	1387	1387	CREBBP	CREBbindingprotein	
1388	1388	1388	ATF6B	activatingtranscriptionfactor6beta	
1389	1389	1389	CREBL2	cAMPresponsiveelementbindingprotein-like2	
1390	1390	1390	CREM	cAMPresponsiveelementmodulator	
139081	139081	139081	MAGEC3	melanomaantigenfamilyC,3	
1392	1392	1392	CRH	corticotropinreleasinghormone	
1393	1393	1393	CRHBP	corticotropinreleasinghormonebindingprotein	
139322	139322	139322	APOOL	apolipoproteinO-like	
1394	1394	1394	CRHR1	corticotropinreleasinghormonereceptor1	
1395	1395	1395	CRHR2	corticotropinreleasinghormonereceptor2	
139538	139538	139538	VENTXP1	VENThomeobox(Xenopuslaevis)pseudogene1	
1396	1396	1396	CRIP1	cysteine-richprotein1(intestinal)	
1397	1397	1397	CRIP2	cysteine-richprotein2	
139748	139748	139748	KRT18P44	keratin18pseudogene44	
1398	1398	1398	CRK	v-crksarcomavirusCT10oncogenehomolog(avian)	
1399	1399	1399	CRKL	v-crksarcomavirusCT10oncogenehomolog(avian)-like	
14	14	14	AAMP	angio-associated,migratorycellprotein	
140	140	140	ADORA3	adenosineA3receptor	
1400	1400	1400	CRMP1	collapsinresponsemediatorprotein1	
1401	1401	1401	CRP	C-reactiveprotein,pentraxin-related	
1404	1404	1404	HAPLN1	hyaluronanandproteoglycanlinkprotein1	
140459	140459	140459	ASB6	ankyrinrepeatandSOCSbox-containing6	
140460	140460	140460	ASB7	ankyrinrepeatandSOCSbox-containing7	
140461	140461	140461	ASB8	ankyrinrepeatandSOCSbox-containing8	
140462	140462	140462	ASB9	ankyrinrepeatandSOCSbox-containing9	
140465	140465	140465	MYL6B	myosin,lightchain6B,alkali,smoothmuscleandnon-muscle	
140467	140467	140467	ZNF358	zincfingerprotein358	
140545	140545	140545	RNF32	ringfingerprotein32	
140578	140578	140578	CHODL	chondrolectin	
140597	140597	140597	TCEAL2	transcriptionelongationfactorA(SII)-like2	
1406	1406	1406	CRX	cone-rodhomeobox	
1407	1407	1407	CRY1	cryptochrome1(photolyase-like)	
1408	1408	1408	CRY2	cryptochrome2(photolyase-like)	
140801	140801	140801	RPL10L	ribosomalproteinL10-like	
140803	140803	140803	TRPM6	transientreceptorpotentialcationchannel,subfamilyM,member6	
140883	140883	140883	ZNF280B	zincfingerprotein280B	
140885	140885	140885	SIRPA	signal-regulatoryproteinalpha	
140890	140890	140890	SFRS12	splicingfactor,arginine/serine-rich12	
1409	1409	1409	CRYAA	crystallin,alphaA	
141	141	141	ADPRH	ADP-ribosylargininehydrolase	
1410	1410	1410	CRYAB	crystallin,alphaB	
1411	1411	1411	CRYBA1	crystallin,betaA1	
1412	1412	1412	CRYBA2	crystallin,betaA2	
1413	1413	1413	CRYBA4	crystallin,betaA4	
1414	1414	1414	CRYBB1	crystallin,betaB1	
1415	1415	1415	CRYBB2	crystallin,betaB2	
1417	1417	1417	CRYBB3	crystallin,betaB3	
1418	1418	1418	CRYGA	crystallin,gammaA	
1419	1419	1419	CRYGB	crystallin,gammaB	
142	142	142	PARP1	poly(ADP-ribose)polymerase1	
1420	1420	1420	CRYGC	crystallin,gammaC	
1421	1421	1421	CRYGD	crystallin,gammaD	
142684	142684	142684	RAB40A	RAB40A,memberRASoncogenefamily	
1428	1428	1428	CRYM	crystallin,mu	
1429	1429	1429	CRYZ	crystallin,zeta(quinonereductase)	
1431	1431	1431	CS	citratesynthase	
1432	1432	1432	MAPK14	mitogen-activatedproteinkinase14	
1434	1434	1434	CSE1L	CSE1chromosomesegregation1-like(yeast)	
1435	1435	1435	CSF1	colonystimulatingfactor1(macrophage)	
1436	1436	1436	CSF1R	colonystimulatingfactor1receptor	
1437	1437	1437	CSF2	colonystimulatingfactor2(granulocyte-macrophage)	
1440	1440	1440	CSF3	colonystimulatingfactor3(granulocyte)	
1441	1441	1441	CSF3R	colonystimulatingfactor3receptor(granulocyte)	
1442	1442	1442	CSH1	chorionicsomatomammotropinhormone1(placentallactogen)	
1443	1443	1443	CSH2	chorionicsomatomammotropinhormone2	
1444	1444	1444	CSHL1	chorionicsomatomammotropinhormone-like1	
1445	1445	1445	CSK	c-srctyrosinekinase	
1446	1446	1446	CSN1S1	caseinalphas1	
1447	1447	1447	CSN2	caseinbeta	
1448	1448	1448	CSN3	caseinkappa	
1452	1452	1452	CSNK1A1	caseinkinase1,alpha1	
1453	1453	1453	CSNK1D	caseinkinase1,delta	
145389	145389	145389	SLC38A6	solutecarrierfamily38,member6	
1454	1454	1454	CSNK1E	caseinkinase1,epsilon	
1455	1455	1455	CSNK1G2	caseinkinase1,gamma2	
1456	1456	1456	CSNK1G3	caseinkinase1,gamma3	
1457	1457	1457	CSNK2A1	caseinkinase2,alpha1polypeptide	
1459	1459	1459	CSNK2A2	caseinkinase2,alphaprimepolypeptide	
146	146	146	ADRA1D	adrenergic,alpha-1D-,receptor	
1460	1460	1460	CSNK2B	caseinkinase2,betapolypeptide	
1462	1462	1462	VCAN	versican	
1463	1463	1463	NCAN	neurocan	
1464	1464	1464	CSPG4	chondroitinsulfateproteoglycan4	
1465	1465	1465	CSRP1	cysteineandglycine-richprotein1	
146542	146542	146542	ZNF688	zincfingerprotein688	
146562	146562	146562	C16orf71	chromosome16openreadingframe71	
1466	1466	1466	CSRP2	cysteineandglycine-richprotein2	
146712	146712	146712	B3GNTL1	UDP-GlcNAc:betaGalbeta-1,3-N-acetylglucosaminyltransferase-like1	
1468	1468	1468	SLC25A10	solutecarrierfamily25(mitochondrialcarrier;dicarboxylatetransporter),member10	
1469	1469	1469	CST1	cystatinSN	
147	147	147	ADRA1B	adrenergic,alpha-1B-,receptor	
1470	1470	1470	CST2	cystatinSA	
1471	1471	1471	CST3	cystatinC	
147179	147179	147179	WIPF2	WAS/WASLinteractingproteinfamily,member2	
1472	1472	1472	CST4	cystatinS	
1473	1473	1473	CST5	cystatinD	
147339	147339	147339	C18orf25	chromosome18openreadingframe25	
1474	1474	1474	CST6	cystatinE/M	
1475	1475	1475	CSTA	cystatinA(stefinA)	
1476	1476	1476	CSTB	cystatinB(stefinB)	
147657	147657	147657	ZNF480	zincfingerprotein480	
1477	1477	1477	CSTF1	cleavagestimulationfactor,3'pre-RNA,subunit1,50kDa	
1478	1478	1478	CSTF2	cleavagestimulationfactor,3'pre-RNA,subunit2,64kDa	
1479	1479	1479	CSTF3	cleavagestimulationfactor,3'pre-RNA,subunit3,77kDa	
147912	147912	147912	SIX5	SIXhomeobox5	
148	148	148	ADRA1A	adrenergic,alpha-1A-,receptor	
148022	148022	148022	TICAM1	toll-likereceptoradaptormolecule1	
148066	148066	148066	ZNRF4	zincandringfinger4	
1482	1482	1482	NKX2-5	NK2transcriptionfactorrelated,locus5(Drosophila)	
148229	148229	148229	ATP8B3	ATPase,classI,type8B,member3	
1486	1486	1486	CTBS	chitobiase,di-N-acetyl-	
1487	1487	1487	CTBP1	C-terminalbindingprotein1	
148753	148753	148753	FAM163A	familywithsequencesimilarity163,memberA	
1488	1488	1488	CTBP2	C-terminalbindingprotein2	
1489	1489	1489	CTF1	cardiotrophin1	
1490	1490	1490	CTGF	connectivetissuegrowthfactor	
1491	1491	1491	CTH	cystathionase(cystathioninegamma-lyase)	
149111	149111	149111	CNIH3	cornichonhomolog3(Drosophila)	
1493	1493	1493	CTLA4	cytotoxicT-lymphocyte-associatedprotein4	
1495	1495	1495	CTNNA1	catenin(cadherin-associatedprotein),alpha1,102kDa	
1496	1496	1496	CTNNA2	catenin(cadherin-associatedprotein),alpha2	
149603	149603	149603	RNF187	ringfingerprotein187	
1497	1497	1497	CTNS	cystinosis,nephropathic	
1499	1499	1499	CTNNB1	catenin(cadherin-associatedprotein),beta1,88kDa	
15	15	15	AANAT	arylalkylamineN-acetyltransferase	
150	150	150	ADRA2A	adrenergic,alpha-2A-,receptor	
1500	1500	1500	CTNND1	catenin(cadherin-associatedprotein),delta1	
150094	150094	150094	SIK1	salt-induciblekinase1	
1501	1501	1501	CTNND2	catenin(cadherin-associatedprotein),delta2(neuralplakophilin-relatedarm-repeatprotein)	
150160	150160	150160	CCT8L2	chaperonincontainingTCP1,subunit8(theta)-like2	
150244	150244	150244	ZDHHC8P	zincfinger,DHHC-typecontaining8pseudogene	
1503	1503	1503	CTPS	CTPsynthase	
1506	1506	1506	CTRL	chymotrypsin-like	
150726	150726	150726	FBXO41	F-boxprotein41	
1508	1508	1508	CTSB	cathepsinB	
1509	1509	1509	CTSD	cathepsinD	
151	151	151	ADRA2B	adrenergic,alpha-2B-,receptor	
1510	1510	1510	CTSE	cathepsinE	
151011	151011	151011	SEPT10	septin10	
151050	151050	151050	C2orf67	chromosome2openreadingframe67	
1511	1511	1511	CTSG	cathepsinG	
1512	1512	1512	CTSH	cathepsinH	
1513	1513	1513	CTSK	cathepsinK	
1514	1514	1514	CTSL1	cathepsinL1	
1515	1515	1515	CTSL2	cathepsinL2	
1519	1519	1519	CTSO	cathepsinO	
151987	151987	151987	PPP4R2	proteinphosphatase4,regulatorysubunit2	
152	152	152	ADRA2C	adrenergic,alpha-2C-,receptor	
1520	1520	1520	CTSS	cathepsinS	
152006	152006	152006	RNF38	ringfingerprotein38	
152015	152015	152015	ROPN1B	ropporin,rhophilinassociatedprotein1B	
1521	1521	1521	CTSW	cathepsinW	
152185	152185	152185	CCDC52	coiled-coildomaincontaining52	
1522	1522	1522	CTSZ	cathepsinZ	
1523	1523	1523	CUX1	cut-likehomeobox1	
1524	1524	1524	CX3CR1	chemokine(C-X3-Cmotif)receptor1	
1525	1525	1525	CXADR	coxsackievirusandadenovirusreceptor	
152559	152559	152559	PAQR3	progestinandadipoQreceptorfamilymemberIII	
1528	1528	1528	CYB5A	cytochromeb5typeA(microsomal)	
153	153	153	ADRB1	adrenergic,beta-1-,receptor	
1534	1534	1534	CYB561	cytochromeb-561	
1535	1535	1535	CYBA	cytochromeb-245,alphapolypeptide	
1536	1536	1536	CYBB	cytochromeb-245,betapolypeptide	
1537	1537	1537	CYC1	cytochromec-1	
1538	1538	1538	CYLC1	cylicin,basicproteinofspermheadcytoskeleton1	
1539	1539	1539	CYLC2	cylicin,basicproteinofspermheadcytoskeleton2	
154	154	154	ADRB2	adrenergic,beta-2-,receptor,surface	
1540	1540	1540	CYLD	cylindromatosis(turbantumorsyndrome)	
1543	1543	1543	CYP1A1	cytochromeP450,family1,subfamilyA,polypeptide1	
1544	1544	1544	CYP1A2	cytochromeP450,family1,subfamilyA,polypeptide2	
1545	1545	1545	CYP1B1	cytochromeP450,family1,subfamilyB,polypeptide1	
154661	154661	154661	RUNDC3B	RUNdomaincontaining3B	
154754	154754	154754	TRY6	trypsinogenC	
154796	154796	154796	AMOT	angiomotin	
1548	1548	1548	CYP2A6	cytochromeP450,family2,subfamilyA,polypeptide6	
1549	1549	1549	CYP2A7	cytochromeP450,family2,subfamilyA,polypeptide7	
155	155	155	ADRB3	adrenergic,beta-3-,receptor	
155060	155060	155060	ZNF783	zincfingerfamilymember783	
155066	155066	155066	ATP6V0E2	ATPase,H+transportingV0subunite2	
1551	1551	1551	CYP3A7	cytochromeP450,family3,subfamilyA,polypeptide7	
1553	1553	1553	CYP2A13	cytochromeP450,family2,subfamilyA,polypeptide13	
155400	155400	155400	NSUN5B	NOL1/NOP2/Sundomainfamily,member5B	
1555	1555	1555	CYP2B6	cytochromeP450,family2,subfamilyB,polypeptide6	
1556	1556	1556	CYP2B7P1	cytochromeP450,family2,subfamilyB,polypeptide7pseudogene1	
1557	1557	1557	CYP2C19	cytochromeP450,family2,subfamilyC,polypeptide19	
1558	1558	1558	CYP2C8	cytochromeP450,family2,subfamilyC,polypeptide8	
1559	1559	1559	CYP2C9	cytochromeP450,family2,subfamilyC,polypeptide9	
156	156	156	ADRBK1	adrenergic,beta,receptorkinase1	
1562	1562	1562	CYP2C18	cytochromeP450,family2,subfamilyC,polypeptide18	
157	157	157	ADRBK2	adrenergic,beta,receptorkinase2	
1571	1571	1571	CYP2E1	cytochromeP450,family2,subfamilyE,polypeptide1	
1573	1573	1573	CYP2J2	cytochromeP450,family2,subfamilyJ,polypeptide2	
157567	157567	157567	ANKRD46	ankyrinrepeatdomain46	
1576	1576	1576	CYP3A4	cytochromeP450,family3,subfamilyA,polypeptide4	
157680	157680	157680	VPS13B	vacuolarproteinsorting13homologB(yeast)	
1577	1577	1577	CYP3A5	cytochromeP450,family3,subfamilyA,polypeptide5	
1579	1579	1579	CYP4A11	cytochromeP450,family4,subfamilyA,polypeptide11	
157922	157922	157922	CAMSAP1	calmodulinregulatedspectrin-associatedprotein1	
158	158	158	ADSL	adenylosuccinatelyase	
1580	1580	1580	CYP4B1	cytochromeP450,family4,subfamilyB,polypeptide1	
1581	1581	1581	CYP7A1	cytochromeP450,family7,subfamilyA,polypeptide1	
1583	1583	1583	CYP11A1	cytochromeP450,family11,subfamilyA,polypeptide1	
1584	1584	1584	CYP11B1	cytochromeP450,family11,subfamilyB,polypeptide1	
158427	158427	158427	TSTD2	thiosulfatesulfurtransferase(rhodanese)-likedomaincontaining2	
1585	1585	1585	CYP11B2	cytochromeP450,family11,subfamilyB,polypeptide2	
158586	158586	158586	ZXDB	zincfinger,X-linked,duplicatedB	
1586	1586	1586	CYP17A1	cytochromeP450,family17,subfamilyA,polypeptide1	
1587	1587	1587	ADAM3A	ADAMmetallopeptidasedomain3A(cyritestin1)	
158747	158747	158747	MOSPD2	motilespermdomaincontaining2	
1588	1588	1588	CYP19A1	cytochromeP450,family19,subfamilyA,polypeptide1	
1589	1589	1589	CYP21A2	cytochromeP450,family21,subfamilyA,polypeptide2	
159	159	159	ADSS	adenylosuccinatesynthase	
1591	1591	1591	CYP24A1	cytochromeP450,family24,subfamilyA,polypeptide1	
1592	1592	1592	CYP26A1	cytochromeP450,family26,subfamilyA,polypeptide1	
1593	1593	1593	CYP27A1	cytochromeP450,family27,subfamilyA,polypeptide1	
1594	1594	1594	CYP27B1	cytochromeP450,family27,subfamilyB,polypeptide1	
1595	1595	1595	CYP51A1	cytochromeP450,family51,subfamilyA,polypeptide1	
16	16	16	AARS	alanyl-tRNAsynthetase	
1600	1600	1600	DAB1	disabledhomolog1(Drosophila)	
1601	1601	1601	DAB2	disabledhomolog2,mitogen-responsivephosphoprotein(Drosophila)	
1602	1602	1602	DACH1	dachshundhomolog1(Drosophila)	
1603	1603	1603	DAD1	defenderagainstcelldeath1	
1604	1604	1604	CD55	CD55molecule,decayacceleratingfactorforcomplement(Cromerbloodgroup)	
1605	1605	1605	DAG1	dystroglycan1(dystrophin-associatedglycoprotein1)	
160518	160518	160518	DENND5B	DENN/MADDdomaincontaining5B	
1606	1606	1606	DGKA	diacylglycerolkinase,alpha80kDa	
1607	1607	1607	DGKB	diacylglycerolkinase,beta90kDa	
1608	1608	1608	DGKG	diacylglycerolkinase,gamma90kDa	
1609	1609	1609	DGKQ	diacylglycerolkinase,theta110kDa	
161	161	161	AP2A2	adaptor-relatedproteincomplex2,alpha2subunit	
1610	1610	1610	DAO	D-amino-acidoxidase	
1611	1611	1611	DAP	death-associatedprotein	
1612	1612	1612	DAPK1	death-associatedproteinkinase1	
161291	161291	161291	TMEM30B	transmembraneprotein30B	
1613	1613	1613	DAPK3	death-associatedproteinkinase3	
1615	1615	1615	DARS	aspartyl-tRNAsynthetase	
1616	1616	1616	DAXX	death-domainassociatedprotein	
1618	1618	1618	DAZL	deletedinazoospermia-like	
162	162	162	AP1B1	adaptor-relatedproteincomplex1,beta1subunit	
1620	1620	1620	DBC1	deletedinbladdercancer1	
1621	1621	1621	DBH	dopaminebeta-hydroxylase(dopaminebeta-monooxygenase)	
1622	1622	1622	DBI	diazepambindinginhibitor(GABAreceptormodulator,acyl-CoenzymeAbindingprotein)	
162427	162427	162427	FAM134C	familywithsequencesimilarity134,memberC	
1627	1627	1627	DBN1	drebrin1	
1628	1628	1628	DBP	Dsiteofalbuminpromoter(albuminD-box)bindingprotein	
1629	1629	1629	DBT	dihydrolipoamidebranchedchaintransacylaseE2	
163	163	163	AP2B1	adaptor-relatedproteincomplex2,beta1subunit	
1630	1630	1630	DCC	deletedincolorectalcarcinoma	
163131	163131	163131	ZNF780B	zincfingerprotein780B	
1632	1632	1632	DCI	dodecenoyl-CoenzymeAdeltaisomerase(3,2trans-enoyl-CoenzymeAisomerase)	
1633	1633	1633	DCK	deoxycytidinekinase	
1634	1634	1634	DCN	decorin	
1635	1635	1635	DCTD	dCMPdeaminase	
1636	1636	1636	ACE	angiotensinIconvertingenzyme(peptidyl-dipeptidaseA)1	
1638	1638	1638	DCT	dopachrometautomerase(dopachromedelta-isomerase,tyrosine-relatedprotein2)	
1639	1639	1639	DCTN1	dynactin1(p150,gluedhomolog,Drosophila)	
164	164	164	AP1G1	adaptor-relatedproteincomplex1,gamma1subunit	
1641	1641	1641	DCX	doublecortin	
1642	1642	1642	DDB1	damage-specificDNAbindingprotein1,127kDa	
1643	1643	1643	DDB2	damage-specificDNAbindingprotein2,48kDa	
1644	1644	1644	DDC	dopadecarboxylase(aromaticL-aminoaciddecarboxylase)	
1645	1645	1645	AKR1C1	aldo-ketoreductasefamily1,memberC1(dihydrodioldehydrogenase1;20-alpha(3-alpha)-hydroxysteroiddehydrogenase)	
1646	1646	1646	AKR1C2	aldo-ketoreductasefamily1,memberC2(dihydrodioldehydrogenase2;bileacidbindingprotein;3-alphahydroxysteroiddehydrogenase,typeIII)	
164656	164656	164656	TMPRSS6	transmembraneprotease,serine6	
1647	1647	1647	GADD45A	growtharrestandDNA-damage-inducible,alpha	
1649	1649	1649	DDIT3	DNA-damage-inducibletranscript3	
165	165	165	AEBP1	AEbindingprotein1	
1650	1650	1650	DDOST	dolichyl-diphosphooligosaccharide-proteinglycosyltransferase	
1652	1652	1652	DDT	D-dopachrometautomerase	
1653	1653	1653	DDX1	DEAD(Asp-Glu-Ala-Asp)boxpolypeptide1	
1654	1654	1654	DDX3X	DEAD(Asp-Glu-Ala-Asp)boxpolypeptide3,X-linked	
1655	1655	1655	DDX5	DEAD(Asp-Glu-Ala-Asp)boxpolypeptide5	
1656	1656	1656	DDX6	DEAD(Asp-Glu-Ala-Asp)boxpolypeptide6	
1657	1657	1657	DMXL1	Dmx-like1	
1659	1659	1659	DHX8	DEAH(Asp-Glu-Ala-His)boxpolypeptide8	
166	166	166	AES	amino-terminalenhancerofsplit	
1660	1660	1660	DHX9	DEAH(Asp-Glu-Ala-His)boxpolypeptide9	
1662	1662	1662	DDX10	DEAD(Asp-Glu-Ala-Asp)boxpolypeptide10	
1663	1663	1663	DDX11	DEAD/H(Asp-Glu-Ala-Asp/His)boxpolypeptide11(CHL1-likehelicasehomolog,S.cerevisiae)	
1665	1665	1665	DHX15	DEAH(Asp-Glu-Ala-His)boxpolypeptide15	
1666	1666	1666	DECR1	2,4-dienoylCoAreductase1,mitochondrial	
166647	166647	166647	GPR125	Gprotein-coupledreceptor125	
1669	1669	1669	DEFA4	defensin,alpha4,corticostatin	
167	167	167	CRISP1	cysteine-richsecretoryprotein1	
1670	1670	1670	DEFA5	defensin,alpha5,Panethcell-specific	
1671	1671	1671	DEFA6	defensin,alpha6,Panethcell-specific	
1672	1672	1672	DEFB1	defensin,beta1	
167227	167227	167227	DCP2	DCP2decappingenzymehomolog(S.cerevisiae)	
1674	1674	1674	DES	desmin	
1675	1675	1675	CFD	complementfactorD(adipsin)	
1676	1676	1676	DFFA	DNAfragmentationfactor,45kDa,alphapolypeptide	
1677	1677	1677	DFFB	DNAfragmentationfactor,40kDa,betapolypeptide(caspase-activatedDNase)	
1678	1678	1678	TIMM8A	translocaseofinnermitochondrialmembrane8homologA(yeast)	
168544	168544	168544	ZNF467	zincfingerprotein467	
1687	1687	1687	DFNA5	deafness,autosomaldominant5	
1690	1690	1690	COCH	coagulationfactorChomolog,cochlin(Limuluspolyphemus)	
169522	169522	169522	KCNV2	potassiumchannel,subfamilyV,member2	
169611	169611	169611	OLFML2A	olfactomedin-like2A	
170679	170679	170679	PSORS1C1	psoriasissusceptibility1candidate1	
170680	170680	170680	PSORS1C2	psoriasissusceptibility1candidate2	
171017	171017	171017	ZNF384	zincfingerprotein384	
171023	171023	171023	ASXL1	additionalsexcombslike1(Drosophila)	
171392	171392	171392	ZNF675	zincfingerprotein675	
171546	171546	171546	C14orf147	chromosome14openreadingframe147	
171558	171558	171558	PTCRA	preT-cellantigenreceptoralpha	
171586	171586	171586	ABHD3	abhydrolasedomaincontaining3	
1716	1716	1716	DGUOK	deoxyguanosinekinase	
1717	1717	1717	DHCR7	7-dehydrocholesterolreductase	
1718	1718	1718	DHCR24	24-dehydrocholesterolreductase	
1723	1723	1723	DHODH	dihydroorotatedehydrogenase	
1725	1725	1725	DHPS	deoxyhypusinesynthase	
1727	1727	1727	CYB5R3	cytochromeb5reductase3	
1728	1728	1728	NQO1	NAD(P)Hdehydrogenase,quinone1	
1729	1729	1729	DIAPH1	diaphanoushomolog1(Drosophila)	
173	173	173	AFM	afamin	
1730	1730	1730	DIAPH2	diaphanoushomolog2(Drosophila)	
1733	1733	1733	DIO1	deiodinase,iodothyronine,typeI	
1734	1734	1734	DIO2	deiodinase,iodothyronine,typeII	
1735	1735	1735	DIO3	deiodinase,iodothyronine,typeIII	
1736	1736	1736	DKC1	dyskeratosiscongenita1,dyskerin	
1737	1737	1737	DLAT	dihydrolipoamideS-acetyltransferase	
1738	1738	1738	DLD	dihydrolipoamidedehydrogenase	
1739	1739	1739	DLG1	discs,largehomolog1(Drosophila)	
174	174	174	AFP	alpha-fetoprotein	
1740	1740	1740	DLG2	discs,largehomolog2(Drosophila)	
1741	1741	1741	DLG3	discs,largehomolog3(Drosophila)	
1742	1742	1742	DLG4	discs,largehomolog4(Drosophila)	
1743	1743	1743	DLST	dihydrolipoamideS-succinyltransferase(E2componentof2-oxo-glutaratecomplex)	
1746	1746	1746	DLX2	distal-lesshomeobox2	
1748	1748	1748	DLX4	distal-lesshomeobox4	
1749	1749	1749	DLX5	distal-lesshomeobox5	
175	175	175	AGA	aspartylglucosaminidase	
1750	1750	1750	DLX6	distal-lesshomeobox6	
1755	1755	1755	DMBT1	deletedinmalignantbraintumors1	
1756	1756	1756	DMD	dystrophin	
1757	1757	1757	SARDH	sarcosinedehydrogenase	
1758	1758	1758	DMP1	dentinmatrixacidicphosphoprotein1	
1759	1759	1759	DNM1	dynamin1	
176	176	176	ACAN	aggrecan	
1760	1760	1760	DMPK	dystrophiamyotonica-proteinkinase	
1761	1761	1761	DMRT1	doublesexandmab-3relatedtranscriptionfactor1	
1762	1762	1762	DMWD	dystrophiamyotonica,WDrepeatcontaining	
1763	1763	1763	DNA2	DNAreplicationhelicase2homolog(yeast)	
177	177	177	AGER	advancedglycosylationendproduct-specificreceptor	
1770	1770	1770	DNAH9	dynein,axonemal,heavychain9	
1773	1773	1773	DNASE1	deoxyribonucleaseI	
1774	1774	1774	DNASE1L1	deoxyribonucleaseI-like1	
1775	1775	1775	DNASE1L2	deoxyribonucleaseI-like2	
1776	1776	1776	DNASE1L3	deoxyribonucleaseI-like3	
1777	1777	1777	DNASE2	deoxyribonucleaseII,lysosomal	
1778	1778	1778	DYNC1H1	dynein,cytoplasmic1,heavychain1	
178	178	178	AGL	amylo-1,6-glucosidase,4-alpha-glucanotransferase	
1780	1780	1780	DYNC1I1	dynein,cytoplasmic1,intermediatechain1	
1783	1783	1783	DYNC1LI2	dynein,cytoplasmic1,lightintermediatechain2	
1785	1785	1785	DNM2	dynamin2	
1786	1786	1786	DNMT1	DNA(cytosine-5-)-methyltransferase1	
1787	1787	1787	TRDMT1	tRNAasparticacidmethyltransferase1	
1788	1788	1788	DNMT3A	DNA(cytosine-5-)-methyltransferase3alpha	
1789	1789	1789	DNMT3B	DNA(cytosine-5-)-methyltransferase3beta	
1791	1791	1791	DNTT	deoxynucleotidyltransferase,terminal	
1793	1793	1793	DOCK1	dedicatorofcytokinesis1	
1794	1794	1794	DOCK2	dedicatorofcytokinesis2	
1795	1795	1795	DOCK3	dedicatorofcytokinesis3	
1796	1796	1796	DOK1	dockingprotein1,62kDa(downstreamoftyrosinekinase1)	
1797	1797	1797	DOM3Z	dom-3homologZ(C.elegans)	
1798	1798	1798	DPAGT1	dolichyl-phosphate(UDP-N-acetylglucosamine)N-acetylglucosaminephosphotransferase1(GlcNAc-1-Ptransferase)	
18	18	18	ABAT	4-aminobutyrateaminotransferase	
1800	1800	1800	DPEP1	dipeptidase1(renal)	
1802	1802	1802	DPH2	DPH2homolog(S.cerevisiae)	
1803	1803	1803	DPP4	dipeptidyl-peptidase4	
1804	1804	1804	DPP6	dipeptidyl-peptidase6	
1805	1805	1805	DPT	dermatopontin	
1806	1806	1806	DPYD	dihydropyrimidinedehydrogenase	
1807	1807	1807	DPYS	dihydropyrimidinase	
1808	1808	1808	DPYSL2	dihydropyrimidinase-like2	
1809	1809	1809	DPYSL3	dihydropyrimidinase-like3	
181	181	181	AGRP	agoutirelatedproteinhomolog(mouse)	
1810	1810	1810	DR1	down-regulatoroftranscription1,TBP-binding(negativecofactor2)	
1811	1811	1811	SLC26A3	solutecarrierfamily26,member3	
1812	1812	1812	DRD1	dopaminereceptorD1	
1813	1813	1813	DRD2	dopaminereceptorD2	
1814	1814	1814	DRD3	dopaminereceptorD3	
1815	1815	1815	DRD4	dopaminereceptorD4	
1816	1816	1816	DRD5	dopaminereceptorD5	
1819	1819	1819	DRG2	developmentallyregulatedGTPbindingprotein2	
182	182	182	JAG1	jagged1(Alagillesyndrome)	
1820	1820	1820	ARID3A	ATrichinteractivedomain3A(BRIGHT-like)	
1821	1821	1821	DRP2	dystrophinrelatedprotein2	
1822	1822	1822	ATN1	atrophin1	
1823	1823	1823	DSC1	desmocollin1	
1824	1824	1824	DSC2	desmocollin2	
1825	1825	1825	DSC3	desmocollin3	
1826	1826	1826	DSCAM	Downsyndromecelladhesionmolecule	
1827	1827	1827	RCAN1	regulatorofcalcineurin1	
1828	1828	1828	DSG1	desmoglein1	
183	183	183	AGT	angiotensinogen(serpinpeptidaseinhibitor,cladeA,member8)	
1830	1830	1830	DSG3	desmoglein3(pemphigusvulgarisantigen)	
1831	1831	1831	TSC22D3	TSC22domainfamily,member3	
1832	1832	1832	DSP	desmoplakin	
1833	1833	1833	EPYC	epiphycan	
1834	1834	1834	DSPP	dentinsialophosphoprotein	
1836	1836	1836	SLC26A2	solutecarrierfamily26(sulfatetransporter),member2	
1837	1837	1837	DTNA	dystrobrevin,alpha	
1838	1838	1838	DTNB	dystrobrevin,beta	
1839	1839	1839	HBEGF	heparin-bindingEGF-likegrowthfactor	
1841	1841	1841	DTYMK	deoxythymidylatekinase(thymidylatekinase)	
1842	1842	1842	ECM2	extracellularmatrixprotein2,femaleorganandadipocytespecific	
1843	1843	1843	DUSP1	dualspecificityphosphatase1	
1844	1844	1844	DUSP2	dualspecificityphosphatase2	
1845	1845	1845	DUSP3	dualspecificityphosphatase3	
1846	1846	1846	DUSP4	dualspecificityphosphatase4	
1847	1847	1847	DUSP5	dualspecificityphosphatase5	
1848	1848	1848	DUSP6	dualspecificityphosphatase6	
1849	1849	1849	DUSP7	dualspecificityphosphatase7	
185	185	185	AGTR1	angiotensinIIreceptor,type1	
1850	1850	1850	DUSP8	dualspecificityphosphatase8	
1852	1852	1852	DUSP9	dualspecificityphosphatase9	
1854	1854	1854	DUT	deoxyuridinetriphosphatase	
1855	1855	1855	DVL1	dishevelled,dshhomolog1(Drosophila)	
1856	1856	1856	DVL2	dishevelled,dshhomolog2(Drosophila)	
1857	1857	1857	DVL3	dishevelled,dshhomolog3(Drosophila)	
1859	1859	1859	DYRK1A	dual-specificitytyrosine-(Y)-phosphorylationregulatedkinase1A	
186	186	186	AGTR2	angiotensinIIreceptor,type2	
1861	1861	1861	TOR1A	torsinfamily1,memberA(torsinA)	
1869	1869	1869	E2F1	E2Ftranscriptionfactor1	
187	187	187	APLNR	apelinreceptor	
1870	1870	1870	E2F2	E2Ftranscriptionfactor2	
1871	1871	1871	E2F3	E2Ftranscriptionfactor3	
1874	1874	1874	E2F4	E2Ftranscriptionfactor4,p107/p130-binding	
1875	1875	1875	E2F5	E2Ftranscriptionfactor5,p130-binding	
1877	1877	1877	E4F1	E4Ftranscriptionfactor1	
1880	1880	1880	GPR183	Gprotein-coupledreceptor183	
1889	1889	1889	ECE1	endothelinconvertingenzyme1	
189	189	189	AGXT	alanine-glyoxylateaminotransferase	
1890	1890	1890	TYMP	thymidinephosphorylase	
1891	1891	1891	ECH1	enoylCoenzymeAhydratase1,peroxisomal	
1892	1892	1892	ECHS1	enoylCoenzymeAhydratase,shortchain,1,mitochondrial	
1893	1893	1893	ECM1	extracellularmatrixprotein1	
1894	1894	1894	ECT2	epithelialcelltransformingsequence2oncogene	
1896	1896	1896	EDA	ectodysplasinA	
19	19	19	ABCA1	ATP-bindingcassette,sub-familyA(ABC1),member1	
190	190	190	NR0B1	nuclearreceptorsubfamily0,groupB,member1	
1901	1901	1901	S1PR1	sphingosine-1-phosphatereceptor1	
1902	1902	1902	LPAR1	lysophosphatidicacidreceptor1	
1906	1906	1906	EDN1	endothelin1	
1907	1907	1907	EDN2	endothelin2	
1908	1908	1908	EDN3	endothelin3	
1909	1909	1909	EDNRA	endothelinreceptortypeA	
191	191	191	AHCY	adenosylhomocysteinase	
1910	1910	1910	EDNRB	endothelinreceptortypeB	
1912	1912	1912	PHC2	polyhomeotichomolog2(Drosophila)	
1917	1917	1917	EEF1A2	eukaryotictranslationelongationfactor1alpha2	
192286	192286	192286	HIGD2A	HIG1hypoxiainducibledomainfamily,member2A	
192666	192666	192666	KRT24	keratin24	
192669	192669	192669	EIF2C3	eukaryotictranslationinitiationfactor2C,3	
192670	192670	192670	EIF2C4	eukaryotictranslationinitiationfactor2C,4	
192683	192683	192683	SCAMP5	secretorycarriermembraneprotein5	
1936	1936	1936	EEF1D	eukaryotictranslationelongationfactor1delta(guaninenucleotideexchangeprotein)	
1938	1938	1938	EEF2	eukaryotictranslationelongationfactor2	
1939	1939	1939	LGTN	ligatin	
1942	1942	1942	EFNA1	ephrin-A1	
1943	1943	1943	EFNA2	ephrin-A2	
1944	1944	1944	EFNA3	ephrin-A3	
1945	1945	1945	EFNA4	ephrin-A4	
1946	1946	1946	EFNA5	ephrin-A5	
1947	1947	1947	EFNB1	ephrin-B1	
1948	1948	1948	EFNB2	ephrin-B2	
1949	1949	1949	EFNB3	ephrin-B3	
1950	1950	1950	EGF	epidermalgrowthfactor(beta-urogastrone)	
1951	1951	1951	CELSR3	cadherin,EGFLAGseven-passG-typereceptor3(flamingohomolog,Drosophila)	
1952	1952	1952	CELSR2	cadherin,EGFLAGseven-passG-typereceptor2(flamingohomolog,Drosophila)	
1953	1953	1953	MEGF6	multipleEGF-like-domains6	
1954	1954	1954	MEGF8	multipleEGF-like-domains8	
1955	1955	1955	MEGF9	multipleEGF-like-domains9	
1956	1956	1956	EGFR	epidermalgrowthfactorreceptor(erythroblasticleukemiaviral(v-erb-b)oncogenehomolog,avian)	
1958	1958	1958	EGR1	earlygrowthresponse1	
1959	1959	1959	EGR2	earlygrowthresponse2	
196	196	196	AHR	arylhydrocarbonreceptor	
1960	1960	1960	EGR3	earlygrowthresponse3	
1961	1961	1961	EGR4	earlygrowthresponse4	
1962	1962	1962	EHHADH	enoyl-CoenzymeA,hydratase/3-hydroxyacylCoenzymeAdehydrogenase	
1964	1964	1964	EIF1AX	eukaryotictranslationinitiationfactor1A,X-linked	
196403	196403	196403	DTX3	deltexhomolog3(Drosophila)	
196441	196441	196441	ZFC3H1	zincfinger,C3H1-typecontaining	
1965	1965	1965	EIF2S1	eukaryotictranslationinitiationfactor2,subunit1alpha,35kDa	
196515	196515	196515	FLJ30092	AF-1 specific protein phosphatase	
1967	1967	1967	EIF2B1	eukaryotictranslationinitiationfactor2B,subunit1alpha,26kDa	
196743	196743	196743	PAOX	polyamineoxidase(exo-N4-amino)	
196752	196752	196752	LOC196752	similar to CG32542-PA	
1969	1969	1969	EPHA2	EPHreceptorA2	
196993	196993	196993	LOC196993	hypotheticalproteinLOC196993	
197	197	197	AHSG	alpha-2-HS-glycoprotein	
1973	1973	1973	EIF4A1	eukaryotictranslationinitiationfactor4A,isoform1	
1974	1974	1974	EIF4A2	eukaryotictranslationinitiationfactor4A,isoform2	
1977	1977	1977	EIF4E	eukaryotictranslationinitiationfactor4E	
1978	1978	1978	EIF4EBP1	eukaryotictranslationinitiationfactor4Ebindingprotein1	
1979	1979	1979	EIF4EBP2	eukaryotictranslationinitiationfactor4Ebindingprotein2	
1981	1981	1981	EIF4G1	eukaryotictranslationinitiationfactor4gamma,1	
1982	1982	1982	EIF4G2	eukaryotictranslationinitiationfactor4gamma,2	
1983	1983	1983	EIF5	eukaryotictranslationinitiationfactor5	
1984	1984	1984	EIF5A	eukaryotictranslationinitiationfactor5A	
199	199	199	AIF1	allograftinflammatoryfactor1	
1991	1991	1991	ELANE	elastase,neutrophilexpressed	
1992	1992	1992	SERPINB1	serpinpeptidaseinhibitor,cladeB(ovalbumin),member1	
1993	1993	1993	ELAVL2	ELAV(embryoniclethal,abnormalvision,Drosophila)-like2(HuantigenB)	
1994	1994	1994	ELAVL1	ELAV(embryoniclethal,abnormalvision,Drosophila)-like1(HuantigenR)	
1995	1995	1995	ELAVL3	ELAV(embryoniclethal,abnormalvision,Drosophila)-like3(HuantigenC)	
1996	1996	1996	ELAVL4	ELAV(embryoniclethal,abnormalvision,Drosophila)-like4(HuantigenD)	
1997	1997	1997	ELF1	E74-likefactor1(etsdomaintranscriptionfactor)	
199731	199731	199731	CADM4	celladhesionmolecule4	
1998	1998	1998	ELF2	E74-likefactor2(etsdomaintranscriptionfactor)	
199870	199870	199870	FAM76A	familywithsequencesimilarity76,memberA	
1999	1999	1999	ELF3	E74-likefactor3(etsdomaintranscriptionfactor,epithelial-specific)	
2	2	2	A2M	alpha-2-macroglobulin	
20	20	20	ABCA2	ATP-bindingcassette,sub-familyA(ABC1),member2	
2000	2000	2000	ELF4	E74-likefactor4(etsdomaintranscriptionfactor)	
200081	200081	200081	TXLNA	taxilinalpha	
2001	2001	2001	ELF5	E74-likefactor5(etsdomaintranscriptionfactor)	
2002	2002	2002	ELK1	ELK1,memberofETSoncogenefamily	
200315	200315	200315	APOBEC3A	apolipoproteinBmRNAeditingenzyme,catalyticpolypeptide-like3A	
200316	200316	200316	APOBEC3F	apolipoproteinBmRNAeditingenzyme,catalyticpolypeptide-like3F	
2004	2004	2004	ELK3	ELK3,ETS-domainprotein(SRFaccessoryprotein2)	
200424	200424	200424	TET3	tetoncogenefamilymember3	
2005	2005	2005	ELK4	ELK4,ETS-domainprotein(SRFaccessoryprotein1)	
200576	200576	200576	PIKFYVE	phosphoinositidekinase,FYVEfingercontaining	
2006	2006	2006	ELN	elastin	
200734	200734	200734	SPRED2	sprouty-related,EVH1domaincontaining2	
2009	2009	2009	EML1	echinodermmicrotubuleassociatedproteinlike1	
2010	2010	2010	EMD	emerin	
2011	2011	2011	MARK2	MAP/microtubuleaffinity-regulatingkinase2	
201134	201134	201134	CCDC46	coiled-coildomaincontaining46	
2012	2012	2012	EMP1	epithelialmembraneprotein1	
201254	201254	201254	STRA13	stimulatedbyretinoicacid13homolog(mouse)	
2013	2013	2013	EMP2	epithelialmembraneprotein2	
2014	2014	2014	EMP3	epithelialmembraneprotein3	
2015	2015	2015	EMR1	egf-likemodulecontaining,mucin-like,hormonereceptor-like1	
201501	201501	201501	ZBTB7C	zincfingerandBTBdomaincontaining7C	
201562	201562	201562	PTPLB	proteintyrosinephosphatase-like(prolineinsteadofcatalyticarginine),memberb	
2016	2016	2016	EMX1	emptyspiracleshomeobox1	
2017	2017	2017	CTTN	cortactin	
2018	2018	2018	EMX2	emptyspiracleshomeobox2	
2019	2019	2019	EN1	engrailedhomeobox1	
202	202	202	AIM1	absentinmelanoma1	
2020	2020	2020	EN2	engrailedhomeobox2	
2021	2021	2021	ENDOG	endonucleaseG	
2022	2022	2022	ENG	endoglin	
2023	2023	2023	ENO1	enolase1,(alpha)	
202559	202559	202559	KHDRBS2	KHdomaincontaining,RNAbinding,signaltransductionassociated2	
2026	2026	2026	ENO2	enolase2(gamma,neuronal)	
2027	2027	2027	ENO3	enolase3(beta,muscle)	
2028	2028	2028	ENPEP	glutamylaminopeptidase(aminopeptidaseA)	
2029	2029	2029	ENSA	endosulfinealpha	
203	203	203	AK1	adenylatekinase1	
2030	2030	2030	SLC29A1	solutecarrierfamily29(nucleosidetransporters),member1	
203068	203068	203068	TUBB	tubulin,beta	
203069	203069	203069	R3HCC1	R3Hdomainandcoiled-coilcontaining1	
2033	2033	2033	EP300	E1Abindingproteinp300	
2034	2034	2034	EPAS1	endothelialPASdomainprotein1	
2035	2035	2035	EPB41	erythrocytemembraneproteinband4.1(elliptocytosis1,RH-linked)	
2036	2036	2036	EPB41L1	erythrocytemembraneproteinband4.1-like1	
2037	2037	2037	EPB41L2	erythrocytemembraneproteinband4.1-like2	
2038	2038	2038	EPB42	erythrocytemembraneproteinband4.2	
2039	2039	2039	EPB49	erythrocytemembraneproteinband4.9(dematin)	
204	204	204	AK2	adenylatekinase2	
2040	2040	2040	STOM	stomatin	
2041	2041	2041	EPHA1	EPHreceptorA1	
2042	2042	2042	EPHA3	EPHreceptorA3	
2043	2043	2043	EPHA4	EPHreceptorA4	
2044	2044	2044	EPHA5	EPHreceptorA5	
2045	2045	2045	EPHA7	EPHreceptorA7	
2047	2047	2047	EPHB1	EPHreceptorB1	
2048	2048	2048	EPHB2	EPHreceptorB2	
204851	204851	204851	HIPK1	homeodomaininteractingproteinkinase1	
2049	2049	2049	EPHB3	EPHreceptorB3	
2050	2050	2050	EPHB4	EPHreceptorB4	
2051	2051	2051	EPHB6	EPHreceptorB6	
2052	2052	2052	EPHX1	epoxidehydrolase1,microsomal(xenobiotic)	
2053	2053	2053	EPHX2	epoxidehydrolase2,cytoplasmic	
2054	2054	2054	STX2	syntaxin2	
2055	2055	2055	CLN8	ceroid-lipofuscinosis,neuronal8(epilepsy,progressivewithmentalretardation)	
205564	205564	205564	SENP5	SUMO1/sentrinspecificpeptidase5	
2056	2056	2056	EPO	erythropoietin	
2057	2057	2057	EPOR	erythropoietinreceptor	
2058	2058	2058	EPRS	glutamyl-prolyl-tRNAsynthetase	
2059	2059	2059	EPS8	epidermalgrowthfactorreceptorpathwaysubstrate8	
2060	2060	2060	EPS15	epidermalgrowthfactorreceptorpathwaysubstrate15	
2063	2063	2063	NR2F6	nuclearreceptorsubfamily2,groupF,member6	
206358	206358	206358	SLC36A1	solutecarrierfamily36(proton/aminoacidsymporter),member1	
2064	2064	2064	ERBB2	v-erb-b2erythroblasticleukemiaviraloncogenehomolog2,neuro/glioblastomaderivedoncogenehomolog(avian)	
2065	2065	2065	ERBB3	v-erb-b2erythroblasticleukemiaviraloncogenehomolog3(avian)	
2066	2066	2066	ERBB4	v-erb-aerythroblasticleukemiaviraloncogenehomolog4(avian)	
2067	2067	2067	ERCC1	excisionrepaircross-complementingrodentrepairdeficiency,complementationgroup1(includesoverlappingantisensesequence)	
2068	2068	2068	ERCC2	excisionrepaircross-complementingrodentrepairdeficiency,complementationgroup2	
2069	2069	2069	EREG	epiregulin	
207	207	207	AKT1	v-aktmurinethymomaviraloncogenehomolog1	
2070	2070	2070	EYA4	eyesabsenthomolog4(Drosophila)	
2071	2071	2071	ERCC3	excisionrepaircross-complementingrodentrepairdeficiency,complementationgroup3(xerodermapigmentosumgroupBcomplementing)	
2072	2072	2072	ERCC4	excisionrepaircross-complementingrodentrepairdeficiency,complementationgroup4	
2073	2073	2073	ERCC5	excisionrepaircross-complementingrodentrepairdeficiency,complementationgroup5	
2074	2074	2074	ERCC6	excisionrepaircross-complementingrodentrepairdeficiency,complementationgroup6	
2077	2077	2077	ERF	Ets2repressorfactor	
2078	2078	2078	ERG	v-etserythroblastosisvirusE26oncogenehomolog(avian)	
2079	2079	2079	ERH	enhancerofrudimentaryhomolog(Drosophila)	
208	208	208	AKT2	v-aktmurinethymomaviraloncogenehomolog2	
2081	2081	2081	ERN1	endoplasmicreticulumtonucleussignaling1	
2091	2091	2091	FBL	fibrillarin	
2098	2098	2098	ESD	esteraseD/formylglutathionehydrolase	
2099	2099	2099	ESR1	estrogenreceptor1	
21	21	21	ABCA3	ATP-bindingcassette,sub-familyA(ABC1),member3	
210	210	210	ALAD	aminolevulinate,delta-,dehydratase	
2100	2100	2100	ESR2	estrogenreceptor2(ERbeta)	
2101	2101	2101	ESRRA	estrogen-relatedreceptoralpha	
2104	2104	2104	ESRRG	estrogen-relatedreceptorgamma	
2107	2107	2107	ETF1	eukaryotictranslationterminationfactor1	
2108	2108	2108	ETFA	electron-transfer-flavoprotein,alphapolypeptide	
2109	2109	2109	ETFB	electron-transfer-flavoprotein,betapolypeptide	
211	211	211	ALAS1	aminolevulinate,delta-,synthase1	
2110	2110	2110	ETFDH	electron-transferring-flavoproteindehydrogenase	
2113	2113	2113	ETS1	v-etserythroblastosisvirusE26oncogenehomolog1(avian)	
2114	2114	2114	ETS2	v-etserythroblastosisvirusE26oncogenehomolog2(avian)	
2115	2115	2115	ETV1	etsvariant1	
2116	2116	2116	ETV2	etsvariant2	
2117	2117	2117	ETV3	etsvariant3	
2118	2118	2118	ETV4	etsvariant4	
2119	2119	2119	ETV5	etsvariant5	
212	212	212	ALAS2	aminolevulinate,delta-,synthase2	
2120	2120	2120	ETV6	etsvariant6	
2121	2121	2121	EVC	EllisvanCreveldsyndrome	
2122	2122	2122	MECOM	MDS1andEVI1complexlocus	
2123	2123	2123	EVI2A	ecotropicviralintegrationsite2A	
2124	2124	2124	EVI2B	ecotropicviralintegrationsite2B	
2125	2125	2125	EVPL	envoplakin	
2128	2128	2128	EVX1	even-skippedhomeobox1	
213	213	213	ALB	albumin	
2130	2130	2130	EWSR1	Ewingsarcomabreakpointregion1	
2131	2131	2131	EXT1	exostoses(multiple)1	
2132	2132	2132	EXT2	exostoses(multiple)2	
2134	2134	2134	EXTL1	exostoses(multiple)-like1	
2135	2135	2135	EXTL2	exostoses(multiple)-like2	
2137	2137	2137	EXTL3	exostoses(multiple)-like3	
2138	2138	2138	EYA1	eyesabsenthomolog1(Drosophila)	
2139	2139	2139	EYA2	eyesabsenthomolog2(Drosophila)	
214	214	214	ALCAM	activatedleukocytecelladhesionmolecule	
2140	2140	2140	EYA3	eyesabsenthomolog3(Drosophila)	
2145	2145	2145	EZH1	enhancerofzestehomolog1(Drosophila)	
2146	2146	2146	EZH2	enhancerofzestehomolog2(Drosophila)	
2147	2147	2147	F2	coagulationfactorII(thrombin)	
2149	2149	2149	F2R	coagulationfactorII(thrombin)receptor	
215	215	215	ABCD1	ATP-bindingcassette,sub-familyD(ALD),member1	
2150	2150	2150	F2RL1	coagulationfactorII(thrombin)receptor-like1	
2151	2151	2151	F2RL2	coagulationfactorII(thrombin)receptor-like2	
2152	2152	2152	F3	coagulationfactorIII(thromboplastin,tissuefactor)	
2153	2153	2153	F5	coagulationfactorV(proaccelerin,labilefactor)	
2155	2155	2155	F7	coagulationfactorVII(serumprothrombinconversionaccelerator)	
2157	2157	2157	F8	coagulationfactorVIII,procoagulantcomponent	
2158	2158	2158	F9	coagulationfactorIX	
2159	2159	2159	F10	coagulationfactorX	
216	216	216	ALDH1A1	aldehydedehydrogenase1family,memberA1	
2160	2160	2160	F11	coagulationfactorXI	
2161	2161	2161	F12	coagulationfactorXII(Hagemanfactor)	
2162	2162	2162	F13A1	coagulationfactorXIII,A1polypeptide	
2165	2165	2165	F13B	coagulationfactorXIII,Bpolypeptide	
2166	2166	2166	FAAH	fattyacidamidehydrolase	
2167	2167	2167	FABP4	fattyacidbindingprotein4,adipocyte	
2168	2168	2168	FABP1	fattyacidbindingprotein1,liver	
2169	2169	2169	FABP2	fattyacidbindingprotein2,intestinal	
217	217	217	ALDH2	aldehydedehydrogenase2family(mitochondrial)	
2170	2170	2170	FABP3	fattyacidbindingprotein3,muscleandheart(mammary-derivedgrowthinhibitor)	
2172	2172	2172	FABP6	fattyacidbindingprotein6,ileal	
2173	2173	2173	FABP7	fattyacidbindingprotein7,brain	
2175	2175	2175	FANCA	Fanconianemia,complementationgroupA	
2176	2176	2176	FANCC	Fanconianemia,complementationgroupC	
2178	2178	2178	FANCE	Fanconianemia,complementationgroupE	
218	218	218	ALDH3A1	aldehydedehydrogenase3family,memberA1	
2180	2180	2180	ACSL1	acyl-CoAsynthetaselong-chainfamilymember1	
2181	2181	2181	ACSL3	acyl-CoAsynthetaselong-chainfamilymember3	
2182	2182	2182	ACSL4	acyl-CoAsynthetaselong-chainfamilymember4	
2184	2184	2184	FAH	fumarylacetoacetatehydrolase(fumarylacetoacetase)	
2185	2185	2185	PTK2B	PTK2Bproteintyrosinekinase2beta	
2186	2186	2186	BPTF	bromodomainPHDfingertranscriptionfactor	
2188	2188	2188	FANCF	Fanconianemia,complementationgroupF	
2189	2189	2189	FANCG	Fanconianemia,complementationgroupG	
219	219	219	ALDH1B1	aldehydedehydrogenase1family,memberB1	
2191	2191	2191	FAP	fibroblastactivationprotein,alpha	
2192	2192	2192	FBLN1	fibulin1	
2193	2193	2193	FARSA	phenylalanyl-tRNAsynthetase,alphasubunit	
219333	219333	219333	USP12	ubiquitinspecificpeptidase12	
2194	2194	2194	FASN	fattyacidsynthase	
2195	2195	2195	FAT1	FATtumorsuppressorhomolog1(Drosophila)	
219595	219595	219595	FOLH1B	folatehydrolase1B	
2196	2196	2196	FAT2	FATtumorsuppressorhomolog2(Drosophila)	
219654	219654	219654	ZCCHC24	zincfinger,CCHCdomaincontaining24	
2197	2197	2197	FAU	Finkel-Biskis-Reillymurinesarcomavirus(FBR-MuSV)ubiquitouslyexpressed	
2199	2199	2199	FBLN2	fibulin2	
22	22	22	ABCB7	ATP-bindingcassette,sub-familyB(MDR/TAP),member7	
220	220	220	ALDH1A3	aldehydedehydrogenase1family,memberA3	
2200	2200	2200	FBN1	fibrillin1	
220077	220077	220077	LOC220077	dockingprotein1-likeprotein	
2201	2201	2201	FBN2	fibrillin2	
220134	220134	220134	C18orf24	chromosome18openreadingframe24	
2202	2202	2202	EFEMP1	EGF-containingfibulin-likeextracellularmatrixprotein1	
2203	2203	2203	FBP1	fructose-1,6-bisphosphatase1	
2204	2204	2204	FCAR	FcfragmentofIgA,receptorfor	
2205	2205	2205	FCER1A	FcfragmentofIgE,highaffinityI,receptorfor;alphapolypeptide	
2206	2206	2206	MS4A2	membrane-spanning4-domains,subfamilyA,member2(FcfragmentofIgE,highaffinityI,receptorfor;betapolypeptide)	
2207	2207	2207	FCER1G	FcfragmentofIgE,highaffinityI,receptorfor;gammapolypeptide	
2208	2208	2208	FCER2	FcfragmentofIgE,lowaffinityII,receptorfor(CD23)	
221	221	221	ALDH3B1	aldehydedehydrogenase3family,memberB1	
221037	221037	221037	JMJD1C	jumonjidomaincontaining1C	
221061	221061	221061	FAM171A1	familywithsequencesimilarity171,memberA1	
221092	221092	221092	HNRNPUL2	heterogeneousnuclearribonucleoproteinU-like2	
221154	221154	221154	EFHA1	EF-handdomainfamily,memberA1	
2213	2213	2213	FCGR2B	FcfragmentofIgG,lowaffinityIIb,receptor(CD32)	
221395	221395	221395	GPR116	Gprotein-coupledreceptor116	
221443	221443	221443	C6orf130	chromosome6openreadingframe130	
2215	2215	2215	FCGR3B	FcfragmentofIgG,lowaffinityIIIb,receptor(CD16b)	
221692	221692	221692	PHACTR1	phosphataseandactinregulator1	
2217	2217	2217	FCGRT	FcfragmentofIgG,receptor,transporter,alpha	
221749	221749	221749	C6orf145	chromosome6openreadingframe145	
2218	2218	2218	FKTN	fukutin	
221823	221823	221823	PRPS1L1	phosphoribosylpyrophosphatesynthetase1-like1	
221830	221830	221830	TWISTNB	TWISTneighbor	
2219	2219	2219	FCN1	ficolin(collagen/fibrinogendomaincontaining)1	
221981	221981	221981	THSD7A	thrombospondin,typeI,domaincontaining7A	
222	222	222	ALDH3B2	aldehydedehydrogenase3family,memberB2	
2220	2220	2220	FCN2	ficolin(collagen/fibrinogendomaincontaininglectin)2(hucolin)	
222161	222161	222161	DKFZP586I1420	hypotheticalproteinDKFZp586I1420	
2222	2222	2222	FDFT1	farnesyl-diphosphatefarnesyltransferase1	
222255	222255	222255	ATXN7L1	ataxin7-like1	
2224	2224	2224	FDPS	farnesyldiphosphatesynthase(farnesylpyrophosphatesynthetase,dimethylallyltranstransferase,geranyltranstransferase)	
222487	222487	222487	GPR97	Gprotein-coupledreceptor97	
222642	222642	222642	BZRPL1	benzodiazapinereceptor(peripheral)-like1	
222658	222658	222658	KCTD20	potassiumchanneltetramerisationdomaincontaining20	
223	223	223	ALDH9A1	aldehydedehydrogenase9family,memberA1	
2230	2230	2230	FDX1	ferredoxin1	
223117	223117	223117	SEMA3D	semadomain,immunoglobulindomain(Ig),shortbasicdomain,secreted,(semaphorin)3D	
2232	2232	2232	FDXR	ferredoxinreductase	
2235	2235	2235	FECH	ferrochelatase(protoporphyria)	
2237	2237	2237	FEN1	flapstructure-specificendonuclease1	
2239	2239	2239	GPC4	glypican4	
224	224	224	ALDH3A2	aldehydedehydrogenase3family,memberA2	
2241	2241	2241	FER	fer(fps/fesrelated)tyrosinekinase	
2242	2242	2242	FES	felinesarcomaoncogene	
2243	2243	2243	FGA	fibrinogenalphachain	
2244	2244	2244	FGB	fibrinogenbetachain	
2245	2245	2245	FGD1	FYVE,RhoGEFandPHdomaincontaining1	
2246	2246	2246	FGF1	fibroblastgrowthfactor1(acidic)	
2247	2247	2247	FGF2	fibroblastgrowthfactor2(basic)	
2248	2248	2248	FGF3	fibroblastgrowthfactor3(murinemammarytumorvirusintegrationsite(v-int-2)oncogenehomolog)	
225	225	225	ABCD2	ATP-bindingcassette,sub-familyD(ALD),member2	
2250	2250	2250	FGF5	fibroblastgrowthfactor5	
2251	2251	2251	FGF6	fibroblastgrowthfactor6	
2252	2252	2252	FGF7	fibroblastgrowthfactor7(keratinocytegrowthfactor)	
2253	2253	2253	FGF8	fibroblastgrowthfactor8(androgen-induced)	
2254	2254	2254	FGF9	fibroblastgrowthfactor9(glia-activatingfactor)	
2257	2257	2257	FGF12	fibroblastgrowthfactor12	
2258	2258	2258	FGF13	fibroblastgrowthfactor13	
2259	2259	2259	FGF14	fibroblastgrowthfactor14	
226	226	226	ALDOA	aldolaseA,fructose-bisphosphate	
2260	2260	2260	FGFR1	fibroblastgrowthfactorreceptor1	
2261	2261	2261	FGFR3	fibroblastgrowthfactorreceptor3	
2262	2262	2262	GPC5	glypican5	
2263	2263	2263	FGFR2	fibroblastgrowthfactorreceptor2	
2264	2264	2264	FGFR4	fibroblastgrowthfactorreceptor4	
2266	2266	2266	FGG	fibrinogengammachain	
2267	2267	2267	FGL1	fibrinogen-like1	
2268	2268	2268	FGR	Gardner-Rasheedfelinesarcomaviral(v-fgr)oncogenehomolog	
2271	2271	2271	FH	fumaratehydratase	
2272	2272	2272	FHIT	fragilehistidinetriadgene	
2273	2273	2273	FHL1	fourandahalfLIMdomains1	
2274	2274	2274	FHL2	fourandahalfLIMdomains2	
2275	2275	2275	FHL3	fourandahalfLIMdomains3	
2277	2277	2277	FIGF	c-fosinducedgrowthfactor(vascularendothelialgrowthfactorD)	
22794	22794	22794	CASC3	cancersusceptibilitycandidate3	
22795	22795	22795	NID2	nidogen2(osteonidogen)	
22796	22796	22796	COG2	componentofoligomericgolgicomplex2	
22797	22797	22797	TFEC	transcriptionfactorEC	
22798	22798	22798	LAMB4	laminin,beta4	
2280	2280	2280	FKBP1A	FK506bindingprotein1A,12kDa	
22800	22800	22800	RRAS2	relatedRASviral(r-ras)oncogenehomolog2	
22802	22802	22802	CLCA4	chloridechannelaccessory4	
22806	22806	22806	IKZF3	IKAROSfamilyzincfinger3(Aiolos)	
22807	22807	22807	IKZF2	IKAROSfamilyzincfinger2(Helios)	
22808	22808	22808	MRAS	muscleRASoncogenehomolog	
22809	22809	22809	ATF5	activatingtranscriptionfactor5	
2281	2281	2281	FKBP1B	FK506bindingprotein1B,12.6kDa	
22818	22818	22818	COPZ1	coatomerproteincomplex,subunitzeta1	
22820	22820	22820	COPG	coatomerproteincomplex,subunitgamma	
22821	22821	22821	RASA3	RASp21proteinactivator3	
22822	22822	22822	PHLDA1	pleckstrinhomology-likedomain,familyA,member1	
22823	22823	22823	MTF2	metalresponseelementbindingtranscriptionfactor2	
22824	22824	22824	HSPA4L	heatshock70kDaprotein4-like	
22826	22826	22826	DNAJC8	DnaJ(Hsp40)homolog,subfamilyC,member8	
22827	22827	22827	PUF60	poly-Ubindingsplicingfactor60KDa	
22828	22828	22828	RBM16	RNAbindingmotifprotein16	
22829	22829	22829	NLGN4Y	neuroligin4,Y-linked	
22832	22832	22832	KIAA1009	KIAA1009	
22834	22834	22834	ZNF652	zincfingerprotein652	
22835	22835	22835	ZFP30	zincfingerprotein30homolog(mouse)	
22836	22836	22836	RHOBTB3	Rho-relatedBTBdomaincontaining3	
22837	22837	22837	COBLL1	COBL-like1	
22838	22838	22838	RNF44	ringfingerprotein44	
22839	22839	22839	DLGAP4	discs,large(Drosophila)homolog-associatedprotein4	
22841	22841	22841	RAB11FIP2	RAB11familyinteractingprotein2(classI)	
22843	22843	22843	PPM1E	proteinphosphatase1E(PP2Cdomaincontaining)	
22844	22844	22844	FRMPD1	FERMandPDZdomaincontaining1	
22845	22845	22845	DOLK	dolicholkinase	
22846	22846	22846	VASH1	vasohibin1	
22848	22848	22848	AAK1	AP2associatedkinase1	
22849	22849	22849	CPEB3	cytoplasmicpolyadenylationelementbindingprotein3	
22850	22850	22850	ADNP2	ADNPhomeobox2	
22852	22852	22852	ANKRD26	ankyrinrepeatdomain26	
22853	22853	22853	LMTK2	lemurtyrosinekinase2	
22856	22856	22856	CHSY1	chondroitinsulfatesynthase1	
22858	22858	22858	ICK	intestinalcell(MAK-like)kinase	
22859	22859	22859	LPHN1	latrophilin1	
2286	2286	2286	FKBP2	FK506bindingprotein2,13kDa	
22861	22861	22861	NLRP1	NLRfamily,pyrindomaincontaining1	
22862	22862	22862	FNDC3A	fibronectintypeIIIdomaincontaining3A	
22863	22863	22863	KIAA0831	KIAA0831	
22864	22864	22864	R3HDM2	R3Hdomaincontaining2	
22865	22865	22865	SLITRK3	SLITandNTRK-likefamily,member3	
22868	22868	22868	FASTKD2	FASTkinasedomains2	
22869	22869	22869	ZNF510	zincfingerprotein510	
2287	2287	2287	FKBP3	FK506bindingprotein3,25kDa	
22870	22870	22870	SAPS1	SAPSdomainfamily,member1	
22871	22871	22871	NLGN1	neuroligin1	
22872	22872	22872	SEC31A	SEC31homologA(S.cerevisiae)	
22873	22873	22873	DZIP1	DAZinteractingprotein1	
22874	22874	22874	PLEKHA6	pleckstrinhomologydomaincontaining,familyAmember6	
22875	22875	22875	ENPP4	ectonucleotidepyrophosphatase/phosphodiesterase4(putativefunction)	
22876	22876	22876	INPP5F	inositolpolyphosphate-5-phosphataseF	
22877	22877	22877	MLXIP	MLXinteractingprotein	
22878	22878	22878	KIAA1012	KIAA1012	
22879	22879	22879	MON1B	MON1homologB(yeast)	
2288	2288	2288	FKBP4	FK506bindingprotein4,59kDa	
22880	22880	22880	MORC2	MORCfamilyCW-typezincfinger2	
22881	22881	22881	ANKRD6	ankyrinrepeatdomain6	
22882	22882	22882	ZHX2	zincfingersandhomeoboxes2	
22883	22883	22883	CLSTN1	calsyntenin1	
22884	22884	22884	WDR37	WDrepeatdomain37	
22885	22885	22885	ABLIM3	actinbindingLIMproteinfamily,member3	
22887	22887	22887	FOXJ3	forkheadboxJ3	
22888	22888	22888	UBOX5	U-boxdomaincontaining5	
22889	22889	22889	KIAA0907	KIAA0907	
2289	2289	2289	FKBP5	FK506bindingprotein5	
22890	22890	22890	ZBTB1	zincfingerandBTBdomaincontaining1	
22891	22891	22891	ZNF365	zincfingerprotein365	
22893	22893	22893	BAHD1	bromoadjacenthomologydomaincontaining1	
22894	22894	22894	DIS3	DIS3mitoticcontrolhomolog(S.cerevisiae)	
22897	22897	22897	CEP164	centrosomalprotein164kDa	
22898	22898	22898	DENND3	DENN/MADDdomaincontaining3	
22899	22899	22899	ARHGEF15	Rhoguaninenucleotideexchangefactor(GEF)15	
229	229	229	ALDOB	aldolaseB,fructose-bisphosphate	
2290	2290	2290	FOXG1	forkheadboxG1	
22900	22900	22900	CARD8	caspaserecruitmentdomainfamily,member8	
22902	22902	22902	RUFY3	RUNandFYVEdomaincontaining3	
22903	22903	22903	BTBD3	BTB(POZ)domaincontaining3	
22904	22904	22904	SBNO2	strawberrynotchhomolog2(Drosophila)	
22905	22905	22905	EPN2	epsin2	
22906	22906	22906	TRAK1	traffickingprotein,kinesinbinding1	
22907	22907	22907	DHX30	DEAH(Asp-Glu-Ala-His)boxpolypeptide30	
22908	22908	22908	SACM1L	SAC1suppressorofactinmutations1-like(yeast)	
22909	22909	22909	MTMR15	myotubularinrelatedprotein15	
22911	22911	22911	WDR47	WDrepeatdomain47	
22913	22913	22913	RALY	RNAbindingprotein,autoantigenic(hnRNP-associatedwithlethalyellowhomolog(mouse))	
22914	22914	22914	KLRK1	killercelllectin-likereceptorsubfamilyK,member1	
22915	22915	22915	MMRN1	multimerin1	
22916	22916	22916	NCBP2	nuclearcapbindingproteinsubunit2,20kDa	
22918	22918	22918	CD93	CD93molecule	
22919	22919	22919	MAPRE1	microtubule-associatedprotein,RP/EBfamily,member1	
22920	22920	22920	KIFAP3	kinesin-associatedprotein3	
22921	22921	22921	MSRB2	methioninesulfoxidereductaseB2	
22924	22924	22924	MAPRE3	microtubule-associatedprotein,RP/EBfamily,member3	
22925	22925	22925	PLA2R1	phospholipaseA2receptor1,180kDa	
22926	22926	22926	ATF6	activatingtranscriptionfactor6	
22927	22927	22927	HABP4	hyaluronanbindingprotein4	
22928	22928	22928	SEPHS2	selenophosphatesynthetase2	
22929	22929	22929	SEPHS1	selenophosphatesynthetase1	
22930	22930	22930	RAB3GAP1	RAB3GTPaseactivatingproteinsubunit1(catalytic)	
22933	22933	22933	SIRT2	sirtuin(silentmatingtypeinformationregulation2homolog)2(S.cerevisiae)	
22934	22934	22934	RPIA	ribose5-phosphateisomeraseA	
22936	22936	22936	ELL2	elongationfactor,RNApolymeraseII,2	
22937	22937	22937	SCAP	SREBFchaperone	
22938	22938	22938	SNW1	SNWdomaincontaining1	
2294	2294	2294	FOXF1	forkheadboxF1	
22941	22941	22941	SHANK2	SH3andmultipleankyrinrepeatdomains2	
22943	22943	22943	DKK1	dickkopfhomolog1(Xenopuslaevis)	
22944	22944	22944	KIN	KIN,antigenicdeterminantofrecAproteinhomolog(mouse)	
22948	22948	22948	CCT5	chaperonincontainingTCP1,subunit5(epsilon)	
2295	2295	2295	FOXF2	forkheadboxF2	
22953	22953	22953	P2RX2	purinergicreceptorP2X,ligand-gatedionchannel,2	
22954	22954	22954	TRIM32	tripartitemotif-containing32	
22955	22955	22955	SCMH1	sexcombonmidleghomolog1(Drosophila)	
2297	2297	2297	FOXD1	forkheadboxD1	
22974	22974	22974	TPX2	TPX2,microtubule-associated,homolog(Xenopuslaevis)	
22976	22976	22976	PAXIP1	PAXinteracting(withtranscription-activationdomain)protein1	
22977	22977	22977	AKR7A3	aldo-ketoreductasefamily7,memberA3(aflatoxinaldehydereductase)	
22978	22978	22978	NT5C2	5'-nucleotidase,cytosolicII	
22980	22980	22980	TCF25	transcriptionfactor25(basichelix-loop-helix)	
22981	22981	22981	NINL	ninein-like	
22982	22982	22982	DIP2C	DIP2disco-interactingprotein2homologC(Drosophila)	
22983	22983	22983	MAST1	microtubuleassociatedserine/threoninekinase1	
22984	22984	22984	PDCD11	programmedcelldeath11	
22985	22985	22985	ACIN1	apoptoticchromatincondensationinducer1	
22986	22986	22986	SORCS3	sortilin-relatedVPS10domaincontainingreceptor3	
22989	22989	22989	MYH15	myosin,heavychain15	
2299	2299	2299	FOXI1	forkheadboxI1	
22990	22990	22990	PCNX	pecanexhomolog(Drosophila)	
22992	22992	22992	KDM2A	lysine(K)-specificdemethylase2A	
22994	22994	22994	AZI1	5-azacytidineinduced1	
22995	22995	22995	CEP152	centrosomalprotein152kDa	
22996	22996	22996	TTC39A	tetratricopeptiderepeatdomain39A	
22997	22997	22997	IGSF9B	immunoglobulinsuperfamily,member9B	
22998	22998	22998	LIMCH1	LIMandcalponinhomologydomains1	
22999	22999	22999	RIMS1	regulatingsynapticmembraneexocytosis1	
23	23	23	ABCF1	ATP-bindingcassette,sub-familyF(GCN20),member1	
230	230	230	ALDOC	aldolaseC,fructose-bisphosphate	
2300	2300	2300	FOXL1	forkheadboxL1	
23001	23001	23001	WDFY3	WDrepeatandFYVEdomaincontaining3	
23002	23002	23002	DAAM1	dishevelledassociatedactivatorofmorphogenesis1	
23005	23005	23005	MAPKBP1	mitogen-activatedproteinkinasebindingprotein1	
23007	23007	23007	PLCH1	phospholipaseC,eta1	
23008	23008	23008	KLHDC10	kelchdomaincontaining10	
2301	2301	2301	FOXE3	forkheadboxE3	
23011	23011	23011	RAB21	RAB21,memberRASoncogenefamily	
23012	23012	23012	STK38L	serine/threoninekinase38like	
23013	23013	23013	SPEN	spenhomolog,transcriptionalregulator(Drosophila)	
23014	23014	23014	FBXO21	F-boxprotein21	
23015	23015	23015	GOLGA8A	golgiautoantigen,golginsubfamilya,8A	
23016	23016	23016	EXOSC7	exosomecomponent7	
23017	23017	23017	FAIM2	Fasapoptoticinhibitorymolecule2	
23019	23019	23019	CNOT1	CCR4-NOTtranscriptioncomplex,subunit1	
2302	2302	2302	FOXJ1	forkheadboxJ1	
23020	23020	23020	SNRNP200	smallnuclearribonucleoprotein200kDa(U5)	
23022	23022	23022	PALLD	palladin,cytoskeletalassociatedprotein	
23023	23023	23023	TMCC1	transmembraneandcoiled-coildomainfamily1	
23024	23024	23024	PDZRN3	PDZdomaincontainingringfinger3	
23025	23025	23025	UNC13A	unc-13homologA(C.elegans)	
23026	23026	23026	MYO16	myosinXVI	
23028	23028	23028	KDM1	lysine(K)-specificdemethylase1	
23029	23029	23029	RBM34	RNAbindingmotifprotein34	
2303	2303	2303	FOXC2	forkheadboxC2(MFH-1,mesenchymeforkhead1)	
23030	23030	23030	KDM4B	lysine(K)-specificdemethylase4B	
23031	23031	23031	MAST3	microtubuleassociatedserine/threoninekinase3	
23032	23032	23032	USP33	ubiquitinspecificpeptidase33	
23033	23033	23033	DOPEY1	dopeyfamilymember1	
23034	23034	23034	SAMD4A	sterilealphamotifdomaincontaining4A	
23035	23035	23035	PHLPP2	PHdomainandleucinerichrepeatproteinphosphatase2	
23036	23036	23036	ZNF292	zincfingerprotein292	
23037	23037	23037	PDZD2	PDZdomaincontaining2	
23038	23038	23038	WDTC1	WDandtetratricopeptiderepeats1	
23039	23039	23039	XPO7	exportin7	
2304	2304	2304	FOXE1	forkheadboxE1(thyroidtranscriptionfactor2)	
23040	23040	23040	MYT1L	myelintranscriptionfactor1-like	
23041	23041	23041	MON2	MON2homolog(S.cerevisiae)	
23042	23042	23042	PDXDC1	pyridoxal-dependentdecarboxylasedomaincontaining1	
23043	23043	23043	TNIK	TRAF2andNCKinteractingkinase	
23046	23046	23046	KIF21B	kinesinfamilymember21B	
23047	23047	23047	PDS5B	PDS5,regulatorofcohesionmaintenance,homologB(S.cerevisiae)	
23048	23048	23048	FNBP1	forminbindingprotein1	
23049	23049	23049	SMG1	SMG1homolog,phosphatidylinositol3-kinase-relatedkinase(C.elegans)	
2305	2305	2305	FOXM1	forkheadboxM1	
23051	23051	23051	ZHX3	zincfingersandhomeoboxes3	
23052	23052	23052	ENDOD1	endonucleasedomaincontaining1	
23053	23053	23053	KIAA0913	KIAA0913	
23054	23054	23054	NCOA6	nuclearreceptorcoactivator6	
23057	23057	23057	NMNAT2	nicotinamidenucleotideadenylyltransferase2	
23059	23059	23059	CLUAP1	clusterinassociatedprotein1	
2306	2306	2306	FOXD2	forkheadboxD2	
23060	23060	23060	ZNF609	zincfingerprotein609	
23061	23061	23061	TBC1D9B	TBC1domainfamily,member9B(withGRAMdomain)	
23062	23062	23062	GGA2	golgiassociated,gammaadaptinearcontaining,ARFbindingprotein2	
23063	23063	23063	WAPAL	wingsapart-likehomolog(Drosophila)	
23064	23064	23064	SETX	senataxin	
23065	23065	23065	KIAA0090	KIAA0090	
23066	23066	23066	CAND2	cullin-associatedandneddylation-dissociated2(putative)	
23067	23067	23067	SETD1B	SETdomaincontaining1B	
23070	23070	23070	FTSJD2	FtsJmethyltransferasedomaincontaining2	
23071	23071	23071	ERP44	endoplasmicreticulumprotein44	
23072	23072	23072	HECW1	HECT,C2andWWdomaincontainingE3ubiquitinproteinligase1	
23074	23074	23074	UHRF1BP1L	UHRF1bindingprotein1-like	
23075	23075	23075	SWAP70	SWAPswitchingB-cellcomplex70kDasubunit	
23076	23076	23076	RRP1B	ribosomalRNAprocessing1homologB(S.cerevisiae)	
23077	23077	23077	MYCBP2	MYCbindingprotein2	
23078	23078	23078	KIAA0564	KIAA0564	
2308	2308	2308	FOXO1	forkheadboxO1	
23080	23080	23080	AVL9	AVL9homolog(S.cerevisiase)	
23081	23081	23081	KDM4C	lysine(K)-specificdemethylase4C	
23082	23082	23082	PPRC1	peroxisomeproliferator-activatedreceptorgamma,coactivator-related1	
23085	23085	23085	ERC1	ELKS/RAB6-interacting/CASTfamilymember1	
23086	23086	23086	EXPH5	exophilin5	
23089	23089	23089	PEG10	paternallyexpressed10	
2309	2309	2309	FOXO3	forkheadboxO3	
23090	23090	23090	ZNF423	zincfingerprotein423	
23091	23091	23091	ZC3H13	zincfingerCCCH-typecontaining13	
23092	23092	23092	ARHGAP26	RhoGTPaseactivatingprotein26	
23093	23093	23093	TTLL5	tubulintyrosineligase-likefamily,member5	
23094	23094	23094	SIPA1L3	signal-inducedproliferation-associated1like3	
23095	23095	23095	KIF1B	kinesinfamilymember1B	
23096	23096	23096	IQSEC2	IQmotifandSec7domain2	
23097	23097	23097	CDC2L6	celldivisioncycle2-like6(CDK8-like)	
23098	23098	23098	SARM1	sterilealphaandTIRmotifcontaining1	
23099	23099	23099	ZBTB43	zincfingerandBTBdomaincontaining43	
231	231	231	AKR1B1	aldo-ketoreductasefamily1,memberB1(aldosereductase)	
23101	23101	23101	MCF2L2	MCF.2celllinederivedtransformingsequence-like2	
23102	23102	23102	TBC1D2B	TBC1domainfamily,member2B	
23105	23105	23105	FSTL4	follistatin-like4	
23107	23107	23107	MRPS27	mitochondrialribosomalproteinS27	
23108	23108	23108	GARNL4	GTPaseactivatingRap/RanGAPdomain-like4	
23109	23109	23109	DDN	dendrin	
23111	23111	23111	SPG20	spasticparaplegia20(Troyersyndrome)	
23112	23112	23112	TNRC6B	trinucleotiderepeatcontaining6B	
23113	23113	23113	CUL9	cullin9	
23114	23114	23114	NFASC	neurofascinhomolog(chicken)	
23116	23116	23116	FAM179B	familywithsequencesimilarity179,memberB	
23118	23118	23118	MAP3K7IP2	mitogen-activatedproteinkinasekinasekinase7interactingprotein2	
23119	23119	23119	HIC2	hypermethylatedincancer2	
2312	2312	2312	FLG	filaggrin	
23120	23120	23120	ATP10B	ATPase,classV,type10B	
23122	23122	23122	CLASP2	cytoplasmiclinkerassociatedprotein2	
23125	23125	23125	CAMTA2	calmodulinbindingtranscriptionactivator2	
23126	23126	23126	POGZ	pogotransposableelementwithZNFdomain	
23127	23127	23127	GLT25D2	glycosyltransferase25domaincontaining2	
23129	23129	23129	PLXND1	plexinD1	
2313	2313	2313	FLI1	Friendleukemiavirusintegration1	
23130	23130	23130	ATG2A	ATG2autophagyrelated2homologA(S.cerevisiae)	
23131	23131	23131	GPATCH8	Gpatchdomaincontaining8	
23132	23132	23132	RAD54L2	RAD54-like2(S.cerevisiae)	
23133	23133	23133	PHF8	PHDfingerprotein8	
23135	23135	23135	KDM6B	lysine(K)-specificdemethylase6B	
23136	23136	23136	EPB41L3	erythrocytemembraneproteinband4.1-like3	
23137	23137	23137	SMC5	structuralmaintenanceofchromosomes5	
23138	23138	23138	N4BP3	Nedd4bindingprotein3	
23139	23139	23139	MAST2	microtubuleassociatedserine/threoninekinase2	
2314	2314	2314	FLII	flightlessIhomolog(Drosophila)	
23140	23140	23140	ZZEF1	zincfinger,ZZ-typewithEF-handdomain1	
23141	23141	23141	ANKLE2	ankyrinrepeatandLEMdomaincontaining2	
23142	23142	23142	DCUN1D4	DCN1,defectiveincullinneddylation1,domaincontaining4(S.cerevisiae)	
23143	23143	23143	LRCH1	leucine-richrepeatsandcalponinhomology(CH)domaincontaining1	
23144	23144	23144	ZC3H3	zincfingerCCCH-typecontaining3	
23148	23148	23148	NACAD	NACalphadomaincontaining	
23149	23149	23149	FCHO1	FCHdomainonly1	
2315	2315	2315	MLANA	melan-A	
23150	23150	23150	FRMD4B	FERMdomaincontaining4B	
23151	23151	23151	GRAMD4	GRAMdomaincontaining4	
23152	23152	23152	CIC	capicuahomolog(Drosophila)	
23154	23154	23154	NCDN	neurochondrin	
23155	23155	23155	CLCC1	chloridechannelCLIC-like1	
23157	23157	23157	SEPT6	septin6	
23158	23158	23158	TBC1D9	TBC1domainfamily,member9(withGRAMdomain)	
2316	2316	2316	FLNA	filaminA,alpha	
23161	23161	23161	SNX13	sortingnexin13	
23162	23162	23162	MAPK8IP3	mitogen-activatedproteinkinase8interactingprotein3	
23163	23163	23163	GGA3	golgiassociated,gammaadaptinearcontaining,ARFbindingprotein3	
23164	23164	23164	MPRIP	myosinphosphataseRhointeractingprotein	
23165	23165	23165	NUP205	nucleoporin205kDa	
23166	23166	23166	STAB1	stabilin1	
23167	23167	23167	EFR3A	EFR3homologA(S.cerevisiae)	
23168	23168	23168	RTF1	Rtf1,Paf1/RNApolymeraseIIcomplexcomponent,homolog(S.cerevisiae)	
23169	23169	23169	SLC35D1	solutecarrierfamily35(UDP-glucuronicacid/UDP-N-acetylgalactosaminedualtransporter),memberD1	
2317	2317	2317	FLNB	filaminB,beta	
23170	23170	23170	TTLL12	tubulintyrosineligase-likefamily,member12	
23171	23171	23171	GPD1L	glycerol-3-phosphatedehydrogenase1-like	
23172	23172	23172	FAM175B	familywithsequencesimilarity175,memberB	
23173	23173	23173	METAP1	methionylaminopeptidase1	
23174	23174	23174	ZCCHC14	zincfinger,CCHCdomaincontaining14	
23175	23175	23175	LPIN1	lipin1	
23177	23177	23177	CEP68	centrosomalprotein68kDa	
23178	23178	23178	PASK	PASdomaincontainingserine/threoninekinase	
23179	23179	23179	RGL1	ralguaninenucleotidedissociationstimulator-like1	
2318	2318	2318	FLNC	filaminC,gamma	
23180	23180	23180	RFTN1	raftlin,lipidraftlinker1	
23185	23185	23185	LARP4B	Laribonucleoproteindomainfamily,member4B	
23187	23187	23187	PHLDB1	pleckstrinhomology-likedomain,familyB,member1	
23189	23189	23189	KANK1	KNmotifandankyrinrepeatdomains1	
2319	2319	2319	FLOT2	flotillin2	
23190	23190	23190	UBXN4	UBXdomainprotein4	
23191	23191	23191	CYFIP1	cytoplasmicFMR1interactingprotein1	
23192	23192	23192	ATG4B	ATG4autophagyrelated4homologB(S.cerevisiae)	
23193	23193	23193	GANAB	glucosidase,alpha;neutralAB	
23194	23194	23194	FBXL7	F-boxandleucine-richrepeatprotein7	
23196	23196	23196	FAM120A	familywithsequencesimilarity120A	
23197	23197	23197	FAF2	Fasassociatedfactorfamilymember2	
23198	23198	23198	PSME4	proteasome(prosome,macropain)activatorsubunit4	
23199	23199	23199	KIAA0182	KIAA0182	
23200	23200	23200	ATP11B	ATPase,classVI,type11B	
23203	23203	23203	PMPCA	peptidase(mitochondrialprocessing)alpha	
23204	23204	23204	ARL6IP1	ADP-ribosylationfactor-like6interactingprotein1	
23205	23205	23205	ACSBG1	acyl-CoAsynthetasebubblegumfamilymember1	
23207	23207	23207	PLEKHM2	pleckstrinhomologydomaincontaining,familyM(withRUNdomain)member2	
23208	23208	23208	SYT11	synaptotagminXI	
23209	23209	23209	MLC1	megalencephalicleukoencephalopathywithsubcorticalcysts1	
23210	23210	23210	JMJD6	jumonjidomaincontaining6	
23211	23211	23211	ZC3H4	zincfingerCCCH-typecontaining4	
23212	23212	23212	RRS1	RRS1ribosomebiogenesisregulatorhomolog(S.cerevisiae)	
23213	23213	23213	SULF1	sulfatase1	
23214	23214	23214	XPO6	exportin6	
23215	23215	23215	BAT2D1	BAT2domaincontaining1	
23216	23216	23216	TBC1D1	TBC1(tre-2/USP6,BUB2,cdc16)domainfamily,member1	
23217	23217	23217	ZFR2	zincfingerRNAbindingprotein2	
23218	23218	23218	NBEAL2	neurobeachin-like2	
23219	23219	23219	FBXO28	F-boxprotein28	
2322	2322	2322	FLT3	fms-relatedtyrosinekinase3	
23220	23220	23220	DTX4	deltexhomolog4(Drosophila)	
23221	23221	23221	RHOBTB2	Rho-relatedBTBdomaincontaining2	
23223	23223	23223	RRP12	ribosomalRNAprocessing12homolog(S.cerevisiae)	
23224	23224	23224	SYNE2	spectrinrepeatcontaining,nuclearenvelope2	
23225	23225	23225	NUP210	nucleoporin210kDa	
23228	23228	23228	PLCL2	phospholipaseC-like2	
23229	23229	23229	ARHGEF9	Cdc42guaninenucleotideexchangefactor(GEF)9	
2323	2323	2323	FLT3LG	fms-relatedtyrosinekinase3ligand	
23230	23230	23230	VPS13A	vacuolarproteinsorting13homologA(S.cerevisiae)	
23231	23231	23231	KIAA0746	KIAA0746protein	
23232	23232	23232	TBC1D12	TBC1domainfamily,member12	
23236	23236	23236	PLCB1	phospholipaseC,beta1(phosphoinositide-specific)	
23237	23237	23237	ARC	activity-regulatedcytoskeleton-associatedprotein	
23239	23239	23239	PHLPP1	PHdomainandleucinerichrepeatproteinphosphatase1	
2324	2324	2324	FLT4	fms-relatedtyrosinekinase4	
23240	23240	23240	KIAA0922	KIAA0922	
23242	23242	23242	COBL	cordon-bleuhomolog(mouse)	
23243	23243	23243	ANKRD28	ankyrinrepeatdomain28	
23244	23244	23244	PDS5A	PDS5,regulatorofcohesionmaintenance,homologA(S.cerevisiae)	
23245	23245	23245	ASTN2	astrotactin2	
23247	23247	23247	KIAA0556	KIAA0556	
23248	23248	23248	RPRD2	regulationofnuclearpre-mRNAdomaincontaining2	
23250	23250	23250	ATP11A	ATPase,classVI,type11A	
23251	23251	23251	KIAA1024	KIAA1024	
23252	23252	23252	OTUD3	OTUdomaincontaining3	
23253	23253	23253	ANKRD12	ankyrinrepeatdomain12	
23254	23254	23254	RP1-21O18.1	kazrin	
23256	23256	23256	SCFD1	sec1familydomaincontaining1	
23258	23258	23258	DENND5A	DENN/MADDdomaincontaining5A	
2326	2326	2326	FMO1	flavincontainingmonooxygenase1	
23261	23261	23261	CAMTA1	calmodulinbindingtranscriptionactivator1	
23262	23262	23262	HISPPD1	histidineacidphosphatasedomaincontaining1	
23264	23264	23264	ZC3H7B	zincfingerCCCH-typecontaining7B	
23265	23265	23265	EXOC7	exocystcomplexcomponent7	
23266	23266	23266	LPHN2	latrophilin2	
23269	23269	23269	MGA	MAXgeneassociated	
2327	2327	2327	FMO2	flavincontainingmonooxygenase2(non-functional)	
23270	23270	23270	TSPYL4	TSPY-like4	
23271	23271	23271	CAMSAP1L1	calmodulinregulatedspectrin-associatedprotein1-like1	
23272	23272	23272	C3orf63	chromosome3openreadingframe63	
23273	23273	23273	KIAA0367	KIAA0367	
23274	23274	23274	CLEC16A	C-typelectindomainfamily16,memberA	
23275	23275	23275	POFUT2	proteinO-fucosyltransferase2	
23276	23276	23276	KLHL18	kelch-like18(Drosophila)	
23277	23277	23277	KIAA0664	KIAA0664	
23279	23279	23279	NUP160	nucleoporin160kDa	
2328	2328	2328	FMO3	flavincontainingmonooxygenase3	
23281	23281	23281	KIAA0774	KIAA0774	
23283	23283	23283	CSTF2T	cleavagestimulationfactor,3'pre-RNA,subunit2,64kDa,tauvariant	
23284	23284	23284	LPHN3	latrophilin3	
23286	23286	23286	WWC1	WWandC2domaincontaining1	
23287	23287	23287	AGTPBP1	ATP/GTPbindingprotein1	
23288	23288	23288	IQCE	IQmotifcontainingE	
2329	2329	2329	FMO4	flavincontainingmonooxygenase4	
23291	23291	23291	FBXW11	F-boxandWDrepeatdomaincontaining11	
23293	23293	23293	SMG6	Smg-6homolog,nonsensemediatedmRNAdecayfactor(C.elegans)	
23294	23294	23294	ANKS1A	ankyrinrepeatandsterilealphamotifdomaincontaining1A	
23295	23295	23295	MGRN1	mahogunin,ringfinger1	
23299	23299	23299	BICD2	bicaudalDhomolog2(Drosophila)	
2330	2330	2330	FMO5	flavincontainingmonooxygenase5	
23300	23300	23300	ATMIN	ATMinteractor	
23301	23301	23301	EHBP1	EHdomainbindingprotein1	
23302	23302	23302	WSCD1	WSCdomaincontaining1	
23303	23303	23303	KIF13B	kinesinfamilymember13B	
23304	23304	23304	UBR2	ubiquitinproteinligaseE3componentn-recognin2	
23305	23305	23305	ACSL6	acyl-CoAsynthetaselong-chainfamilymember6	
23306	23306	23306	TMEM194A	transmembraneprotein194A	
23307	23307	23307	FKBP15	FK506bindingprotein15,133kDa	
23308	23308	23308	ICOSLG	inducibleT-cellco-stimulatorligand	
23309	23309	23309	SIN3B	SIN3homologB,transcriptionregulator(yeast)	
2331	2331	2331	FMOD	fibromodulin	
23310	23310	23310	NCAPD3	non-SMCcondensinIIcomplex,subunitD3	
23313	23313	23313	C22orf9	chromosome22openreadingframe9	
23314	23314	23314	SATB2	SATBhomeobox2	
23315	23315	23315	SLC9A8	solutecarrierfamily9(sodium/hydrogenexchanger),member8	
23316	23316	23316	CUX2	cut-likehomeobox2	
23317	23317	23317	DNAJC13	DnaJ(Hsp40)homolog,subfamilyC,member13	
23318	23318	23318	ZCCHC11	zincfinger,CCHCdomaincontaining11	
2332	2332	2332	FMR1	fragileXmentalretardation1	
23321	23321	23321	TRIM2	tripartitemotif-containing2	
23322	23322	23322	RPGRIP1L	RPGRIP1-like	
23324	23324	23324	MAN2B2	mannosidase,alpha,class2B,member2	
23325	23325	23325	KIAA1033	KIAA1033	
23326	23326	23326	USP22	ubiquitinspecificpeptidase22	
23327	23327	23327	NEDD4L	neuralprecursorcellexpressed,developmentallydown-regulated4-like	
23328	23328	23328	SASH1	SAMandSH3domaincontaining1	
23329	23329	23329	TBC1D30	TBC1domainfamily,member30	
23331	23331	23331	TTC28	tetratricopeptiderepeatdomain28	
23332	23332	23332	CLASP1	cytoplasmiclinkerassociatedprotein1	
23333	23333	23333	DPY19L1	dpy-19-like1(C.elegans)	
23334	23334	23334	KIAA0467	KIAA0467	
23335	23335	23335	WDR7	WDrepeatdomain7	
23336	23336	23336	SYNM	synemin,intermediatefilamentprotein	
23338	23338	23338	PHF15	PHDfingerprotein15	
23339	23339	23339	VPS39	vacuolarproteinsorting39homolog(S.cerevisiae)	
2334	2334	2334	AFF2	AF4/FMR2family,member2	
23341	23341	23341	DNAJC16	DnaJ(Hsp40)homolog,subfamilyC,member16	
23344	23344	23344	ESYT1	extendedsynaptotagmin-likeprotein1	
23345	23345	23345	SYNE1	spectrinrepeatcontaining,nuclearenvelope1	
23347	23347	23347	SMCHD1	structuralmaintenanceofchromosomesflexiblehingedomaincontaining1	
23348	23348	23348	DOCK9	dedicatorofcytokinesis9	
23349	23349	23349	KIAA1045	KIAA1045	
2335	2335	2335	FN1	fibronectin1	
23350	23350	23350	SR140	U2-associatedSR140protein	
23351	23351	23351	KIAA0323	KIAA0323	
23352	23352	23352	UBR4	ubiquitinproteinligaseE3componentn-recognin4	
23353	23353	23353	UNC84A	unc-84homologA(C.elegans)	
23354	23354	23354	HAUS5	HAUSaugmin-likecomplex,subunit5	
23355	23355	23355	VPS8	vacuolarproteinsorting8homolog(S.cerevisiae)	
23357	23357	23357	ANGEL1	angelhomolog1(Drosophila)	
23358	23358	23358	USP24	ubiquitinspecificpeptidase24	
23360	23360	23360	FNBP4	forminbindingprotein4	
23361	23361	23361	ZNF629	zincfingerprotein629	
23362	23362	23362	PSD3	pleckstrinandSec7domaincontaining3	
23363	23363	23363	OBSL1	obscurin-like1	
23365	23365	23365	ARHGEF12	Rhoguaninenucleotideexchangefactor(GEF)12	
23366	23366	23366	KIAA0895	KIAA0895	
23367	23367	23367	LARP1	Laribonucleoproteindomainfamily,member1	
23368	23368	23368	PPP1R13B	proteinphosphatase1,regulatory(inhibitor)subunit13B	
23369	23369	23369	PUM2	pumiliohomolog2(Drosophila)	
23370	23370	23370	ARHGEF18	Rho/Racguaninenucleotideexchangefactor(GEF)18	
23371	23371	23371	TENC1	tensinlikeC1domaincontainingphosphatase(tensin2)	
23373	23373	23373	CRTC1	CREBregulatedtranscriptioncoactivator1	
23376	23376	23376	KIAA0776	KIAA0776	
23378	23378	23378	RRP8	ribosomalRNAprocessing8,methyltransferase,homolog(yeast)	
23379	23379	23379	KIAA0947	KIAA0947	
23380	23380	23380	SRGAP2	SLIT-ROBORhoGTPaseactivatingprotein2	
23381	23381	23381	SMG5	Smg-5homolog,nonsensemediatedmRNAdecayfactor(C.elegans)	
23382	23382	23382	AHCYL2	adenosylhomocysteinase-like2	
23383	23383	23383	KIAA0892	KIAA0892	
23384	23384	23384	CYTSA	cytospinA	
23385	23385	23385	NCSTN	nicastrin	
23386	23386	23386	NUDCD3	NudCdomaincontaining3	
23387	23387	23387	QSK	serine/threonine-proteinkinaseQSK	
23389	23389	23389	MED13L	mediatorcomplexsubunit13-like	
2339	2339	2339	FNTA	farnesyltransferase,CAAXbox,alpha	
23390	23390	23390	ZDHHC17	zincfinger,DHHC-typecontaining17	
23392	23392	23392	KIAA0368	KIAA0368	
23394	23394	23394	ADNP	activity-dependentneuroprotectorhomeobox	
23395	23395	23395	LARS2	leucyl-tRNAsynthetase2,mitochondrial	
23396	23396	23396	PIP5K1C	phosphatidylinositol-4-phosphate5-kinase,typeI,gamma	
23397	23397	23397	NCAPH	non-SMCcondensinIcomplex,subunitH	
23398	23398	23398	PPWD1	peptidylprolylisomerasedomainandWDrepeatcontaining1	
23399	23399	23399	DULLARD	dullardhomolog(Xenopuslaevis)	
23400	23400	23400	ATP13A2	ATPasetype13A2	
23401	23401	23401	FRAT2	frequentlyrearrangedinadvancedT-celllymphomas2	
23403	23403	23403	FBXO46	F-boxprotein46	
23404	23404	23404	EXOSC2	exosomecomponent2	
23405	23405	23405	DICER1	dicer1,ribonucleasetypeIII	
23406	23406	23406	COTL1	coactosin-like1(Dictyostelium)	
23408	23408	23408	SIRT5	sirtuin(silentmatingtypeinformationregulation2homolog)5(S.cerevisiae)	
23409	23409	23409	SIRT4	sirtuin(silentmatingtypeinformationregulation2homolog)4(S.cerevisiae)	
23410	23410	23410	SIRT3	sirtuin(silentmatingtypeinformationregulation2homolog)3(S.cerevisiae)	
23411	23411	23411	SIRT1	sirtuin(silentmatingtypeinformationregulation2homolog)1(S.cerevisiae)	
23412	23412	23412	COMMD3	COMMdomaincontaining3	
23413	23413	23413	FREQ	frequeninhomolog(Drosophila)	
23414	23414	23414	ZFPM2	zincfingerprotein,multitype2	
23415	23415	23415	KCNH4	potassiumvoltage-gatedchannel,subfamilyH(eag-related),member4	
23417	23417	23417	MLYCD	malonyl-CoAdecarboxylase	
23418	23418	23418	CRB1	crumbshomolog1(Drosophila)	
2342	2342	2342	FNTB	farnesyltransferase,CAAXbox,beta	
23421	23421	23421	ITGB3BP	integrinbeta3bindingprotein(beta3-endonexin)	
23423	23423	23423	TMED3	transmembraneemp24proteintransportdomaincontaining3	
23424	23424	23424	TDRD7	tudordomaincontaining7	
23426	23426	23426	GRIP1	glutamatereceptorinteractingprotein1	
23428	23428	23428	SLC7A8	solutecarrierfamily7(cationicaminoacidtransporter,y+system),member8	
23429	23429	23429	RYBP	RING1andYY1bindingprotein	
23430	23430	23430	TPSD1	tryptasedelta1	
23431	23431	23431	AP4E1	adaptor-relatedproteincomplex4,epsilon1subunit	
23432	23432	23432	GPR161	Gprotein-coupledreceptor161	
23433	23433	23433	RHOQ	rashomologgenefamily,memberQ	
23434	23434	23434	C3orf27	chromosome3openreadingframe27	
23435	23435	23435	TARDBP	TARDNAbindingprotein	
23436	23436	23436	CELA3B	chymotrypsin-likeelastasefamily,member3B	
23438	23438	23438	HARS2	histidyl-tRNAsynthetase2,mitochondrial(putative)	
23439	23439	23439	ATP1B4	ATPase,(Na+)/K+transporting,beta4polypeptide	
23443	23443	23443	SLC35A3	solutecarrierfamily35(UDP-N-acetylglucosamine(UDP-GlcNAc)transporter),memberA3	
23450	23450	23450	SF3B3	splicingfactor3b,subunit3,130kDa	
23451	23451	23451	SF3B1	splicingfactor3b,subunit1,155kDa	
23452	23452	23452	ANGPTL2	angiopoietin-like2	
23457	23457	23457	ABCB9	ATP-bindingcassette,sub-familyB(MDR/TAP),member9	
2346	2346	2346	FOLH1	folatehydrolase(prostate-specificmembraneantigen)1	
23460	23460	23460	ABCA6	ATP-bindingcassette,sub-familyA(ABC1),member6	
23461	23461	23461	ABCA5	ATP-bindingcassette,sub-familyA(ABC1),member5	
23462	23462	23462	HEY1	hairy/enhancer-of-splitrelatedwithYRPWmotif1	
23463	23463	23463	ICMT	isoprenylcysteinecarboxylmethyltransferase	
23464	23464	23464	GCAT	glycineC-acetyltransferase(2-amino-3-ketobutyratecoenzymeAligase)	
23466	23466	23466	CBX6	chromoboxhomolog6	
23467	23467	23467	NPTXR	neuronalpentraxinreceptor	
23468	23468	23468	CBX5	chromoboxhomolog5(HP1alphahomolog,Drosophila)	
23469	23469	23469	PHF3	PHDfingerprotein3	
23471	23471	23471	TRAM1	translocationassociatedmembraneprotein1	
23473	23473	23473	CAPN7	calpain7	
23474	23474	23474	ETHE1	ethylmalonicencephalopathy1	
23475	23475	23475	QPRT	quinolinatephosphoribosyltransferase	
23476	23476	23476	BRD4	bromodomaincontaining4	
23478	23478	23478	SEC11A	SEC11homologA(S.cerevisiae)	
23479	23479	23479	ISCU	iron-sulfurclusterscaffoldhomolog(E.coli)	
2348	2348	2348	FOLR1	folatereceptor1(adult)	
23480	23480	23480	SEC61G	Sec61gammasubunit	
23481	23481	23481	PES1	pescadillohomolog1,containingBRCTdomain(zebrafish)	
23483	23483	23483	TGDS	TDP-glucose4,6-dehydratase	
23484	23484	23484	LEPROTL1	leptinreceptoroverlappingtranscript-like1	
23492	23492	23492	CBX7	chromoboxhomolog7	
23493	23493	23493	HEY2	hairy/enhancer-of-splitrelatedwithYRPWmotif2	
23495	23495	23495	TNFRSF13B	tumornecrosisfactorreceptorsuperfamily,member13B	
23498	23498	23498	HAAO	3-hydroxyanthranilate3,4-dioxygenase	
23499	23499	23499	MACF1	microtubule-actincrosslinkingfactor1	
2350	2350	2350	FOLR2	folatereceptor2(fetal)	
23500	23500	23500	DAAM2	dishevelledassociatedactivatorofmorphogenesis2	
23503	23503	23503	ZFYVE26	zincfinger,FYVEdomaincontaining26	
23504	23504	23504	RIMBP2	RIMSbindingprotein2	
23505	23505	23505	TMEM131	transmembraneprotein131	
23506	23506	23506	KIAA0240	KIAA0240	
23508	23508	23508	TTC9	tetratricopeptiderepeatdomain9	
23509	23509	23509	POFUT1	proteinO-fucosyltransferase1	
23510	23510	23510	KCTD2	potassiumchanneltetramerisationdomaincontaining2	
23511	23511	23511	NUP188	nucleoporin188kDa	
23512	23512	23512	SUZ12	suppressorofzeste12homolog(Drosophila)	
23513	23513	23513	SCRIB	scribbledhomolog(Drosophila)	
23514	23514	23514	KIAA0146	KIAA0146	
23515	23515	23515	MORC3	MORCfamilyCW-typezincfinger3	
23516	23516	23516	SLC39A14	solutecarrierfamily39(zinctransporter),member14	
23517	23517	23517	SKIV2L2	superkillerviralicidicactivity2-like2(S.cerevisiae)	
23518	23518	23518	R3HDM1	R3Hdomaincontaining1	
23519	23519	23519	ANP32D	acidic(leucine-rich)nuclearphosphoprotein32family,memberD	
2352	2352	2352	FOLR3	folatereceptor3(gamma)	
23520	23520	23520	ANP32C	acidic(leucine-rich)nuclearphosphoprotein32family,memberC	
23521	23521	23521	RPL13A	ribosomalproteinL13a	
23522	23522	23522	MYST4	MYSThistoneacetyltransferase(monocyticleukemia)4	
23523	23523	23523	CABIN1	calcineurinbindingprotein1	
23524	23524	23524	SRRM2	serine/argininerepetitivematrix2	
23526	23526	23526	HMHA1	histocompatibility(minor)HA-1	
23527	23527	23527	ACAP2	ArfGAPwithcoiled-coil,ankyrinrepeatandPHdomains2	
23528	23528	23528	ZNF281	zincfingerprotein281	
23529	23529	23529	CLCF1	cardiotrophin-likecytokinefactor1	
2353	2353	2353	FOS	FBJmurineosteosarcomaviraloncogenehomolog	
23530	23530	23530	NNT	nicotinamidenucleotidetranshydrogenase	
23531	23531	23531	MMD	monocytetomacrophagedifferentiation-associated	
23532	23532	23532	PRAME	preferentiallyexpressedantigeninmelanoma	
23533	23533	23533	PIK3R5	phosphoinositide-3-kinase,regulatorysubunit5	
23534	23534	23534	TNPO3	transportin3	
23536	23536	23536	ADAT1	adenosinedeaminase,tRNA-specific1	
23538	23538	23538	OR52A1	olfactoryreceptor,family52,subfamilyA,member1	
23539	23539	23539	SLC16A8	solutecarrierfamily16,member8(monocarboxylicacidtransporter3)	
2354	2354	2354	FOSB	FBJmurineosteosarcomaviraloncogenehomologB	
23541	23541	23541	SEC14L2	SEC14-like2(S.cerevisiae)	
23542	23542	23542	MAPK8IP2	mitogen-activatedproteinkinase8interactingprotein2	
23543	23543	23543	RBM9	RNAbindingmotifprotein9	
23544	23544	23544	SEZ6L	seizurerelated6homolog(mouse)-like	
23545	23545	23545	ATP6V0A2	ATPase,H+transporting,lysosomalV0subunita2	
23546	23546	23546	SYNGR4	synaptogyrin4	
23547	23547	23547	LILRA4	leukocyteimmunoglobulin-likereceptor,subfamilyA(withTMdomain),member4	
23548	23548	23548	TTC33	tetratricopeptiderepeatdomain33	
23549	23549	23549	DNPEP	aspartylaminopeptidase	
2355	2355	2355	FOSL2	FOS-likeantigen2	
23550	23550	23550	PSD4	pleckstrinandSec7domaincontaining4	
23552	23552	23552	CCRK	cellcyclerelatedkinase	
23553	23553	23553	HYAL4	hyaluronoglucosaminidase4	
23554	23554	23554	TSPAN12	tetraspanin12	
23555	23555	23555	TSPAN15	tetraspanin15	
23556	23556	23556	PIGN	phosphatidylinositolglycananchorbiosynthesis,classN	
23558	23558	23558	WBP2	WWdomainbindingprotein2	
2356	2356	2356	FPGS	folylpolyglutamatesynthase	
23560	23560	23560	GTPBP4	GTPbindingprotein4	
23562	23562	23562	CLDN14	claudin14	
23563	23563	23563	CHST5	carbohydrate(N-acetylglucosamine6-O)sulfotransferase5	
23564	23564	23564	DDAH2	dimethylargininedimethylaminohydrolase2	
23566	23566	23566	LPAR3	lysophosphatidicacidreceptor3	
23568	23568	23568	ARL2BP	ADP-ribosylationfactor-like2bindingprotein	
23569	23569	23569	PADI4	peptidylargininedeiminase,typeIV	
2357	2357	2357	FPR1	formylpeptidereceptor1	
23576	23576	23576	DDAH1	dimethylargininedimethylaminohydrolase1	
2358	2358	2358	FPR2	formylpeptidereceptor2	
23580	23580	23580	CDC42EP4	CDC42effectorprotein(RhoGTPasebinding)4	
23583	23583	23583	SMUG1	single-strand-selectivemonofunctionaluracil-DNAglycosylase1	
23585	23585	23585	TMEM50A	transmembraneprotein50A	
23586	23586	23586	DDX58	DEAD(Asp-Glu-Ala-Asp)boxpolypeptide58	
23587	23587	23587	C17orf81	chromosome17openreadingframe81	
23588	23588	23588	KLHDC2	kelchdomaincontaining2	
23589	23589	23589	CARHSP1	calciumregulatedheatstableprotein1,24kDa	
2359	2359	2359	FPR3	formylpeptidereceptor3	
23590	23590	23590	PDSS1	prenyl(decaprenyl)diphosphatesynthase,subunit1	
23591	23591	23591	C17orf88	chromosome17openreadingframe88	
23592	23592	23592	LEMD3	LEMdomaincontaining3	
23593	23593	23593	HEBP2	hemebindingprotein2	
23594	23594	23594	ORC6L	originrecognitioncomplex,subunit6like(yeast)	
23595	23595	23595	ORC3L	originrecognitioncomplex,subunit3-like(yeast)	
23596	23596	23596	OPN3	opsin3	
23597	23597	23597	ACOT9	acyl-CoAthioesterase9	
23598	23598	23598	PATZ1	POZ(BTB)andAThookcontainingzincfinger1	
23600	23600	23600	AMACR	alpha-methylacyl-CoAracemase	
23601	23601	23601	CLEC5A	C-typelectindomainfamily5,memberA	
23603	23603	23603	CORO1C	coronin,actinbindingprotein,1C	
23604	23604	23604	DAPK2	death-associatedproteinkinase2	
23607	23607	23607	CD2AP	CD2-associatedprotein	
23608	23608	23608	MKRN1	makorinringfingerprotein1	
23609	23609	23609	MKRN2	makorinringfingerprotein2	
23612	23612	23612	PHLDA3	pleckstrinhomology-likedomain,familyA,member3	
23613	23613	23613	ZMYND8	zincfinger,MYND-typecontaining8	
23614	23614	23614	PPY2	pancreaticpolypeptide2	
23615	23615	23615	PYY2	peptideYY,2(seminalplasmin)	
23616	23616	23616	SH3BP1	SH3-domainbindingprotein1	
23617	23617	23617	TSSK2	testis-specificserinekinase2	
23619	23619	23619	ZIM2	zincfinger,imprinted2	
23620	23620	23620	NTSR2	neurotensinreceptor2	
23621	23621	23621	BACE1	beta-siteAPP-cleavingenzyme1	
23623	23623	23623	RUSC1	RUNandSH3domaincontaining1	
23624	23624	23624	CBLC	Cas-Br-M(murine)ecotropicretroviraltransformingsequencec	
23625	23625	23625	FAM89B	familywithsequencesimilarity89,memberB	
23626	23626	23626	SPO11	SPO11meioticproteincovalentlyboundtoDSBhomolog(S.cerevisiae)	
23627	23627	23627	PRND	prionprotein2(dublet)	
23629	23629	23629	BRD7P3	bromodomaincontaining7pseudogene3	
23630	23630	23630	KCNE1L	KCNE1-like	
23632	23632	23632	CA14	carbonicanhydraseXIV	
23633	23633	23633	KPNA6	karyopherinalpha6(importinalpha7)	
23635	23635	23635	SSBP2	single-strandedDNAbindingprotein2	
23636	23636	23636	NUP62	nucleoporin62kDa	
23637	23637	23637	RABGAP1	RABGTPaseactivatingprotein1	
23639	23639	23639	LRRC6	leucinerichrepeatcontaining6	
23640	23640	23640	HSPBP1	HSPA(heatshock70kDa)bindingprotein,cytoplasmiccochaperone1	
23641	23641	23641	LDOC1	leucinezipper,down-regulatedincancer1	
23643	23643	23643	LY96	lymphocyteantigen96	
23644	23644	23644	EDC4	enhancerofmRNAdecapping4	
23645	23645	23645	PPP1R15A	proteinphosphatase1,regulatory(inhibitor)subunit15A	
23646	23646	23646	PLD3	phospholipaseDfamily,member3	
23647	23647	23647	ARFIP2	ADP-ribosylationfactorinteractingprotein2	
23648	23648	23648	SSBP3	singlestrandedDNAbindingprotein3	
23649	23649	23649	POLA2	polymerase(DNAdirected),alpha2(70kDsubunit)	
23650	23650	23650	TRIM29	tripartitemotif-containing29	
23654	23654	23654	PLXNB2	plexinB2	
23657	23657	23657	SLC7A11	solutecarrierfamily7,(cationicaminoacidtransporter,y+system)member11	
23658	23658	23658	LSM5	LSM5homolog,U6smallnuclearRNAassociated(S.cerevisiae)	
23659	23659	23659	PLA2G15	phospholipaseA2,groupXV	
23660	23660	23660	ZKSCAN5	zincfingerwithKRABandSCANdomains5	
23670	23670	23670	TMEM2	transmembraneprotein2	
23673	23673	23673	STX12	syntaxin12	
23676	23676	23676	SMPX	smallmuscleprotein,X-linked	
23677	23677	23677	SH3BP4	SH3-domainbindingprotein4	
23678	23678	23678	SGK3	serum/glucocorticoidregulatedkinasefamily,member3	
23682	23682	23682	RAB38	RAB38,memberRASoncogenefamily	
23683	23683	23683	PRKD3	proteinkinaseD3	
23705	23705	23705	CADM1	celladhesionmolecule1	
23708	23708	23708	GSPT2	G1toSphasetransition2	
23710	23710	23710	GABARAPL1	GABA(A)receptor-associatedproteinlike1	
23729	23729	23729	SHPK	sedoheptulokinase	
23741	23741	23741	EID1	EP300interactinginhibitorofdifferentiation1	
23742	23742	23742	C15orf2	chromosome15openreadingframe2	
23743	23743	23743	BHMT2	betaine-homocysteinemethyltransferase2	
23746	23746	23746	AIPL1	arylhydrocarbonreceptorinteractingprotein-like1	
23753	23753	23753	SDF2L1	stromalcell-derivedfactor2-like1	
23759	23759	23759	PPIL2	peptidylprolylisomerase(cyclophilin)-like2	
23760	23760	23760	PITPNB	phosphatidylinositoltransferprotein,beta	
23761	23761	23761	PISD	phosphatidylserinedecarboxylase	
23762	23762	23762	OSBP2	oxysterolbindingprotein2	
23764	23764	23764	MAFF	v-mafmusculoaponeuroticfibrosarcomaoncogenehomologF(avian)	
23765	23765	23765	IL17RA	interleukin17receptorA	
23767	23767	23767	FLRT3	fibronectinleucinerichtransmembraneprotein3	
23768	23768	23768	FLRT2	fibronectinleucinerichtransmembraneprotein2	
23769	23769	23769	FLRT1	fibronectinleucinerichtransmembraneprotein1	
23770	23770	23770	FKBP8	FK506bindingprotein8,38kDa	
23774	23774	23774	BRD1	bromodomaincontaining1	
23780	23780	23780	APOL2	apolipoproteinL,2	
23786	23786	23786	BCL2L13	BCL2-like13(apoptosisfacilitator)	
23787	23787	23787	MTCH1	mitochondrialcarrierhomolog1(C.elegans)	
23788	23788	23788	MTCH2	mitochondrialcarrierhomolog2(C.elegans)	
238	238	238	ALK	anaplasticlymphomareceptortyrosinekinase	
239	239	239	ALOX12	arachidonate12-lipoxygenase	
2395	2395	2395	FXN	frataxin	
24	24	24	ABCA4	ATP-bindingcassette,sub-familyA(ABC1),member4	
240	240	240	ALOX5	arachidonate5-lipoxygenase	
241	241	241	ALOX5AP	arachidonate5-lipoxygenase-activatingprotein	
24137	24137	24137	KIF4A	kinesinfamilymember4A	
24138	24138	24138	IFIT5	interferon-inducedproteinwithtetratricopeptiderepeats5	
24139	24139	24139	EML2	echinodermmicrotubuleassociatedproteinlike2	
24140	24140	24140	FTSJ1	FtsJhomolog1(E.coli)	
24141	24141	24141	C20orf103	chromosome20openreadingframe103	
24142	24142	24142	NAT6	N-acetyltransferase6(GCN5-related)	
24144	24144	24144	TFIP11	tuftelininteractingprotein11	
24145	24145	24145	PANX1	pannexin1	
24146	24146	24146	CLDN15	claudin15	
24147	24147	24147	FJX1	fourjointedbox1(Drosophila)	
24148	24148	24148	PRPF6	PRP6pre-mRNAprocessingfactor6homolog(S.cerevisiae)	
24149	24149	24149	ZNF318	zincfingerprotein318	
242	242	242	ALOX12B	arachidonate12-lipoxygenase,12Rtype	
2444	2444	2444	FRK	fyn-relatedkinase	
245	245	245	ALOX12P2	arachidonate12-lipoxygenasepseudogene2	
246	246	246	ALOX15	arachidonate15-lipoxygenase	
246243	246243	246243	RNASEH1	ribonucleaseH1	
247	247	247	ALOX15B	arachidonate15-lipoxygenase,typeB	
2475	2475	2475	MTOR	mechanistictargetofrapamycin(serine/threoninekinase)	
248	248	248	ALPI	alkalinephosphatase,intestinal	
2483	2483	2483	FRG1	FSHDregiongene1	
2487	2487	2487	FRZB	frizzled-relatedprotein	
2488	2488	2488	FSHB	folliclestimulatinghormone,betapolypeptide	
249	249	249	ALPL	alkalinephosphatase,liver/bone/kidney	
2491	2491	2491	CENPI	centromereproteinI	
2492	2492	2492	FSHR	folliclestimulatinghormonereceptor	
2494	2494	2494	NR5A2	nuclearreceptorsubfamily5,groupA,member2	
2495	2495	2495	FTH1	ferritin,heavypolypeptide1	
25	25	25	ABL1	c-abloncogene1,receptortyrosinekinase	
250	250	250	ALPP	alkalinephosphatase,placental(Reganisozyme)	
251	251	251	ALPPL2	alkalinephosphatase,placental-like2	
2512	2512	2512	FTL	ferritin,lightpolypeptide	
2515	2515	2515	ADAM2	ADAMmetallopeptidasedomain2	
2516	2516	2516	NR5A1	nuclearreceptorsubfamily5,groupA,member1	
2517	2517	2517	FUCA1	fucosidase,alpha-L-1,tissue	
2520	2520	2520	GAST	gastrin	
2521	2521	2521	FUS	fusion(involvedint(12;16)inmalignantliposarcoma)	
2523	2523	2523	FUT1	fucosyltransferase1(galactoside2-alpha-L-fucosyltransferase,Hbloodgroup)	
2524	2524	2524	FUT2	fucosyltransferase2(secretorstatusincluded)	
2525	2525	2525	FUT3	fucosyltransferase3(galactoside3(4)-L-fucosyltransferase,Lewisbloodgroup)	
2526	2526	2526	FUT4	fucosyltransferase4(alpha(1,3)fucosyltransferase,myeloid-specific)	
2527	2527	2527	FUT5	fucosyltransferase5(alpha(1,3)fucosyltransferase)	
2528	2528	2528	FUT6	fucosyltransferase6(alpha(1,3)fucosyltransferase)	
2529	2529	2529	FUT7	fucosyltransferase7(alpha(1,3)fucosyltransferase)	
2530	2530	2530	FUT8	fucosyltransferase8(alpha(1,6)fucosyltransferase)	
2531	2531	2531	KDSR	3-ketodihydrosphingosinereductase	
253190	253190	253190	SERHL2	serinehydrolase-like2	
2532	2532	2532	DARC	Duffybloodgroup,chemokinereceptor	
2533	2533	2533	FYB	FYNbindingprotein(FYB-120/130)	
2534	2534	2534	FYN	FYNoncogenerelatedtoSRC,FGR,YES	
253461	253461	253461	ZBTB38	zincfingerandBTBdomaincontaining38	
2535	2535	2535	FZD2	frizzledhomolog2(Drosophila)	
2537	2537	2537	IFI6	interferon,alpha-inducibleprotein6	
253782	253782	253782	LASS6	LAG1homolog,ceramidesynthase6	
2538	2538	2538	G6PC	glucose-6-phosphatase,catalyticsubunit	
2539	2539	2539	G6PD	glucose-6-phosphatedehydrogenase	
253943	253943	253943	YTHDF3	YTHdomainfamily,member3	
253959	253959	253959	GARNL1	GTPaseactivatingRap/RanGAPdomain-like1	
253980	253980	253980	KCTD13	potassiumchanneltetramerisationdomaincontaining13	
253982	253982	253982	ASPHD1	aspartatebeta-hydroxylasedomaincontaining1	
254102	254102	254102	EHBP1L1	EHdomainbindingprotein1-like1	
2542	2542	2542	SLC37A4	solutecarrierfamily37(glucose-6-phosphatetransporter),member4	
2543	2543	2543	GAGE1	Gantigen1	
254359	254359	254359	ZDHHC24	zincfinger,DHHC-typecontaining24	
254531	254531	254531	LPCAT4	lysophosphatidylcholineacyltransferase4	
2548	2548	2548	GAA	glucosidase,alpha;acid	
2549	2549	2549	GAB1	GRB2-associatedbindingprotein1	
2550	2550	2550	GABBR1	gamma-aminobutyricacid(GABA)Breceptor,1	
2551	2551	2551	GABPA	GAbindingproteintranscriptionfactor,alphasubunit60kDa	
2553	2553	2553	GABPB1	GAbindingproteintranscriptionfactor,betasubunit1	
2554	2554	2554	GABRA1	gamma-aminobutyricacid(GABA)Areceptor,alpha1	
2555	2555	2555	GABRA2	gamma-aminobutyricacid(GABA)Areceptor,alpha2	
2556	2556	2556	GABRA3	gamma-aminobutyricacid(GABA)Areceptor,alpha3	
2557	2557	2557	GABRA4	gamma-aminobutyricacid(GABA)Areceptor,alpha4	
2558	2558	2558	GABRA5	gamma-aminobutyricacid(GABA)Areceptor,alpha5	
2559	2559	2559	GABRA6	gamma-aminobutyricacid(GABA)Areceptor,alpha6	
255926	255926	255926	ADAM5P	ADAMmetallopeptidasedomain5pseudogene	
2560	2560	2560	GABRB1	gamma-aminobutyricacid(GABA)Areceptor,beta1	
256051	256051	256051	ZNF549	zincfingerprotein549	
2561	2561	2561	GABRB2	gamma-aminobutyricacid(GABA)Areceptor,beta2	
2562	2562	2562	GABRB3	gamma-aminobutyricacid(GABA)Areceptor,beta3	
256227	256227	256227	MGC87042	similartoSixtransmembraneepithelialantigenofprostate	
2563	2563	2563	GABRD	gamma-aminobutyricacid(GABA)Areceptor,delta	
256364	256364	256364	EML3	echinodermmicrotubuleassociatedproteinlike3	
2564	2564	2564	GABRE	gamma-aminobutyricacid(GABA)Areceptor,epsilon	
2566	2566	2566	GABRG2	gamma-aminobutyricacid(GABA)Areceptor,gamma2	
2567	2567	2567	GABRG3	gamma-aminobutyricacid(GABA)Areceptor,gamma3	
2568	2568	2568	GABRP	gamma-aminobutyricacid(GABA)Areceptor,pi	
2569	2569	2569	GABRR1	gamma-aminobutyricacid(GABA)receptor,rho1	
256949	256949	256949	KANK3	KNmotifandankyrinrepeatdomains3	
257	257	257	ALX3	ALXhomeobox3	
2570	2570	2570	GABRR2	gamma-aminobutyricacid(GABA)receptor,rho2	
2571	2571	2571	GAD1	glutamatedecarboxylase1(brain,67kDa)	
2572	2572	2572	GAD2	glutamatedecarboxylase2(pancreaticisletsandbrain,65kDa)	
257407	257407	257407	C2orf72	chromosome2openreadingframe72	
25759	25759	25759	SHC2	SHC(Srchomology2domaincontaining)transformingprotein2	
25763	25763	25763	CXorf27	chromosomeXopenreadingframe27	
25764	25764	25764	C15orf63	chromosome15openreadingframe63	
25769	25769	25769	SLC24A2	solutecarrierfamily24(sodium/potassium/calciumexchanger),member2	
25770	25770	25770	C22orf31	chromosome22openreadingframe31	
25771	25771	25771	TBC1D22A	TBC1domainfamily,member22A	
25774	25774	25774	GSTTP1	glutathioneS-transferasethetapseudogene1	
25776	25776	25776	CBY1	chibbyhomolog1(Drosophila)	
25777	25777	25777	UNC84B	unc-84homologB(C.elegans)	
25778	25778	25778	DSTYK	dualserine/threonineandtyrosineproteinkinase	
25780	25780	25780	RASGRP3	RASguanylreleasingprotein3(calciumandDAG-regulated)	
25782	25782	25782	RAB3GAP2	RAB3GTPaseactivatingproteinsubunit2(non-catalytic)	
25788	25788	25788	RAD54B	RAD54homologB(S.cerevisiae)	
25789	25789	25789	TMEM59L	transmembraneprotein59-like	
25790	25790	25790	CCDC19	coiled-coildomaincontaining19	
25792	25792	25792	CIZ1	CDKN1Ainteractingzincfingerprotein1	
25793	25793	25793	FBXO7	F-boxprotein7	
25794	25794	25794	FSCN2	fascinhomolog2,actin-bundlingprotein,retinal(Strongylocentrotuspurpuratus)	
25796	25796	25796	PGLS	6-phosphogluconolactonase	
25797	25797	25797	QPCT	glutaminyl-peptidecyclotransferase	
25799	25799	25799	ZNF324	zincfingerprotein324	
258	258	258	AMBN	ameloblastin(enamelmatrixprotein)	
2580	2580	2580	GAK	cyclinGassociatedkinase	
25800	25800	25800	SLC39A6	solutecarrierfamily39(zinctransporter),member6	
25801	25801	25801	GCA	grancalcin,EF-handcalciumbindingprotein	
25802	25802	25802	LMOD1	leiomodin1(smoothmuscle)	
25803	25803	25803	SPDEF	SAMpointeddomaincontainingetstranscriptionfactor	
25804	25804	25804	LSM4	LSM4homolog,U6smallnuclearRNAassociated(S.cerevisiae)	
25805	25805	25805	BAMBI	BMPandactivinmembrane-boundinhibitorhomolog(Xenopuslaevis)	
25806	25806	25806	VAX2	ventralanteriorhomeobox2	
25807	25807	25807	RHBDD3	rhomboiddomaincontaining3	
25809	25809	25809	TTLL1	tubulintyrosineligase-likefamily,member1	
2581	2581	2581	GALC	galactosylceramidase	
25813	25813	25813	SAMM50	sortingandassemblymachinerycomponent50homolog(S.cerevisiae)	
25814	25814	25814	ATXN10	ataxin10	
25816	25816	25816	TNFAIP8	tumornecrosisfactor,alpha-inducedprotein8	
25818	25818	25818	KLK5	kallikrein-relatedpeptidase5	
25819	25819	25819	CCRN4L	CCR4carboncataboliterepression4-like(S.cerevisiae)	
2582	2582	2582	GALE	UDP-galactose-4-epimerase	
25820	25820	25820	ARIH1	ariadnehomolog,ubiquitin-conjugatingenzymeE2bindingprotein,1(Drosophila)	
25821	25821	25821	MTO1	mitochondrialtranslationoptimization1homolog(S.cerevisiae)	
25822	25822	25822	DNAJB5	DnaJ(Hsp40)homolog,subfamilyB,member5	
25823	25823	25823	TPSG1	tryptasegamma1	
25825	25825	25825	BACE2	beta-siteAPP-cleavingenzyme2	
25827	25827	25827	FBXL2	F-boxandleucine-richrepeatprotein2	
25828	25828	25828	TXN2	thioredoxin2	
25829	25829	25829	TMEM184B	transmembraneprotein184B	
2583	2583	2583	B4GALNT1	beta-1,4-N-acetyl-galactosaminyltransferase1	
25830	25830	25830	SULT4A1	sulfotransferasefamily4A,member1	
25833	25833	25833	POU2F3	POUclass2homeobox3	
25834	25834	25834	MGAT4C	mannosyl(alpha-1,3-)-glycoproteinbeta-1,4-N-acetylglucosaminyltransferase,isozymeC(putative)	
25836	25836	25836	NIPBL	Nipped-Bhomolog(Drosophila)	
25837	25837	25837	RAB26	RAB26,memberRASoncogenefamily	
25839	25839	25839	COG4	componentofoligomericgolgicomplex4	
2584	2584	2584	GALK1	galactokinase1	
25840	25840	25840	METTL7A	methyltransferaselike7A	
25841	25841	25841	ABTB2	ankyrinrepeatandBTB(POZ)domaincontaining2	
25842	25842	25842	ASF1A	ASF1anti-silencingfunction1homologA(S.cerevisiae)	
25843	25843	25843	MOBKL3	MOB1,MpsOneBinderkinaseactivator-like3(yeast)	
25844	25844	25844	YIPF3	Yip1domainfamily,member3	
25847	25847	25847	ANAPC13	anaphasepromotingcomplexsubunit13	
25849	25849	25849	DKFZP564O0823	prostaticandrogen-repressedmessage-1	
2585	2585	2585	GALK2	galactokinase2	
25850	25850	25850	ZNF345	zincfingerprotein345	
25852	25852	25852	ARMC8	armadillorepeatcontaining8	
25854	25854	25854	FAM149A	familywithsequencesimilarity149,memberA	
25855	25855	25855	BRMS1	breastcancermetastasissuppressor1	
25859	25859	25859	PART1	prostateandrogen-regulatedtranscript1	
25861	25861	25861	DFNB31	deafness,autosomalrecessive31	
25864	25864	25864	ABHD14A	abhydrolasedomaincontaining14A	
25865	25865	25865	PRKD2	proteinkinaseD2	
2587	2587	2587	GALR1	galaninreceptor1	
25873	25873	25873	RPL36	ribosomalproteinL36	
25874	25874	25874	BRP44	brainprotein44	
25875	25875	25875	LETMD1	LETM1domaincontaining1	
25876	25876	25876	SPEF1	spermflagellar1	
25878	25878	25878	MXRA5	matrix-remodellingassociated5	
2588	2588	2588	GALNS	galactosamine(N-acetyl)-6-sulfatesulfatase	
25880	25880	25880	TMEM186	transmembraneprotein186	
25888	25888	25888	ZNF473	zincfingerprotein473	
2589	2589	2589	GALNT1	UDP-N-acetyl-alpha-D-galactosamine:polypeptideN-acetylgalactosaminyltransferase1(GalNAc-T1)	
25891	25891	25891	PAMR1	peptidasedomaincontainingassociatedwithmuscleregeneration1	
25893	25893	25893	TRIM58	tripartitemotif-containing58	
25895	25895	25895	FAM119B	familywithsequencesimilarity119,memberB	
25896	25896	25896	INTS7	integratorcomplexsubunit7	
25897	25897	25897	RNF19A	ringfingerprotein19A	
25898	25898	25898	RCHY1	ringfingerandCHYzincfingerdomaincontaining1	
259	259	259	AMBP	alpha-1-microglobulin/bikuninprecursor	
2590	2590	2590	GALNT2	UDP-N-acetyl-alpha-D-galactosamine:polypeptideN-acetylgalactosaminyltransferase2(GalNAc-T2)	
25900	25900	25900	IFFO1	intermediatefilamentfamilyorphan1	
25901	25901	25901	CCDC28A	coiled-coildomaincontaining28A	
25903	25903	25903	OLFML2B	olfactomedin-like2B	
25906	25906	25906	C11orf51	chromosome11openreadingframe51	
25907	25907	25907	TMEM158	transmembraneprotein158	
25909	25909	25909	AHCTF1	AThookcontainingtranscriptionfactor1	
2591	2591	2591	GALNT3	UDP-N-acetyl-alpha-D-galactosamine:polypeptideN-acetylgalactosaminyltransferase3(GalNAc-T3)	
25913	25913	25913	POT1	POT1protectionoftelomeres1homolog(S.pombe)	
25915	25915	25915	NDUFAF3	NADHdehydrogenase(ubiquinone)1alphasubcomplex,assemblyfactor3	
259173	259173	259173	ALS2CL	ALS2C-terminallike	
259197	259197	259197	NCR3	naturalcytotoxicitytriggeringreceptor3	
2592	2592	2592	GALT	galactose-1-phosphateuridylyltransferase	
25920	25920	25920	COBRA1	cofactorofBRCA1	
259217	259217	259217	HSPA12A	heatshock70kDaprotein12A	
259230	259230	259230	SGMS1	sphingomyelinsynthase1	
25924	25924	25924	MYRIP	myosinVIIAandRabinteractingprotein	
25926	25926	25926	NOL11	nucleolarprotein11	
259266	259266	259266	ASPM	asp(abnormalspindle)homolog,microcephalyassociated(Drosophila)	
25928	25928	25928	SOSTDC1	sclerostindomaincontaining1	
2593	2593	2593	GAMT	guanidinoacetateN-methyltransferase	
25932	25932	25932	CLIC4	chlorideintracellularchannel4	
25936	25936	25936	NSL1	NSL1,MINDkinetochorecomplexcomponent,homolog(S.cerevisiae)	
25937	25937	25937	WWTR1	WWdomaincontainingtranscriptionregulator1	
25939	25939	25939	SAMHD1	SAMdomainandHDdomain1	
25940	25940	25940	FAM98A	familywithsequencesimilarity98,memberA	
25941	25941	25941	C18orf10	chromosome18openreadingframe10	
25948	25948	25948	KBTBD2	kelchrepeatandBTB(POZ)domaincontaining2	
25949	25949	25949	SYF2	SYF2homolog,RNAsplicingfactor(S.cerevisiae)	
25950	25950	25950	RWDD3	RWDdomaincontaining3	
25956	25956	25956	SEC31B	SEC31homologB(S.cerevisiae)	
25957	25957	25957	SFRS18	splicingfactor,arginine/serine-rich18	
25959	25959	25959	KANK2	KNmotifandankyrinrepeatdomains2	
2596	2596	2596	GAP43	growthassociatedprotein43	
25960	25960	25960	GPR124	Gprotein-coupledreceptor124	
25961	25961	25961	NUDT13	nudix(nucleosidediphosphatelinkedmoietyX)-typemotif13	
25963	25963	25963	TMEM87A	transmembraneprotein87A	
25966	25966	25966	C2CD2	C2calcium-dependentdomaincontaining2	
2597	2597	2597	GAPDH	glyceraldehyde-3-phosphatedehydrogenase	
25970	25970	25970	SH2B1	SH2Badaptorprotein1	
25972	25972	25972	UNC50	unc-50homolog(C.elegans)	
25974	25974	25974	MMACHC	methylmalonicaciduria(cobalamindeficiency)cblCtype,withhomocystinuria	
25975	25975	25975	EGFL6	EGF-like-domain,multiple6	
25976	25976	25976	TIPARP	TCDD-induciblepoly(ADP-ribose)polymerase	
25977	25977	25977	NECAP1	NECAPendocytosisassociated1	
25978	25978	25978	CHMP2B	chromatinmodifyingprotein2B	
25979	25979	25979	DHRS7B	dehydrogenase/reductase(SDRfamily)member7B	
25980	25980	25980	C20orf4	chromosome20openreadingframe4	
25983	25983	25983	NGDN	neuroguidin,EIF4Ebindingprotein	
25984	25984	25984	KRT23	keratin23(histonedeacetylaseinducible)	
25987	25987	25987	TSKU	tsukushin	
25988	25988	25988	HINFP	histoneH4transcriptionfactor	
25992	25992	25992	SNED1	sushi,nidogenandEGF-likedomains1	
25994	25994	25994	HIGD1A	HIG1hypoxiainducibledomainfamily,member1A	
25996	25996	25996	REXO2	REX2,RNAexonuclease2homolog(S.cerevisiae)	
25998	25998	25998	IBTK	inhibitorofBrutonagammaglobulinemiatyrosinekinase	
25999	25999	25999	CLIP3	CAP-GLYdomaincontaininglinkerprotein3	
26	26	26	ABP1	amiloridebindingprotein1(amineoxidase(copper-containing))	
26000	26000	26000	TBC1D10B	TBC1domainfamily,member10B	
26001	26001	26001	RNF167	ringfingerprotein167	
26003	26003	26003	GORASP2	golgireassemblystackingprotein2,55kDa	
26007	26007	26007	DAK	dihydroxyacetonekinase2homolog(S.cerevisiae)	
26009	26009	26009	ZZZ3	zincfinger,ZZ-typecontaining3	
26010	26010	26010	SPATS2L	spermatogenesisassociated,serine-rich2-like	
26012	26012	26012	NELF	nasalembryonicLHRHfactor	
26013	26013	26013	L3MBTL	l(3)mbt-like(Drosophila)	
26015	26015	26015	RPAP1	RNApolymeraseIIassociatedprotein1	
26017	26017	26017	FAM32A	familywithsequencesimilarity32,memberA	
26018	26018	26018	LRIG1	leucine-richrepeatsandimmunoglobulin-likedomains1	
26019	26019	26019	UPF2	UPF2regulatorofnonsensetranscriptshomolog(yeast)	
26020	26020	26020	LRP10	lowdensitylipoproteinreceptor-relatedprotein10	
26024	26024	26024	PTCD1	pentatricopeptiderepeatdomain1	
26027	26027	26027	ACOT11	acyl-CoAthioesterase11	
260294	260294	260294	NSUN5C	NOL1/NOP2/Sundomainfamily,member5C	
26030	26030	26030	PLEKHG3	pleckstrinhomologydomaincontaining,familyG(withRhoGefdomain)member3	
26031	26031	26031	OSBPL3	oxysterolbindingprotein-like3	
26032	26032	26032	SUSD5	sushidomaincontaining5	
26033	26033	26033	ATRNL1	attractin-like1	
26034	26034	26034	IPCEF1	interactionproteinforcytohesinexchangefactors1	
26035	26035	26035	GLCE	glucuronicacidepimerase	
26036	26036	26036	ZNF451	zincfingerprotein451	
26037	26037	26037	SIPA1L1	signal-inducedproliferation-associated1like1	
26038	26038	26038	CHD5	chromodomainhelicaseDNAbindingprotein5	
26039	26039	26039	SS18L1	synovialsarcomatranslocationgeneonchromosome18-like1	
26040	26040	26040	SETBP1	SETbindingprotein1	
26043	26043	26043	UBXN7	UBXdomainprotein7	
26045	26045	26045	LRRTM2	leucinerichrepeattransmembraneneuronal2	
26046	26046	26046	RNF160	ringfingerprotein160	
26047	26047	26047	CNTNAP2	contactinassociatedprotein-like2	
26048	26048	26048	ZNF500	zincfingerprotein500	
26050	26050	26050	SLITRK5	SLITandNTRK-likefamily,member5	
26051	26051	26051	PPP1R16B	proteinphosphatase1,regulatory(inhibitor)subunit16B	
26052	26052	26052	DNM3	dynamin3	
26053	26053	26053	AUTS2	autismsusceptibilitycandidate2	
26054	26054	26054	SENP6	SUMO1/sentrinspecificpeptidase6	
26056	26056	26056	RAB11FIP5	RAB11familyinteractingprotein5(classI)	
26057	26057	26057	ANKRD17	ankyrinrepeatdomain17	
26058	26058	26058	GIGYF2	GRB10interactingGYFprotein2	
26059	26059	26059	ERC2	ELKS/RAB6-interacting/CASTfamilymember2	
26060	26060	26060	APPL1	adaptorprotein,phosphotyrosineinteraction,PHdomainandleucinezippercontaining1	
26063	26063	26063	DECR2	2,4-dienoylCoAreductase2,peroxisomal	
26064	26064	26064	RAI14	retinoicacidinduced14	
26065	26065	26065	LSM14A	LSM14A,SCD6homologA(S.cerevisiae)	
26071	26071	26071	FAM127B	familywithsequencesimilarity127,memberB	
26073	26073	26073	POLDIP2	polymerase(DNA-directed),deltainteractingprotein2	
26083	26083	26083	TBC1D29	TBC1domainfamily,member29	
26085	26085	26085	KLK13	kallikrein-relatedpeptidase13	
26088	26088	26088	GGA1	golgiassociated,gammaadaptinearcontaining,ARFbindingprotein1	
26091	26091	26091	HERC4	hectdomainandRLD4	
26092	26092	26092	TOR1AIP1	torsinAinteractingprotein1	
26093	26093	26093	CCDC9	coiled-coildomaincontaining9	
26097	26097	26097	C1orf77	chromosome1openreadingframe77	
26098	26098	26098	C10orf137	chromosome10openreadingframe137	
26099	26099	26099	C1orf144	chromosome1openreadingframe144	
26100	26100	26100	WIPI2	WDrepeatdomain,phosphoinositideinteracting2	
26103	26103	26103	LRIT1	leucine-richrepeat,immunoglobulin-likeandtransmembranedomains1	
26112	26112	26112	CCDC69	coiled-coildomaincontaining69	
26115	26115	26115	TANC2	tetratricopeptiderepeat,ankyrinrepeatandcoiled-coilcontaining2	
26118	26118	26118	WSB1	WDrepeatandSOCSbox-containing1	
26119	26119	26119	LDLRAP1	lowdensitylipoproteinreceptoradaptorprotein1	
26121	26121	26121	PRPF31	PRP31pre-mRNAprocessingfactor31homolog(S.cerevisiae)	
26123	26123	26123	TCTN3	tectonicfamilymember3	
26128	26128	26128	KIAA1279	KIAA1279	
26130	26130	26130	GAPVD1	GTPaseactivatingproteinandVPS9domains1	
26133	26133	26133	TRPC4AP	transientreceptorpotentialcationchannel,subfamilyC,member4associatedprotein	
26135	26135	26135	SERBP1	SERPINE1mRNAbindingprotein1	
26136	26136	26136	TES	testisderivedtranscript(3LIMdomains)	
26137	26137	26137	ZBTB20	zincfingerandBTBdomaincontaining20	
26140	26140	26140	TTLL3	tubulintyrosineligase-likefamily,member3	
26145	26145	26145	IRF2BP1	interferonregulatoryfactor2bindingprotein1	
26146	26146	26146	TRAF3IP1	TNFreceptor-associatedfactor3interactingprotein1	
26148	26148	26148	C10orf12	chromosome10openreadingframe12	
2615	2615	2615	LRRC32	leucinerichrepeatcontaining32	
26150	26150	26150	RIBC2	RIB43Adomainwithcoiled-coils2	
26151	26151	26151	NAT9	N-acetyltransferase9(GCN5-related,putative)	
26152	26152	26152	ZNF337	zincfingerprotein337	
26154	26154	26154	ABCA12	ATP-bindingcassette,sub-familyA(ABC1),member12	
26155	26155	26155	NOC2L	nucleolarcomplexassociated2homolog(S.cerevisiae)	
26156	26156	26156	RSL1D1	ribosomalL1domaincontaining1	
26168	26168	26168	SENP3	SUMO1/sentrin/SMT3specificpeptidase3	
2617	2617	2617	GARS	glycyl-tRNAsynthetase	
261726	261726	261726	TIPRL	TIP41,TORsignalingpathwayregulator-like(S.cerevisiae)	
26173	26173	26173	INTS1	integratorcomplexsubunit1	
261734	261734	261734	NPHP4	nephronophthisis4	
2618	2618	2618	GART	phosphoribosylglycinamideformyltransferase,phosphoribosylglycinamidesynthetase,phosphoribosylaminoimidazolesynthetase	
26184	26184	26184	OR1F2P	olfactoryreceptor,family1,subfamilyF,member2	
26189	26189	26189	OR1A2	olfactoryreceptor,family1,subfamilyA,member2	
2619	2619	2619	GAS1	growtharrest-specific1	
26190	26190	26190	FBXW2	F-boxandWDrepeatdomaincontaining2	
26191	26191	26191	PTPN22	proteintyrosinephosphatase,non-receptortype22(lymphoid)	
262	262	262	AMD1	adenosylmethioninedecarboxylase1	
2620	2620	2620	GAS2	growtharrest-specific2	
26205	26205	26205	GMEB2	glucocorticoidmodulatoryelementbindingprotein2	
26206	26206	26206	SPAG8	spermassociatedantigen8	
26207	26207	26207	PITPNC1	phosphatidylinositoltransferprotein,cytoplasmic1	
2621	2621	2621	GAS6	growtharrest-specific6	
26211	26211	26211	OR2F1	olfactoryreceptor,family2,subfamilyF,member1	
26212	26212	26212	OR2B6	olfactoryreceptor,family2,subfamilyB,member6	
2622	2622	2622	GAS8	growtharrest-specific8	
26221	26221	26221	DGCR13	DiGeorge syndrome critical region gene 13	
26225	26225	26225	ARL5A	ADP-ribosylationfactor-like5A	
26227	26227	26227	PHGDH	phosphoglyceratedehydrogenase	
26228	26228	26228	STAP1	signaltransducingadaptorfamilymember1	
26229	26229	26229	B3GAT3	beta-1,3-glucuronyltransferase3(glucuronosyltransferaseI)	
2623	2623	2623	GATA1	GATAbindingprotein1(globintranscriptionfactor1)	
26232	26232	26232	FBXO2	F-boxprotein2	
26233	26233	26233	FBXL6	F-boxandleucine-richrepeatprotein6	
26234	26234	26234	FBXL5	F-boxandleucine-richrepeatprotein5	
26235	26235	26235	FBXL4	F-boxandleucine-richrepeatprotein4	
26236	26236	26236	C6orf54	chromosome6openreadingframe54	
26239	26239	26239	LCE2B	latecornifiedenvelope2B	
2624	2624	2624	GATA2	GATAbindingprotein2	
26240	26240	26240	FAM50B	familywithsequencesimilarity50,memberB	
26249	26249	26249	KLHL3	kelch-like3(Drosophila)	
2625	2625	2625	GATA3	GATAbindingprotein3	
26251	26251	26251	KCNG2	potassiumvoltage-gatedchannel,subfamilyG,member2	
26253	26253	26253	CLEC4E	C-typelectindomainfamily4,memberE	
26255	26255	26255	PTTG3	pituitarytumor-transforming3	
26256	26256	26256	CABYR	calciumbindingtyrosine-(Y)-phosphorylationregulated	
26257	26257	26257	NKX2-8	NK2homeobox8	
2626	2626	2626	GATA4	GATAbindingprotein4	
26261	26261	26261	FBXO24	F-boxprotein24	
26263	26263	26263	FBXO22	F-boxprotein22	
26266	26266	26266	SLC13A4	solutecarrierfamily13(sodium/sulfatesymporters),member4	
26268	26268	26268	FBXO9	F-boxprotein9	
2627	2627	2627	GATA6	GATAbindingprotein6	
26271	26271	26271	FBXO5	F-boxprotein5	
26273	26273	26273	FBXO3	F-boxprotein3	
26275	26275	26275	HIBCH	3-hydroxyisobutyryl-CoenzymeAhydrolase	
26276	26276	26276	VPS33B	vacuolarproteinsorting33homologB(yeast)	
26277	26277	26277	TINF2	TERF1(TRF1)-interactingnuclearfactor2	
26278	26278	26278	SACS	spasticataxiaofCharlevoix-Saguenay(sacsin)	
26279	26279	26279	PLA2G2D	phospholipaseA2,groupIID	
2628	2628	2628	GATM	glycineamidinotransferase(L-arginine:glycineamidinotransferase)	
26280	26280	26280	IL1RAPL2	interleukin1receptoraccessoryprotein-like2	
26281	26281	26281	FGF20	fibroblastgrowthfactor20	
26284	26284	26284	ERAL1	EraG-protein-like1(E.coli)	
26285	26285	26285	CLDN17	claudin17	
26286	26286	26286	ARFGAP3	ADP-ribosylationfactorGTPaseactivatingprotein3	
26287	26287	26287	ANKRD2	ankyrinrepeatdomain2(stretchresponsivemuscle)	
26289	26289	26289	AK5	adenylatekinase5	
26290	26290	26290	GALNT8	UDP-N-acetyl-alpha-D-galactosamine:polypeptideN-acetylgalactosaminyltransferase8(GalNAc-T8)	
26291	26291	26291	FGF21	fibroblastgrowthfactor21	
26292	26292	26292	MYCBP	c-mycbindingprotein	
26297	26297	26297	SERGEF	secretionregulatingguaninenucleotideexchangefactor	
26298	26298	26298	EHF	etshomologousfactor	
2631	2631	2631	GBAS	glioblastomaamplifiedsequence	
2632	2632	2632	GBE1	glucan(1,4-alpha-),branchingenzyme1	
2633	2633	2633	GBP1	guanylatebindingprotein1,interferon-inducible,67kDa	
26330	26330	26330	GAPDHS	glyceraldehyde-3-phosphatedehydrogenase,spermatogenic	
26333	26333	26333	OR7A17	olfactoryreceptor,family7,subfamilyA,member17	
2634	2634	2634	GBP2	guanylatebindingprotein2,interferon-inducible	
26353	26353	26353	HSPB8	heatshock22kDaprotein8	
26354	26354	26354	GNL3	guaninenucleotidebindingprotein-like3(nucleolar)	
26355	26355	26355	FAM162A	familywithsequencesimilarity162,memberA	
2637	2637	2637	GBX2	gastrulationbrainhomeobox2	
2638	2638	2638	GC	group-specificcomponent(vitaminDbindingprotein)	
2639	2639	2639	GCDH	glutaryl-CoenzymeAdehydrogenase	
2641	2641	2641	GCG	glucagon	
2643	2643	2643	GCH1	GTPcyclohydrolase1	
2644	2644	2644	GCHFR	GTPcyclohydrolaseIfeedbackregulator	
2645	2645	2645	GCK	glucokinase(hexokinase4)	
2646	2646	2646	GCKR	glucokinase(hexokinase4)regulator	
26468	26468	26468	LHX6	LIMhomeobox6	
26469	26469	26469	PTPN18	proteintyrosinephosphatase,non-receptortype18(brain-derived)	
2647	2647	2647	BLOC1S1	biogenesisoflysosomalorganellescomplex-1,subunit1	
26470	26470	26470	SEZ6L2	seizurerelated6homolog(mouse)-like2	
26471	26471	26471	NUPR1	nuclearprotein,transcriptionalregulator,1	
26476	26476	26476	OR10J1	olfactoryreceptor,family10,subfamilyJ,member1	
2648	2648	2648	KAT2A	K(lysine)acetyltransferase2A	
2649	2649	2649	NR6A1	nuclearreceptorsubfamily6,groupA,member1	
26499	26499	26499	PLEK2	pleckstrin2	
265	265	265	AMELX	amelogenin(amelogenesisimperfecta1,X-linked)	
2650	2650	2650	GCNT1	glucosaminyl(N-acetyl)transferase1,core2(beta-1,6-N-acetylglucosaminyltransferase)	
26502	26502	26502	NARF	nuclearprelaminArecognitionfactor	
26503	26503	26503	SLC17A5	solutecarrierfamily17(anion/sugartransporter),member5	
26504	26504	26504	CNNM4	cyclinM4	
26505	26505	26505	CNNM3	cyclinM3	
26507	26507	26507	CNNM1	cyclinM1	
26508	26508	26508	HEYL	hairy/enhancer-of-splitrelatedwithYRPWmotif-like	
26509	26509	26509	MYOF	myoferlin	
2651	2651	2651	GCNT2	glucosaminyl(N-acetyl)transferase2,I-branchingenzyme(Ibloodgroup)	
26511	26511	26511	CHIC2	cysteine-richhydrophobicdomain2	
26512	26512	26512	INTS6	integratorcomplexsubunit6	
26515	26515	26515	FXC1	fracturecallus1homolog(rat)	
26517	26517	26517	TIMM13	translocaseofinnermitochondrialmembrane13homolog(yeast)	
26519	26519	26519	TIMM10	translocaseofinnermitochondrialmembrane10homolog(yeast)	
26520	26520	26520	TIMM9	translocaseofinnermitochondrialmembrane9homolog(yeast)	
26521	26521	26521	TIMM8B	translocaseofinnermitochondrialmembrane8homologB(yeast)	
26523	26523	26523	EIF2C1	eukaryotictranslationinitiationfactor2C,1	
26525	26525	26525	IL1F5	interleukin1family,member5(delta)	
26528	26528	26528	DAZAP1	DAZassociatedprotein1	
26529	26529	26529	OR12D2	olfactoryreceptor,family12,subfamilyD,member2	
26531	26531	26531	OR11A1	olfactoryreceptor,family11,subfamilyA,member1	
26532	26532	26532	OR10H3	olfactoryreceptor,family10,subfamilyH,member3	
26538	26538	26538	OR10H2	olfactoryreceptor,family10,subfamilyH,member2	
26539	26539	26539	OR10H1	olfactoryreceptor,family10,subfamilyH,member1	
26548	26548	26548	ITGB1BP2	integrinbeta1bindingprotein(melusin)2	
2657	2657	2657	GDF1	growthdifferentiationfactor1	
26574	26574	26574	AATF	apoptosisantagonizingtranscriptionfactor	
26575	26575	26575	RGS17	regulatorofG-proteinsignaling17	
26576	26576	26576	SRPK3	SFRSproteinkinase3	
26577	26577	26577	PCOLCE2	procollagenC-endopeptidaseenhancer2	
26578	26578	26578	OSTF1	osteoclaststimulatingfactor1	
2658	2658	2658	GDF2	growthdifferentiationfactor2	
26580	26580	26580	BSCL2	Berardinelli-Seipcongenitallipodystrophy2(seipin)	
26585	26585	26585	GREM1	gremlin1,cysteineknotsuperfamily,homolog(Xenopuslaevis)	
26586	26586	26586	CKAP2	cytoskeletonassociatedprotein2	
26589	26589	26589	MRPL46	mitochondrialribosomalproteinL46	
266	266	266	AMELY	amelogenin,Y-linked	
2660	2660	2660	MSTN	myostatin	
26608	26608	26608	TBL2	transducin(beta)-like2	
2661	2661	2661	GDF9	growthdifferentiationfactor9	
26610	26610	26610	ELP4	elongationprotein4homolog(S.cerevisiae)	
2662	2662	2662	GDF10	growthdifferentiationfactor10	
2664	2664	2664	GDI1	GDPdissociationinhibitor1	
26648	26648	26648	OR7E24	olfactoryreceptor,family7,subfamilyE,member24	
2665	2665	2665	GDI2	GDPdissociationinhibitor2	
26658	26658	26658	OR7C2	olfactoryreceptor,family7,subfamilyC,member2	
26659	26659	26659	OR7A5	olfactoryreceptor,family7,subfamilyA,member5	
266629	266629	266629	SEC14L3	SEC14-like3(S.cerevisiae)	
26664	26664	26664	OR7C1	olfactoryreceptor,family7,subfamilyC,member1	
266655	266655	266655	NCRNA00094	non-proteincodingRNA94	
2668	2668	2668	GDNF	glialcellderivedneurotrophicfactor	
2669	2669	2669	GEM	GTPbindingproteinoverexpressedinskeletalmuscle	
26692	26692	26692	OR2W1	olfactoryreceptor,family2,subfamilyW,member1	
266977	266977	266977	GPR110	Gprotein-coupledreceptor110	
267	267	267	AMFR	autocrinemotilityfactorreceptor	
2670	2670	2670	GFAP	glialfibrillaryacidicprotein	
26707	26707	26707	OR2J2	olfactoryreceptor,family2,subfamilyJ,member2	
2671	2671	2671	GFER	growthfactor,augmenterofliverregeneration	
26716	26716	26716	OR2H1	olfactoryreceptor,family2,subfamilyH,member1	
2672	2672	2672	GFI1	growthfactorindependent1transcriptionrepressor	
2673	2673	2673	GFPT1	glutamine-fructose-6-phosphatetransaminase1	
2674	2674	2674	GFRA1	GDNFfamilyreceptoralpha1	
26747	26747	26747	NUFIP1	nuclearfragileXmentalretardationproteininteractingprotein1	
2675	2675	2675	GFRA2	GDNFfamilyreceptoralpha2	
26750	26750	26750	RPS6KC1	ribosomalproteinS6kinase,52kDa,polypeptide1	
26751	26751	26751	SH3YL1	SH3domaincontaining,Ysc84-like1(S.cerevisiae)	
2676	2676	2676	GFRA3	GDNFfamilyreceptoralpha3	
2677	2677	2677	GGCX	gamma-glutamylcarboxylase	
2678	2678	2678	GGT1	gamma-glutamyltransferase1	
26784	26784	26784	SNORA64	smallnucleolarRNA,H/ACAbox64	
268	268	268	AMH	anti-Mullerianhormone	
2683	2683	2683	B4GALT1	UDP-Gal:betaGlcNAcbeta1,4-galactosyltransferase,polypeptide1	
2687	2687	2687	GGT5	gamma-glutamyltransferase5	
26872	26872	26872	STEAP1	sixtransmembraneepithelialantigenoftheprostate1	
26873	26873	26873	OPLAH	5-oxoprolinase(ATP-hydrolysing)	
2688	2688	2688	GH1	growthhormone1	
2689	2689	2689	GH2	growthhormone2	
269	269	269	AMHR2	anti-Mullerianhormonereceptor,typeII	
2690	2690	2690	GHR	growthhormonereceptor	
2691	2691	2691	GHRH	growthhormonereleasinghormone	
2692	2692	2692	GHRHR	growthhormonereleasinghormonereceptor	
2693	2693	2693	GHSR	growthhormonesecretagoguereceptor	
2694	2694	2694	GIF	gastricintrinsicfactor(vitaminBsynthesis)	
2695	2695	2695	GIP	gastricinhibitorypolypeptide	
26952	26952	26952	SMR3A	submaxillaryglandandrogenregulatedprotein3A	
26953	26953	26953	RANBP6	RANbindingprotein6	
26959	26959	26959	HBP1	HMG-boxtranscriptionfactor1	
2696	2696	2696	GIPR	gastricinhibitorypolypeptidereceptor	
26960	26960	26960	NBEA	neurobeachin	
2697	2697	2697	GJA1	gapjunctionprotein,alpha1,43kDa	
26973	26973	26973	CHORDC1	cysteineandhistidine-richdomain(CHORD)-containing1	
26984	26984	26984	SEC22A	SEC22vesicletraffickingproteinhomologA(S.cerevisiae)	
26993	26993	26993	AKAP8L	Akinase(PRKA)anchorprotein8-like	
26994	26994	26994	RNF11	ringfingerprotein11	
26998	26998	26998	FETUB	fetuinB	
26999	26999	26999	CYFIP2	cytoplasmicFMR1interactingprotein2	
27	27	27	ABL2	v-ablAbelsonmurineleukemiaviraloncogenehomolog2(arg,Abelson-relatedgene)	
270	270	270	AMPD1	adenosinemonophosphatedeaminase1(isoformM)	
2700	2700	2700	GJA3	gapjunctionprotein,alpha3,46kDa	
27000	27000	27000	DNAJC2	DnaJ(Hsp40)homolog,subfamilyC,member2	
27004	27004	27004	TCL6	T-cellleukemia/lymphoma6	
27005	27005	27005	USP21	ubiquitinspecificpeptidase21	
27006	27006	27006	FGF22	fibroblastgrowthfactor22	
2701	2701	2701	GJA4	gapjunctionprotein,alpha4,37kDa	
27010	27010	27010	TPK1	thiaminpyrophosphokinase1	
27012	27012	27012	KCNV1	potassiumchannel,subfamilyV,member1	
27013	27013	27013	C2orf24	chromosome2openreadingframe24	
27018	27018	27018	NGFRAP1	nervegrowthfactorreceptor(TNFRSF16)associatedprotein1	
27019	27019	27019	DNAI1	dynein,axonemal,intermediatechain1	
2702	2702	2702	GJA5	gapjunctionprotein,alpha5,40kDa	
27020	27020	27020	NPTN	neuroplastin	
27022	27022	27022	FOXD3	forkheadboxD3	
27023	27023	27023	FOXB1	forkheadboxB1	
2703	2703	2703	GJA8	gapjunctionprotein,alpha8,50kDa	
27030	27030	27030	MLH3	mutLhomolog3(E.coli)	
27032	27032	27032	ATP2C1	ATPase,Ca++transporting,type2C,member1	
27033	27033	27033	ZBTB32	zincfingerandBTBdomaincontaining32	
27034	27034	27034	ACAD8	acyl-CoenzymeAdehydrogenasefamily,member8	
27035	27035	27035	NOX1	NADPHoxidase1	
27036	27036	27036	SIGLEC7	sialicacidbindingIg-likelectin7	
27037	27037	27037	TRMT2A	TRM2tRNAmethyltransferase2homologA(S.cerevisiae)	
27039	27039	27039	PKD2L2	polycystickidneydisease2-like2	
27040	27040	27040	LAT	linkerforactivationofTcells	
27042	27042	27042	C1orf107	chromosome1openreadingframe107	
27043	27043	27043	PELP1	proline,glutamateandleucinerichprotein1	
27044	27044	27044	SND1	staphylococcalnucleaseandtudordomaincontaining1	
2705	2705	2705	GJB1	gapjunctionprotein,beta1,32kDa	
27063	27063	27063	ANKRD1	ankyrinrepeatdomain1(cardiacmuscle)	
27065	27065	27065	D4S234E	DNAsegmentonchromosome4(unique)234expressedsequence	
27067	27067	27067	STAU2	staufen,RNAbindingprotein,homolog2(Drosophila)	
27068	27068	27068	PPA2	pyrophosphatase(inorganic)2	
27069	27069	27069	GHITM	growthhormoneinducibletransmembraneprotein	
2707	2707	2707	GJB3	gapjunctionprotein,beta3,31kDa	
27071	27071	27071	DAPP1	dualadaptorofphosphotyrosineand3-phosphoinositides	
27072	27072	27072	VPS41	vacuolarproteinsorting41homolog(S.cerevisiae)	
27074	27074	27074	LAMP3	lysosomal-associatedmembraneprotein3	
27075	27075	27075	TSPAN13	tetraspanin13	
27076	27076	27076	LYPD3	LY6/PLAURdomaincontaining3	
27077	27077	27077	B9D1	B9proteindomain1	
27079	27079	27079	RPUSD2	RNApseudouridylatesynthasedomaincontaining2	
27087	27087	27087	B3GAT1	beta-1,3-glucuronyltransferase1(glucuronosyltransferaseP)	
27089	27089	27089	UQCRQ	ubiquinol-cytochromecreductase,complexIIIsubunitVII,9.5kDa	
2709	2709	2709	GJB5	gapjunctionprotein,beta5,31.1kDa	
27090	27090	27090	ST6GALNAC4	ST6(alpha-N-acetyl-neuraminyl-2,3-beta-galactosyl-1,3)-N-acetylgalactosaminidealpha-2,6-sialyltransferase4	
27091	27091	27091	CACNG5	calciumchannel,voltage-dependent,gammasubunit5	
27092	27092	27092	CACNG4	calciumchannel,voltage-dependent,gammasubunit4	
27095	27095	27095	TRAPPC3	traffickingproteinparticlecomplex3	
27097	27097	27097	TAF5L	TAF5-likeRNApolymeraseII,p300/CBP-associatedfactor(PCAF)-associatedfactor,65kDa	
27098	27098	27098	CLUL1	clusterin-like1(retinal)	
27099	27099	27099	C7orf54	chromosome7openreadingframe54	
271	271	271	AMPD2	adenosinemonophosphatedeaminase2(isoformL)	
2710	2710	2710	GK	glycerolkinase	
27101	27101	27101	CACYBP	calcyclinbindingprotein	
27102	27102	27102	EIF2AK1	eukaryotictranslationinitiationfactor2-alphakinase1	
27107	27107	27107	ZBTB11	zincfingerandBTBdomaincontaining11	
27109	27109	27109	ATP5S	ATPsynthase,H+transporting,mitochondrialF0complex,subunits(factorB)	
27112	27112	27112	FAM155B	familywithsequencesimilarity155,memberB	
27113	27113	27113	BBC3	BCL2bindingcomponent3	
27115	27115	27115	PDE7B	phosphodiesterase7B	
2712	2712	2712	GK2	glycerolkinase2	
27120	27120	27120	DKKL1	dickkopf-like1(soggy)	
27121	27121	27121	DKK4	dickkopfhomolog4(Xenopuslaevis)	
27122	27122	27122	DKK3	dickkopfhomolog3(Xenopuslaevis)	
27123	27123	27123	DKK2	dickkopfhomolog2(Xenopuslaevis)	
27124	27124	27124	INPP5J	inositolpolyphosphate-5-phosphataseJ	
27125	27125	27125	AFF4	AF4/FMR2family,member4	
27128	27128	27128	CYTH4	cytohesin4	
27129	27129	27129	HSPB7	heatshock27kDaproteinfamily,member7(cardiovascular)	
27130	27130	27130	INVS	inversin	
27131	27131	27131	SNX5	sortingnexin5	
27132	27132	27132	CPNE7	copineVII	
27134	27134	27134	TJP3	tightjunctionprotein3(zonaoccludens3)	
27136	27136	27136	MORC1	MORCfamilyCW-typezincfinger1	
27141	27141	27141	CIDEB	celldeath-inducingDFFA-likeeffectorb	
27147	27147	27147	DENND2A	DENN/MADDdomaincontaining2A	
27156	27156	27156	RTDR1	rhabdoidtumordeletionregiongene1	
27158	27158	27158	NDOR1	NADPHdependentdiflavinoxidoreductase1	
27159	27159	27159	CHIA	chitinase,acidic	
27163	27163	27163	NAAA	N-acylethanolamineacidamidase	
27165	27165	27165	GLS2	glutaminase2(liver,mitochondrial)	
2717	2717	2717	GLA	galactosidase,alpha	
27173	27173	27173	SLC39A1	solutecarrierfamily39(zinctransporter),member1	
27175	27175	27175	TUBG2	tubulin,gamma2	
27178	27178	27178	IL1F7	interleukin1family,member7(zeta)	
27179	27179	27179	IL1F6	interleukin1family,member6(epsilon)	
27180	27180	27180	SIGLEC9	sialicacidbindingIg-likelectin9	
27181	27181	27181	SIGLEC8	sialicacidbindingIg-likelectin8	
27183	27183	27183	VPS4A	vacuolarproteinsorting4homologA(S.cerevisiae)	
27185	27185	27185	DISC1	disruptedinschizophrenia1	
2719	2719	2719	GPC3	glypican3	
27190	27190	27190	IL17B	interleukin17B	
272	272	272	AMPD3	adenosinemonophosphatedeaminase(isoformE)	
2720	2720	2720	GLB1	galactosidase,beta1	
27202	27202	27202	GPR77	Gprotein-coupledreceptor77	
27229	27229	27229	TUBGCP4	tubulin,gammacomplexassociatedprotein4	
27230	27230	27230	SERP1	stress-associatedendoplasmicreticulumprotein1	
27231	27231	27231	ITGB1BP3	integrinbeta1bindingprotein3	
27232	27232	27232	GNMT	glycineN-methyltransferase	
27235	27235	27235	COQ2	coenzymeQ2homolog,prenyltransferase(yeast)	
27236	27236	27236	ARFIP1	ADP-ribosylationfactorinteractingprotein1	
27237	27237	27237	ARHGEF16	Rhoguanineexchangefactor(GEF)16	
27238	27238	27238	GPKOW	GpatchdomainandKOWmotifs	
27239	27239	27239	GPR162	Gprotein-coupledreceptor162	
27240	27240	27240	SIT1	signalingthresholdregulatingtransmembraneadaptor1	
27241	27241	27241	BBS9	Bardet-Biedlsyndrome9	
27242	27242	27242	TNFRSF21	tumornecrosisfactorreceptorsuperfamily,member21	
27243	27243	27243	CHMP2A	chromatinmodifyingprotein2A	
27244	27244	27244	SESN1	sestrin1	
27245	27245	27245	AHDC1	AThook,DNAbindingmotif,containing1	
27246	27246	27246	RNF115	ringfingerprotein115	
27247	27247	27247	NFU1	NFU1iron-sulfurclusterscaffoldhomolog(S.cerevisiae)	
27249	27249	27249	MMADHC	methylmalonicaciduria(cobalamindeficiency)cblDtype,withhomocystinuria	
27250	27250	27250	PDCD4	programmedcelldeath4(neoplastictransformationinhibitor)	
27252	27252	27252	KLHL20	kelch-like20(Drosophila)	
27253	27253	27253	PCDH17	protocadherin17	
27254	27254	27254	CSDC2	coldshockdomaincontainingC2,RNAbinding	
27255	27255	27255	CNTN6	contactin6	
27257	27257	27257	LSM1	LSM1homolog,U6smallnuclearRNAassociated(S.cerevisiae)	
27258	27258	27258	LSM3	LSM3homolog,U6smallnuclearRNAassociated(S.cerevisiae)	
27284	27284	27284	SULT1B1	sulfotransferasefamily,cytosolic,1B,member1	
27285	27285	27285	TEKT2	tektin2(testicular)	
27286	27286	27286	SRPX2	sushi-repeat-containingprotein,X-linked2	
27287	27287	27287	VENTX	VENThomeoboxhomolog(Xenopuslaevis)	
27288	27288	27288	RBMXL2	RNAbindingmotifprotein,X-linked-like2	
27289	27289	27289	RND1	RhofamilyGTPase1	
2729	2729	2729	GCLC	glutamate-cysteineligase,catalyticsubunit	
27290	27290	27290	SPINK4	serinepeptidaseinhibitor,Kazaltype4	
27291	27291	27291	C10orf28	chromosome10openreadingframe28	
27292	27292	27292	DIMT1L	DIM1dimethyladenosinetransferase1-like(S.cerevisiae)	
27293	27293	27293	SMPDL3B	sphingomyelinphosphodiesterase,acid-like3B	
27295	27295	27295	PDLIM3	PDZandLIMdomain3	
27296	27296	27296	TP53TG5	TP53target5	
27297	27297	27297	CRCP	CGRPreceptorcomponent	
27299	27299	27299	ADAMDEC1	ADAM-like,decysin1	
273	273	273	AMPH	amphiphysin	
2730	2730	2730	GCLM	glutamate-cysteineligase,modifiersubunit	
27300	27300	27300	ZNF544	zincfingerprotein544	
27301	27301	27301	APEX2	APEXnuclease(apurinic/apyrimidinicendonuclease)2	
27302	27302	27302	BMP10	bonemorphogeneticprotein10	
27303	27303	27303	RBMS3	RNAbindingmotif,singlestrandedinteractingprotein	
27304	27304	27304	MOCS3	molybdenumcofactorsynthesis3	
27306	27306	27306	HPGDS	hematopoieticprostaglandinDsynthase	
27309	27309	27309	ZNF330	zincfingerprotein330	
2731	2731	2731	GLDC	glycinedehydrogenase(decarboxylating)	
27314	27314	27314	RAB30	RAB30,memberRASoncogenefamily	
27315	27315	27315	PGAP2	post-GPIattachmenttoproteins2	
27324	27324	27324	TOX3	TOXhighmobilitygroupboxfamilymember3	
27328	27328	27328	PCDH11X	protocadherin11X-linked	
27329	27329	27329	ANGPTL3	angiopoietin-like3	
2733	2733	2733	GLE1	GLE1RNAexportmediatorhomolog(yeast)	
27330	27330	27330	RPS6KA6	ribosomalproteinS6kinase,90kDa,polypeptide6	
27332	27332	27332	ZNF638	zincfingerprotein638	
27333	27333	27333	GOLIM4	golgiintegralmembraneprotein4	
27334	27334	27334	P2RY10	purinergicreceptorP2Y,G-proteincoupled,10	
27335	27335	27335	EIF3K	eukaryotictranslationinitiationfactor3,subunitK	
27336	27336	27336	HTATSF1	HIV-1Tatspecificfactor1	
27339	27339	27339	PRPF19	PRP19/PSO4pre-mRNAprocessingfactor19homolog(S.cerevisiae)	
2734	2734	2734	GLG1	golgiapparatusprotein1	
27340	27340	27340	UTP20	UTP20,smallsubunit(SSU)processomecomponent,homolog(yeast)	
27341	27341	27341	RRP7A	ribosomalRNAprocessing7homologA(S.cerevisiae)	
27342	27342	27342	RABGEF1	RABguaninenucleotideexchangefactor(GEF)1	
27343	27343	27343	POLL	polymerase(DNAdirected),lambda	
27344	27344	27344	PCSK1N	proproteinconvertasesubtilisin/kexintype1inhibitor	
27345	27345	27345	KCNMB4	potassiumlargeconductancecalcium-activatedchannel,subfamilyM,betamember4	
27346	27346	27346	TMEM97	transmembraneprotein97	
27347	27347	27347	STK39	serinethreoninekinase39(STE20/SPS1homolog,yeast)	
27348	27348	27348	TOR1B	torsinfamily1,memberB(torsinB)	
27349	27349	27349	MCAT	malonylCoA:ACPacyltransferase(mitochondrial)	
2735	2735	2735	GLI1	GLIfamilyzincfinger1	
27350	27350	27350	APOBEC3C	apolipoproteinBmRNAeditingenzyme,catalyticpolypeptide-like3C	
27351	27351	27351	PPPDE2	PPPDEpeptidasedomaincontaining2	
27352	27352	27352	SGSM3	smallGproteinsignalingmodulator3	
2736	2736	2736	GLI2	GLIfamilyzincfinger2	
2737	2737	2737	GLI3	GLIfamilyzincfinger3	
2739	2739	2739	GLO1	glyoxalaseI	
274	274	274	BIN1	bridgingintegrator1	
2740	2740	2740	GLP1R	glucagon-likepeptide1receptor	
2741	2741	2741	GLRA1	glycinereceptor,alpha1	
2742	2742	2742	GLRA2	glycinereceptor,alpha2	
27429	27429	27429	HTRA2	HtrAserinepeptidase2	
2743	2743	2743	GLRB	glycinereceptor,beta	
27430	27430	27430	MAT2B	methionineadenosyltransferaseII,beta	
27434	27434	27434	POLM	polymerase(DNAdirected),mu	
27436	27436	27436	EML4	echinodermmicrotubuleassociatedproteinlike4	
2744	2744	2744	GLS	glutaminase	
27440	27440	27440	CECR5	cateyesyndromechromosomeregion,candidate5	
2745	2745	2745	GLRX	glutaredoxin(thioltransferase)	
2746	2746	2746	GLUD1	glutamatedehydrogenase1	
2747	2747	2747	GLUD2	glutamatedehydrogenase2	
275	275	275	AMT	aminomethyltransferase	
2752	2752	2752	GLUL	glutamate-ammonialigase(glutaminesynthetase)	
2760	2760	2760	GM2A	GM2gangliosideactivator	
2762	2762	2762	GMDS	GDP-mannose4,6-dehydratase	
2764	2764	2764	GMFB	gliamaturationfactor,beta	
2765	2765	2765	GML	glycosylphosphatidylinositolanchoredmoleculelikeprotein	
2766	2766	2766	GMPR	guanosinemonophosphatereductase	
2767	2767	2767	GNA11	guaninenucleotidebindingprotein(Gprotein),alpha11(Gqclass)	
2768	2768	2768	GNA12	guaninenucleotidebindingprotein(Gprotein)alpha12	
2769	2769	2769	GNA15	guaninenucleotidebindingprotein(Gprotein),alpha15(Gqclass)	
2770	2770	2770	GNAI1	guaninenucleotidebindingprotein(Gprotein),alphainhibitingactivitypolypeptide1	
2771	2771	2771	GNAI2	guaninenucleotidebindingprotein(Gprotein),alphainhibitingactivitypolypeptide2	
2773	2773	2773	GNAI3	guaninenucleotidebindingprotein(Gprotein),alphainhibitingactivitypolypeptide3	
2774	2774	2774	GNAL	guaninenucleotidebindingprotein(Gprotein),alphaactivatingactivitypolypeptide,olfactorytype	
2775	2775	2775	GNAO1	guaninenucleotidebindingprotein(Gprotein),alphaactivatingactivitypolypeptideO	
2776	2776	2776	GNAQ	guaninenucleotidebindingprotein(Gprotein),qpolypeptide	
2778	2778	2778	GNAS	GNAScomplexlocus	
2779	2779	2779	GNAT1	guaninenucleotidebindingprotein(Gprotein),alphatransducingactivitypolypeptide1	
2780	2780	2780	GNAT2	guaninenucleotidebindingprotein(Gprotein),alphatransducingactivitypolypeptide2	
2781	2781	2781	GNAZ	guaninenucleotidebindingprotein(Gprotein),alphazpolypeptide	
2782	2782	2782	GNB1	guaninenucleotidebindingprotein(Gprotein),betapolypeptide1	
2783	2783	2783	GNB2	guaninenucleotidebindingprotein(Gprotein),betapolypeptide2	
2784	2784	2784	GNB3	guaninenucleotidebindingprotein(Gprotein),betapolypeptide3	
2785	2785	2785	GNG3	guaninenucleotidebindingprotein(Gprotein),gamma3	
2786	2786	2786	GNG4	guaninenucleotidebindingprotein(Gprotein),gamma4	
2787	2787	2787	GNG5	guaninenucleotidebindingprotein(Gprotein),gamma5	
2788	2788	2788	GNG7	guaninenucleotidebindingprotein(Gprotein),gamma7	
2791	2791	2791	GNG11	guaninenucleotidebindingprotein(Gprotein),gamma11	
2792	2792	2792	GNGT1	guaninenucleotidebindingprotein(Gprotein),gammatransducingactivitypolypeptide1	
2794	2794	2794	GNL1	guaninenucleotidebindingprotein-like1	
2796	2796	2796	GNRH1	gonadotropin-releasinghormone1(luteinizing-releasinghormone)	
2797	2797	2797	GNRH2	gonadotropin-releasinghormone2	
2798	2798	2798	GNRHR	gonadotropin-releasinghormonereceptor	
2799	2799	2799	GNS	glucosamine(N-acetyl)-6-sulfatase	
28	28	28	ABO	ABObloodgroup(transferaseA,alpha1-3-N-acetylgalactosaminyltransferase;transferaseB,alpha1-3-galactosyltransferase)	
2800	2800	2800	GOLGA1	golgiautoantigen,golginsubfamilya,1	
2801	2801	2801	GOLGA2	golgiautoantigen,golginsubfamilya,2	
2802	2802	2802	GOLGA3	golgiautoantigen,golginsubfamilya,3	
2803	2803	2803	GOLGA4	golgiautoantigen,golginsubfamilya,4	
2804	2804	2804	GOLGB1	golginB1,golgiintegralmembraneprotein	
2805	2805	2805	GOT1	glutamic-oxaloacetictransaminase1,soluble(aspartateaminotransferase1)	
2806	2806	2806	GOT2	glutamic-oxaloacetictransaminase2,mitochondrial(aspartateaminotransferase2)	
2810	2810	2810	SFN	stratifin	
2811	2811	2811	GP1BA	glycoproteinIb(platelet),alphapolypeptide	
2813	2813	2813	GP2	glycoprotein2(zymogengranulemembrane)	
2814	2814	2814	GP5	glycoproteinV(platelet)	
2815	2815	2815	GP9	glycoproteinIX(platelet)	
2817	2817	2817	GPC1	glypican1	
2819	2819	2819	GPD1	glycerol-3-phosphatedehydrogenase1(soluble)	
2820	2820	2820	GPD2	glycerol-3-phosphatedehydrogenase2(mitochondrial)	
2821	2821	2821	GPI	glucosephosphateisomerase	
2822	2822	2822	GPLD1	glycosylphosphatidylinositolspecificphospholipaseD1	
2823	2823	2823	GPM6A	glycoproteinM6A	
28231	28231	28231	SLCO4A1	solutecarrierorganicaniontransporterfamily,member4A1	
28232	28232	28232	SLCO3A1	solutecarrierorganicaniontransporterfamily,member3A1	
28234	28234	28234	SLCO1B3	solutecarrierorganicaniontransporterfamily,member1B3	
2824	2824	2824	GPM6B	glycoproteinM6B	
2825	2825	2825	GPR1	Gprotein-coupledreceptor1	
2826	2826	2826	CCR10	chemokine(C-Cmotif)receptor10	
2827	2827	2827	GPR3	Gprotein-coupledreceptor3	
2828	2828	2828	GPR4	Gprotein-coupledreceptor4	
2829	2829	2829	XCR1	chemokine(Cmotif)receptor1	
283	283	283	ANG	angiogenin,ribonuclease,RNaseAfamily,5	
2830	2830	2830	GPR6	Gprotein-coupledreceptor6	
283106	283106	283106	CSNK2A1P	caseinkinase2,alpha1polypeptidepseudogene	
28316	28316	28316	CDH20	cadherin20,type2	
2832	2832	2832	NPBWR2	neuropeptidesB/Wreceptor2	
283232	283232	283232	TMEM80	transmembraneprotein80	
283298	283298	283298	OLFML1	olfactomedin-like1	
2833	2833	2833	CXCR3	chemokine(C-X-Cmotif)receptor3	
283345	283345	283345	RPL13P5	ribosomalproteinL13pseudogene5	
283491	283491	283491	OR7E156P	olfactoryreceptor,family7,subfamilyE,member156pseudogene	
2835	2835	2835	GPR12	Gprotein-coupledreceptor12	
283537	283537	283537	SLC46A3	solutecarrierfamily46,member3	
283638	283638	283638	KIAA0284	KIAA0284	
2838	2838	2838	GPR15	Gprotein-coupledreceptor15	
283871	283871	283871	PGP	phosphoglycolatephosphatase	
283876	283876	283876	FLJ39639	hypotheticalproteinFLJ39639	
28395	28395	28395	IGHV4-34	immunoglobulinheavyvariable4-34	
284	284	284	ANGPT1	angiopoietin1	
2840	2840	2840	GPR17	Gprotein-coupledreceptor17	
284021	284021	284021	C17orf60	chromosome17openreadingframe60	
28409	28409	28409	IGHV3-73	immunoglobulinheavyvariable3-73	
2841	2841	2841	GPR18	Gprotein-coupledreceptor18	
28410	28410	28410	IGHV3-72	immunoglobulinheavyvariable3-72	
284119	284119	284119	PTRF	polymeraseIandtranscriptreleasefactor	
2842	2842	2842	GPR19	Gprotein-coupledreceptor19	
28425	28425	28425	IGHV3-47	immunoglobulinheavyvariable3-47pseudogene	
2843	2843	2843	GPR20	Gprotein-coupledreceptor20	
284325	284325	284325	C19orf54	chromosome19openreadingframe54	
2844	2844	2844	GPR21	Gprotein-coupledreceptor21	
284403	284403	284403	WDR62	WDrepeatdomain62	
28442	28442	28442	IGHV3-23	immunoglobulinheavyvariable3-23	
2845	2845	2845	GPR22	Gprotein-coupledreceptor22	
28451	28451	28451	IGHV3-9	immunoglobulinheavyvariable3-9	
2846	2846	2846	LPAR4	lysophosphatidicacidreceptor4	
28461	28461	28461	IGHV1-69	immunoglobulinheavyvariable1-69	
2847	2847	2847	MCHR1	melanin-concentratinghormonereceptor1	
28474	28474	28474	IGHV1-2	immunoglobulinheavyvariable1-2	
2848	2848	2848	GPR25	Gprotein-coupledreceptor25	
284800	284800	284800	FAM182A	familywithsequencesimilarity182,memberA	
284904	284904	284904	SEC14L4	SEC14-like4(S.cerevisiae)	
285	285	285	ANGPT2	angiopoietin2	
2850	2850	2850	GPR27	Gprotein-coupledreceptor27	
28511	28511	28511	NKIRAS2	NFKBinhibitorinteractingRas-like2	
28513	28513	28513	CDH19	cadherin19,type2	
2852	2852	2852	GPER	Gprotein-coupledestrogenreceptor1	
285203	285203	285203	C3orf64	chromosome3openreadingframe64	
28526	28526	28526	TRDC	Tcellreceptordeltaconstant	
2853	2853	2853	GPR31	Gprotein-coupledreceptor31	
2854	2854	2854	GPR32	Gprotein-coupledreceptor32	
285412	285412	285412	LOC285412	similartoepidermalLangerhanscellproteinLCP1	
28566	28566	28566	TRBV21-1	Tcellreceptorbetavariable21-1pseudogene	
28571	28571	28571	TRBV16	Tcellreceptorbetavariable16(gene/pseudogene)	
28584	28584	28584	TRBV10-2	Tcellreceptorbetavariable10-2	
2859	2859	2859	GPR35	Gprotein-coupledreceptor35	
286	286	286	ANK1	ankyrin1,erythrocytic	
2861	2861	2861	GPR37	Gprotein-coupledreceptor37(endothelinreceptortypeB-like)	
28613	28613	28613	TRBV5-2	Tcellreceptorbetavariable5-2pseudogene	
286148	286148	286148	DPY19L4	dpy-19-like4(C.elegans)	
2862	2862	2862	MLNR	motilinreceptor	
2863	2863	2863	GPR39	Gprotein-coupledreceptor39	
28639	28639	28639	TRBC1	Tcellreceptorbetaconstant1	
286451	286451	286451	YIPF6	Yip1domainfamily,member6	
28646	28646	28646	TRAV36DV7	Tcellreceptoralphavariable36/deltavariable7	
286495	286495	286495	TTC3L	tetratricopeptiderepeatdomain3-like	
28655	28655	28655	TRAV27	Tcellreceptoralphavariable27	
28662	28662	28662	TRAV21	Tcellreceptoralphavariable21	
28667	28667	28667	TRAV16	Tcellreceptoralphavariable16	
2867	2867	2867	FFAR2	freefattyacidreceptor2	
28670	28670	28670	TRAV13-2	Tcellreceptoralphavariable13-2	
28671	28671	28671	TRAV13-1	Tcellreceptoralphavariable13-1	
28673	28673	28673	TRAV12-2	Tcellreceptoralphavariable12-2	
28676	28676	28676	TRAV10	Tcellreceptoralphavariable10	
28677	28677	28677	TRAV9-2	Tcellreceptoralphavariable9-2	
2868	2868	2868	GRK4	Gprotein-coupledreceptorkinase4	
28680	28680	28680	TRAV8-6	Tcellreceptoralphavariable8-6	
28683	28683	28683	TRAV8-3	Tcellreceptoralphavariable8-3	
2869	2869	2869	GRK5	Gprotein-coupledreceptorkinase5	
287	287	287	ANK2	ankyrin2,neuronal	
2870	2870	2870	GRK6	Gprotein-coupledreceptorkinase6	
2872	2872	2872	MKNK2	MAPkinaseinteractingserine/threoninekinase2	
28727	28727	28727	TRAJ28	Tcellreceptoralphajoining28	
2873	2873	2873	GPS1	Gproteinpathwaysuppressor1	
2874	2874	2874	GPS2	Gproteinpathwaysuppressor2	
2875	2875	2875	GPT	glutamic-pyruvatetransaminase(alanineaminotransferase)	
28755	28755	28755	TRAC	Tcellreceptoralphaconstant	
2876	2876	2876	GPX1	glutathioneperoxidase1	
2877	2877	2877	GPX2	glutathioneperoxidase2(gastrointestinal)	
28778	28778	28778	IGLV6-57	immunoglobulinlambdavariable6-57	
2878	2878	2878	GPX3	glutathioneperoxidase3(plasma)	
28785	28785	28785	IGLV4-60	immunoglobulinlambdavariable4-60	
2879	2879	2879	GPX4	glutathioneperoxidase4(phospholipidhydroperoxidase)	
28793	28793	28793	IGLV3-25	immunoglobulinlambdavariable3-25	
28797	28797	28797	IGLV3-19	immunoglobulinlambdavariable3-19	
288	288	288	ANK3	ankyrin3,nodeofRanvier(ankyrinG)	
2880	2880	2880	GPX5	glutathioneperoxidase5(epididymalandrogen-relatedprotein)	
28803	28803	28803	IGLV3-10	immunoglobulinlambdavariable3-10	
28815	28815	28815	IGLV2-14	immunoglobulinlambdavariable2-14	
2882	2882	2882	GPX7	glutathioneperoxidase7	
28825	28825	28825	IGLV1-40	immunoglobulinlambdavariable1-40	
2885	2885	2885	GRB2	growthfactorreceptor-boundprotein2	
2886	2886	2886	GRB7	growthfactorreceptor-boundprotein7	
2887	2887	2887	GRB10	growthfactorreceptor-boundprotein10	
2888	2888	2888	GRB14	growthfactorreceptor-boundprotein14	
2889	2889	2889	RAPGEF1	Rapguaninenucleotideexchangefactor(GEF)1	
2890	2890	2890	GRIA1	glutamatereceptor,ionotropic,AMPA1	
28904	28904	28904	IGKV1D-8	immunoglobulinkappavariable1D-8	
28908	28908	28908	IGKV4-1	immunoglobulinkappavariable4-1	
2891	2891	2891	GRIA2	glutamatereceptor,ionotropic,AMPA2	
28912	28912	28912	IGKV3-20	immunoglobulinkappavariable3-20	
2892	2892	2892	GRIA3	glutamatereceptor,ionotrophic,AMPA3	
2893	2893	2893	GRIA4	glutamatereceptor,ionotrophic,AMPA4	
28931	28931	28931	IGKV1-37	immunoglobulinkappavariable1-37(non-functional)	
2895	2895	2895	GRID2	glutamatereceptor,ionotropic,delta2	
28951	28951	28951	TRIB2	tribbleshomolog2(Drosophila)	
28952	28952	28952	CCDC22	coiled-coildomaincontaining22	
28954	28954	28954	REM1	RAS(RADandGEM)-likeGTP-binding1	
28955	28955	28955	DEXI	Dexihomolog(mouse)	
28956	28956	28956	ROBLD3	roadblockdomaincontaining3	
28957	28957	28957	MRPS28	mitochondrialribosomalproteinS28	
28958	28958	28958	CCDC56	coiled-coildomaincontaining56	
28959	28959	28959	TMEM176B	transmembraneprotein176B	
2896	2896	2896	GRN	granulin	
28960	28960	28960	DCPS	decappingenzyme,scavenger	
28962	28962	28962	OSTM1	osteopetrosisassociatedtransmembraneprotein1	
28964	28964	28964	GIT1	Gprotein-coupledreceptorkinaseinteractingArfGAP1	
28965	28965	28965	SLC27A6	solutecarrierfamily27(fattyacidtransporter),member6	
28966	28966	28966	SNX24	sortingnexin24	
28968	28968	28968	SLC6A16	solutecarrierfamily6,member16	
28969	28969	28969	BZW2	basicleucinezipperandW2domains2	
2897	2897	2897	GRIK1	glutamatereceptor,ionotropic,kainate1	
28971	28971	28971	C11orf67	chromosome11openreadingframe67	
28972	28972	28972	SPCS1	signalpeptidasecomplexsubunit1homolog(S.cerevisiae)	
28973	28973	28973	MRPS18B	mitochondrialribosomalproteinS18B	
28974	28974	28974	C19orf53	chromosome19openreadingframe53	
28977	28977	28977	MRPL42	mitochondrialribosomalproteinL42	
28978	28978	28978	TMEM14A	transmembraneprotein14A	
28981	28981	28981	IFT81	intraflagellartransport81homolog(Chlamydomonas)	
28984	28984	28984	C13orf15	chromosome13openreadingframe15	
28985	28985	28985	MCTS1	malignantTcellamplifiedsequence1	
28986	28986	28986	MAGEH1	melanomaantigenfamilyH,1	
2899	2899	2899	GRIK3	glutamatereceptor,ionotropic,kainate3	
28990	28990	28990	ASTE1	asteroidhomolog1(Drosophila)	
28992	28992	28992	MACROD1	MACROdomaincontaining1	
28996	28996	28996	HIPK2	homeodomaininteractingproteinkinase2	
28998	28998	28998	MRPL13	mitochondrialribosomalproteinL13	
28999	28999	28999	KLF15	Kruppel-likefactor15	
29	29	29	ABR	activeBCR-relatedgene	
290	290	290	ANPEP	alanyl(membrane)aminopeptidase	
2900	2900	2900	GRIK4	glutamatereceptor,ionotropic,kainate4	
2901	2901	2901	GRIK5	glutamatereceptor,ionotropic,kainate5	
29015	29015	29015	SLC43A3	solutecarrierfamily43,member3	
2902	2902	2902	GRIN1	glutamatereceptor,ionotropic,N-methylD-aspartate1	
29028	29028	29028	ATAD2	ATPasefamily,AAAdomaincontaining2	
2903	2903	2903	GRIN2A	glutamatereceptor,ionotropic,N-methylD-aspartate2A	
29034	29034	29034	LOC29034	hypotheticalLOC29034	
2904	2904	2904	GRIN2B	glutamatereceptor,ionotropic,N-methylD-aspartate2B	
2905	2905	2905	GRIN2C	glutamatereceptor,ionotropic,N-methylD-aspartate2C	
2906	2906	2906	GRIN2D	glutamatereceptor,ionotropic,N-methylD-aspartate2D	
29060	29060	29060	HSPC047	HSPC047 protein	
29062	29062	29062	WDR91	WDrepeatdomain91	
29063	29063	29063	ZCCHC4	zincfinger,CCHCdomaincontaining4	
29065	29065	29065	DDEF1IT1	DDEF1intronictranscript1(non-proteincoding)	
29066	29066	29066	ZC3H7A	zincfingerCCCH-typecontaining7A	
2907	2907	2907	GRINA	glutamatereceptor,ionotropic,N-methylD-aspartate-associatedprotein1(glutamatebinding)	
29071	29071	29071	C1GALT1C1	C1GALT1-specificchaperone1	
29072	29072	29072	SETD2	SETdomaincontaining2	
29074	29074	29074	MRPL18	mitochondrialribosomalproteinL18	
29075	29075	29075	HSPC072	hypotheticalLOC29075	
29078	29078	29078	NDUFAF4	NADHdehydrogenase(ubiquinone)1alphasubcomplex,assemblyfactor4	
29079	29079	29079	MED4	mediatorcomplexsubunit4	
2908	2908	2908	NR3C1	nuclearreceptorsubfamily3,groupC,member1(glucocorticoidreceptor)	
29080	29080	29080	CCDC59	coiled-coildomaincontaining59	
29081	29081	29081	METTL5	methyltransferaselike5	
29082	29082	29082	CHMP4A	chromatinmodifyingprotein4A	
29083	29083	29083	GTPBP8	GTP-bindingprotein8(putative)	
29086	29086	29086	C19orf62	chromosome19openreadingframe62	
29087	29087	29087	THYN1	thymocytenuclearprotein1	
29088	29088	29088	MRPL15	mitochondrialribosomalproteinL15	
2909	2909	2909	GRLF1	glucocorticoidreceptorDNAbindingfactor1	
29091	29091	29091	STXBP6	syntaxinbindingprotein6(amisyn)	
29093	29093	29093	MRPL22	mitochondrialribosomalproteinL22	
29094	29094	29094	HSPC159	galectin-relatedprotein	
29095	29095	29095	ORMDL2	ORM1-like2(S.cerevisiae)	
29097	29097	29097	CNIH4	cornichonhomolog4(Drosophila)	
29098	29098	29098	RANGRF	RANguaninenucleotidereleasefactor	
29099	29099	29099	COMMD9	COMMdomaincontaining9	
291	291	291	SLC25A4	solutecarrierfamily25(mitochondrialcarrier;adeninenucleotidetranslocator),member4	
29100	29100	29100	TMEM208	transmembraneprotein208	
29102	29102	29102	RNASEN	ribonucleasetypeIII,nuclear	
29103	29103	29103	DNAJC15	DnaJ(Hsp40)homolog,subfamilyC,member15	
29104	29104	29104	N6AMT1	N-6adenine-specificDNAmethyltransferase1(putative)	
29105	29105	29105	C16orf80	chromosome16openreadingframe80	
29106	29106	29106	SCG3	secretograninIII	
29107	29107	29107	NXT1	NTF2-likeexportfactor1	
29108	29108	29108	PYCARD	PYDandCARDdomaincontaining	
29109	29109	29109	FHOD1	forminhomology2domaincontaining1	
2911	2911	2911	GRM1	glutamatereceptor,metabotropic1	
29110	29110	29110	TBK1	TANK-bindingkinase1	
29113	29113	29113	C6orf15	chromosome6openreadingframe15	
29114	29114	29114	TAGLN3	transgelin3	
29115	29115	29115	SAP30BP	SAP30bindingprotein	
29116	29116	29116	MYLIP	myosinregulatorylightchaininteractingprotein	
29117	29117	29117	BRD7	bromodomaincontaining7	
29118	29118	29118	DDX25	DEAD(Asp-Glu-Ala-Asp)boxpolypeptide25	
29119	29119	29119	CTNNA3	catenin(cadherin-associatedprotein),alpha3	
2912	2912	2912	GRM2	glutamatereceptor,metabotropic2	
29121	29121	29121	CLEC2D	C-typelectindomainfamily2,memberD	
29122	29122	29122	TSP50	testes-specificprotease50	
29123	29123	29123	ANKRD11	ankyrinrepeatdomain11	
29124	29124	29124	LGALS13	lectin,galactoside-binding,soluble,13	
29127	29127	29127	RACGAP1	RacGTPaseactivatingprotein1	
2913	2913	2913	GRM3	glutamatereceptor,metabotropic3	
2914	2914	2914	GRM4	glutamatereceptor,metabotropic4	
2915	2915	2915	GRM5	glutamatereceptor,metabotropic5	
2916	2916	2916	GRM6	glutamatereceptor,metabotropic6	
2917	2917	2917	GRM7	glutamatereceptor,metabotropic7	
2918	2918	2918	GRM8	glutamatereceptor,metabotropic8	
2919	2919	2919	CXCL1	chemokine(C-X-Cmotif)ligand1(melanomagrowthstimulatingactivity,alpha)	
292	292	292	SLC25A5	solutecarrierfamily25(mitochondrialcarrier;adeninenucleotidetranslocator),member5	
2920	2920	2920	CXCL2	chemokine(C-X-Cmotif)ligand2	
2921	2921	2921	CXCL3	chemokine(C-X-Cmotif)ligand3	
2922	2922	2922	GRP	gastrin-releasingpeptide	
2923	2923	2923	PDIA3	proteindisulfideisomerasefamilyA,member3	
2925	2925	2925	GRPR	gastrin-releasingpeptidereceptor	
2926	2926	2926	GRSF1	G-richRNAsequencebindingfactor1	
2928	2928	2928	GSC2	goosecoidhomeobox2	
2931	2931	2931	GSK3A	glycogensynthasekinase3alpha	
2932	2932	2932	GSK3B	glycogensynthasekinase3beta	
2934	2934	2934	GSN	gelsolin(amyloidosis,Finnishtype)	
2935	2935	2935	GSPT1	G1toSphasetransition1	
2936	2936	2936	GSR	glutathionereductase	
2937	2937	2937	GSS	glutathionesynthetase	
2938	2938	2938	GSTA1	glutathioneS-transferasealpha1	
2940	2940	2940	GSTA3	glutathioneS-transferasealpha3	
2941	2941	2941	GSTA4	glutathioneS-transferasealpha4	
2947	2947	2947	GSTM3	glutathioneS-transferasemu3(brain)	
2948	2948	2948	GSTM4	glutathioneS-transferasemu4	
2949	2949	2949	GSTM5	glutathioneS-transferasemu5	
2950	2950	2950	GSTP1	glutathioneS-transferasepi1	
2952	2952	2952	GSTT1	glutathioneS-transferasetheta1	
2954	2954	2954	GSTZ1	glutathionetransferasezeta1	
2956	2956	2956	MSH6	mutShomolog6(E.coli)	
2957	2957	2957	GTF2A1	generaltranscriptionfactorIIA,1,19/37kDa	
2958	2958	2958	GTF2A2	generaltranscriptionfactorIIA,2,12kDa	
2959	2959	2959	GTF2B	generaltranscriptionfactorIIB	
2960	2960	2960	GTF2E1	generaltranscriptionfactorIIE,polypeptide1,alpha56kDa	
2961	2961	2961	GTF2E2	generaltranscriptionfactorIIE,polypeptide2,beta34kDa	
2962	2962	2962	GTF2F1	generaltranscriptionfactorIIF,polypeptide1,74kDa	
2963	2963	2963	GTF2F2	generaltranscriptionfactorIIF,polypeptide2,30kDa	
2965	2965	2965	GTF2H1	generaltranscriptionfactorIIH,polypeptide1,62kDa	
2968	2968	2968	GTF2H4	generaltranscriptionfactorIIH,polypeptide4,52kDa	
2969	2969	2969	GTF2I	generaltranscriptionfactorIIi	
2972	2972	2972	BRF1	BRF1homolog,subunitofRNApolymeraseIIItranscriptioninitiationfactorIIIB(S.cerevisiae)	
2974	2974	2974	GUCY1B2	guanylatecyclase1,soluble,beta2	
2975	2975	2975	GTF3C1	generaltranscriptionfactorIIIC,polypeptide1,alpha220kDa	
2976	2976	2976	GTF3C2	generaltranscriptionfactorIIIC,polypeptide2,beta110kDa	
29760	29760	29760	BLNK	B-celllinker	
29761	29761	29761	USP25	ubiquitinspecificpeptidase25	
29763	29763	29763	PACSIN3	proteinkinaseCandcaseinkinasesubstrateinneurons3	
29766	29766	29766	TMOD3	tropomodulin3(ubiquitous)	
29767	29767	29767	TMOD2	tropomodulin2(neuronal)	
2977	2977	2977	GUCY1A2	guanylatecyclase1,soluble,alpha2	
29775	29775	29775	CARD10	caspaserecruitmentdomainfamily,member10	
29777	29777	29777	ABT1	activatorofbasaltranscription1	
2978	2978	2978	GUCA1A	guanylatecyclaseactivator1A(retina)	
29780	29780	29780	PARVB	parvin,beta	
29781	29781	29781	NCAPH2	non-SMCcondensinIIcomplex,subunitH2	
29789	29789	29789	OLA1	Obg-likeATPase1	
2979	2979	2979	GUCA1B	guanylatecyclaseactivator1B(retina)	
29796	29796	29796	UCRC	ubiquinol-cytochromecreductasecomplex(7.2kD)	
29799	29799	29799	YPEL1	yippee-like1(Drosophila)	
2980	2980	2980	GUCA2A	guanylatecyclaseactivator2A(guanylin)	
29802	29802	29802	VPREB3	pre-Blymphocyte3	
29803	29803	29803	REPIN1	replicationinitiator1	
2981	2981	2981	GUCA2B	guanylatecyclaseactivator2B(uroguanylin)	
2982	2982	2982	GUCY1A3	guanylatecyclase1,soluble,alpha3	
2983	2983	2983	GUCY1B3	guanylatecyclase1,soluble,beta3	
2984	2984	2984	GUCY2C	guanylatecyclase2C(heatstableenterotoxinreceptor)	
29842	29842	29842	TFCP2L1	transcriptionfactorCP2-like1	
29844	29844	29844	TFPT	TCF3(E2A)fusionpartner(inchildhoodLeukemia)	
29851	29851	29851	ICOS	inducibleT-cellco-stimulator	
29855	29855	29855	UBN1	ubinuclein1	
2986	2986	2986	GUCY2F	guanylatecyclase2F,retinal	
2987	2987	2987	GUK1	guanylatekinase1	
29880	29880	29880	ALG5	asparagine-linkedglycosylation5,dolichyl-phosphatebeta-glucosyltransferasehomolog(S.cerevisiae)	
29881	29881	29881	NPC1L1	NPC1(Niemann-Pickdisease,typeC1,gene)-like1	
29882	29882	29882	ANAPC2	anaphasepromotingcomplexsubunit2	
29883	29883	29883	CNOT7	CCR4-NOTtranscriptioncomplex,subunit7	
29887	29887	29887	SNX10	sortingnexin10	
29888	29888	29888	STRN4	striatin,calmodulinbindingprotein4	
29889	29889	29889	GNL2	guaninenucleotidebindingprotein-like2(nucleolar)	
29890	29890	29890	RBM15B	RNAbindingmotifprotein15B	
29893	29893	29893	PSMC3IP	PSMC3interactingprotein	
29894	29894	29894	CPSF1	cleavageandpolyadenylationspecificfactor1,160kDa	
29895	29895	29895	MYLPF	myosinlightchain,phosphorylatable,fastskeletalmuscle	
29896	29896	29896	TRA2A	transformer2alphahomolog(Drosophila)	
29899	29899	29899	GPSM2	G-proteinsignalingmodulator2(AGS3-like,C.elegans)	
2990	2990	2990	GUSB	glucuronidase,beta	
29901	29901	29901	SAC3D1	SAC3domaincontaining1	
29902	29902	29902	C12orf24	chromosome12openreadingframe24	
29903	29903	29903	CCDC106	coiled-coildomaincontaining106	
29906	29906	29906	ST8SIA5	ST8alpha-N-acetyl-neuraminidealpha-2,8-sialyltransferase5	
29907	29907	29907	SNX15	sortingnexin15	
29909	29909	29909	GPR171	Gprotein-coupledreceptor171	
29911	29911	29911	HOOK2	hookhomolog2(Drosophila)	
29914	29914	29914	UBIAD1	UbiAprenyltransferasedomaincontaining1	
29915	29915	29915	HCFC2	hostcellfactorC2	
29916	29916	29916	SNX11	sortingnexin11	
29919	29919	29919	C18orf8	chromosome18openreadingframe8	
2992	2992	2992	GYG1	glycogenin1	
29922	29922	29922	NME7	non-metastaticcells7,proteinexpressedin(nucleoside-diphosphatekinase)	
29923	29923	29923	C7orf68	chromosome7openreadingframe68	
29924	29924	29924	EPN1	epsin1	
29925	29925	29925	GMPPB	GDP-mannosepyrophosphorylaseB	
29926	29926	29926	GMPPA	GDP-mannosepyrophosphorylaseA	
29927	29927	29927	SEC61A1	Sec61alpha1subunit(S.cerevisiae)	
29928	29928	29928	TIMM22	translocaseofinnermitochondrialmembrane22homolog(yeast)	
29929	29929	29929	ALG6	asparagine-linkedglycosylation6,alpha-1,3-glucosyltransferasehomolog(S.cerevisiae)	
2993	2993	2993	GYPA	glycophorinA(MNSbloodgroup)	
29930	29930	29930	PCDHB1	protocadherinbeta1	
29931	29931	29931	LOH3CR2A	lossofheterozygosity,3,chromosomalregion2,geneA	
29933	29933	29933	GPR132	Gprotein-coupledreceptor132	
29935	29935	29935	RPA4	replicationproteinA4,34kDa	
29937	29937	29937	NENF	neuronderivedneurotrophicfactor	
2994	2994	2994	GYPB	glycophorinB(MNSbloodgroup)	
29940	29940	29940	DSE	dermatansulfateepimerase	
29942	29942	29942	PURG	purine-richelementbindingproteinG	
29943	29943	29943	PADI1	peptidylargininedeiminase,typeI	
29944	29944	29944	PNMA3	paraneoplasticantigenMA3	
29946	29946	29946	SERTAD3	SERTAdomaincontaining3	
29947	29947	29947	DNMT3L	DNA(cytosine-5-)-methyltransferase3-like	
29948	29948	29948	OSGIN1	oxidativestressinducedgrowthinhibitor1	
29949	29949	29949	IL19	interleukin19	
2995	2995	2995	GYPC	glycophorinC(Gerbichbloodgroup)	
29951	29951	29951	PDZRN4	PDZdomaincontainingringfinger4	
29953	29953	29953	TRHDE	thyrotropin-releasinghormonedegradingenzyme	
29954	29954	29954	POMT2	protein-O-mannosyltransferase2	
29956	29956	29956	LASS2	LAG1homolog,ceramidesynthase2	
29957	29957	29957	SLC25A24	solutecarrierfamily25(mitochondrialcarrier;phosphatecarrier),member24	
29959	29959	29959	NRBP1	nuclearreceptorbindingprotein1	
2996	2996	2996	GYPE	glycophorinE	
29960	29960	29960	FTSJ2	FtsJhomolog2(E.coli)	
29964	29964	29964	PRICKLE4	pricklehomolog4(Drosophila)	
29965	29965	29965	C16orf5	chromosome16openreadingframe5	
29966	29966	29966	STRN3	striatin,calmodulinbindingprotein3	
29967	29967	29967	LRP12	lowdensitylipoprotein-relatedprotein12	
29968	29968	29968	PSAT1	phosphoserineaminotransferase1	
29969	29969	29969	MDFIC	MyoDfamilyinhibitordomaincontaining	
2997	2997	2997	GYS1	glycogensynthase1(muscle)	
29970	29970	29970	SCHIP1	schwannomininteractingprotein1	
29974	29974	29974	A1CF	APOBEC1complementationfactor	
29978	29978	29978	UBQLN2	ubiquilin2	
2998	2998	2998	GYS2	glycogensynthase2(liver)	
29980	29980	29980	DONSON	downstreamneighborofSON	
29982	29982	29982	NRBF2	nuclearreceptorbindingfactor2	
29984	29984	29984	RHOD	rashomologgenefamily,memberD	
29986	29986	29986	SLC39A2	solutecarrierfamily39(zinctransporter),member2	
29988	29988	29988	SLC2A8	solutecarrierfamily2(facilitatedglucosetransporter),member8	
2999	2999	2999	GZMH	granzymeH(cathepsinG-like2,proteinh-CCPX)	
29990	29990	29990	PILRB	pairedimmunoglobin-liketype2receptorbeta	
29991	29991	29991	OBP2A	odorantbindingprotein2A	
29992	29992	29992	PILRA	pairedimmunoglobin-liketype2receptoralpha	
29994	29994	29994	BAZ2B	bromodomainadjacenttozincfingerdomain,2B	
29995	29995	29995	LMCD1	LIMandcysteine-richdomains1	
29997	29997	29997	GLTSCR2	gliomatumorsuppressorcandidateregiongene2	
29998	29998	29998	GLTSCR1	gliomatumorsuppressorcandidateregiongene1	
29999	29999	29999	FSCN3	fascinhomolog3,actin-bundlingprotein,testicular(Strongylocentrotuspurpuratus)	
30	30	30	ACAA1	acetyl-CoenzymeAacyltransferase1	
3000	3000	3000	GUCY2D	guanylatecyclase2D,membrane(retina-specific)	
30000	30000	30000	TNPO2	transportin2	
30001	30001	30001	ERO1L	ERO1-like(S.cerevisiae)	
30008	30008	30008	EFEMP2	EGF-containingfibulin-likeextracellularmatrixprotein2	
30009	30009	30009	TBX21	T-box21	
3001	3001	3001	GZMA	granzymeA(granzyme1,cytotoxicT-lymphocyte-associatedserineesterase3)	
30012	30012	30012	TLX3	T-cellleukemiahomeobox3	
3002	3002	3002	GZMB	granzymeB(granzyme2,cytotoxicT-lymphocyte-associatedserineesterase1)	
3003	3003	3003	GZMK	granzymeK(granzyme3;tryptaseII)	
3004	3004	3004	GZMM	granzymeM(lymphocytemet-ase1)	
3005	3005	3005	H1F0	H1histonefamily,member0	
3006	3006	3006	HIST1H1C	histonecluster1,H1c	
30062	30062	30062	RAX	retinaandanteriorneuralfoldhomeobox	
3007	3007	3007	HIST1H1D	histonecluster1,H1d	
3008	3008	3008	HIST1H1E	histonecluster1,H1e	
3009	3009	3009	HIST1H1B	histonecluster1,H1b	
301	301	301	ANXA1	annexinA1	
3012	3012	3012	HIST1H2AE	histonecluster1,H2ae	
3014	3014	3014	H2AFX	H2Ahistonefamily,memberX	
3015	3015	3015	H2AFZ	H2Ahistonefamily,memberZ	
3017	3017	3017	HIST1H2BD	histonecluster1,H2bd	
3018	3018	3018	HIST1H2BB	histonecluster1,H2bb	
302	302	302	ANXA2	annexinA2	
3021	3021	3021	H3F3B	H3histone,family3B(H3.3B)	
3024	3024	3024	HIST1H1A	histonecluster1,H1a	
3026	3026	3026	HABP2	hyaluronanbindingprotein2	
3028	3028	3028	HSD17B10	hydroxysteroid(17-beta)dehydrogenase10	
3029	3029	3029	HAGH	hydroxyacylglutathionehydrolase	
303	303	303	ANXA2P1	annexinA2pseudogene1	
3030	3030	3030	HADHA	hydroxyacyl-CoenzymeAdehydrogenase/3-ketoacyl-CoenzymeAthiolase/enoyl-CoenzymeAhydratase(trifunctionalprotein),alphasubunit	
3032	3032	3032	HADHB	hydroxyacyl-CoenzymeAdehydrogenase/3-ketoacyl-CoenzymeAthiolase/enoyl-CoenzymeAhydratase(trifunctionalprotein),betasubunit	
3033	3033	3033	HADH	hydroxyacyl-CoenzymeAdehydrogenase	
3034	3034	3034	HAL	histidineammonia-lyase	
3035	3035	3035	HARS	histidyl-tRNAsynthetase	
3036	3036	3036	HAS1	hyaluronansynthase1	
3037	3037	3037	HAS2	hyaluronansynthase2	
3040	3040	3040	HBA2	hemoglobin,alpha2	
3043	3043	3043	HBB	hemoglobin,beta	
3044	3044	3044	HBBP1	hemoglobin,betapseudogene1	
3045	3045	3045	HBD	hemoglobin,delta	
3046	3046	3046	HBE1	hemoglobin,epsilon1	
3048	3048	3048	HBG2	hemoglobin,gammaG	
3049	3049	3049	HBQ1	hemoglobin,theta1	
305	305	305	ANXA2P3	annexinA2pseudogene3	
3050	3050	3050	HBZ	hemoglobin,zeta	
3052	3052	3052	HCCS	holocytochromecsynthase(cytochromecheme-lyase)	
3053	3053	3053	SERPIND1	serpinpeptidaseinhibitor,cladeD(heparincofactor),member1	
3054	3054	3054	HCFC1	hostcellfactorC1(VP16-accessoryprotein)	
3055	3055	3055	HCK	hemopoieticcellkinase	
3059	3059	3059	HCLS1	hematopoieticcell-specificLynsubstrate1	
306	306	306	ANXA3	annexinA3	
3060	3060	3060	HCRT	hypocretin(orexin)neuropeptideprecursor	
3061	3061	3061	HCRTR1	hypocretin(orexin)receptor1	
3062	3062	3062	HCRTR2	hypocretin(orexin)receptor2	
3064	3064	3064	HTT	huntingtin	
3065	3065	3065	HDAC1	histonedeacetylase1	
3066	3066	3066	HDAC2	histonedeacetylase2	
3067	3067	3067	HDC	histidinedecarboxylase	
3068	3068	3068	HDGF	hepatoma-derivedgrowthfactor(high-mobilitygroupprotein1-like)	
3069	3069	3069	HDLBP	highdensitylipoproteinbindingprotein	
307	307	307	ANXA4	annexinA4	
3071	3071	3071	NCKAP1L	NCK-associatedprotein1-like	
3073	3073	3073	HEXA	hexosaminidaseA(alphapolypeptide)	
3074	3074	3074	HEXB	hexosaminidaseB(betapolypeptide)	
3075	3075	3075	CFH	complementfactorH	
3077	3077	3077	HFE	hemochromatosis	
308	308	308	ANXA5	annexinA5	
3080	3080	3080	CFHR2	complementfactorH-related2	
30811	30811	30811	HUNK	hormonallyup-regulatedNeu-associatedkinase	
30813	30813	30813	VSX1	visualsystemhomeobox1	
30814	30814	30814	PLA2G2E	phospholipaseA2,groupIIE	
30817	30817	30817	EMR2	egf-likemodulecontaining,mucin-like,hormonereceptor-like2	
30819	30819	30819	KCNIP2	Kvchannelinteractingprotein2	
3082	3082	3082	HGF	hepatocytegrowthfactor(hepapoietinA;scatterfactor)	
30820	30820	30820	KCNIP1	Kvchannelinteractingprotein1	
30827	30827	30827	CXXC1	CXXCfinger1(PHDdomain)	
3083	3083	3083	HGFAC	HGFactivator	
30833	30833	30833	NT5C	5',3'-nucleotidase,cytosolic	
30835	30835	30835	CD209	CD209molecule	
30836	30836	30836	DNTTIP2	deoxynucleotidyltransferase,terminal,interactingprotein2	
30837	30837	30837	SOCS7	suppressorofcytokinesignaling7	
3084	3084	3084	NRG1	neuregulin1	
30844	30844	30844	EHD4	EH-domaincontaining4	
30845	30845	30845	EHD3	EH-domaincontaining3	
30846	30846	30846	EHD2	EH-domaincontaining2	
30848	30848	30848	CTAG2	cancer/testisantigen2	
30849	30849	30849	PIK3R4	phosphoinositide-3-kinase,regulatorysubunit4	
30850	30850	30850	CDR2L	cerebellardegeneration-relatedprotein2-like	
30851	30851	30851	TAX1BP3	Tax1(humanT-cellleukemiavirustypeI)bindingprotein3	
3087	3087	3087	HHEX	hematopoieticallyexpressedhomeobox	
309	309	309	ANXA6	annexinA6	
3090	3090	3090	HIC1	hypermethylatedincancer1	
3091	3091	3091	HIF1A	hypoxiainduciblefactor1,alphasubunit(basichelix-loop-helixtranscriptionfactor)	
3092	3092	3092	HIP1	huntingtininteractingprotein1	
3093	3093	3093	UBE2K	ubiquitin-conjugatingenzymeE2K(UBC1homolog,yeast)	
3094	3094	3094	HINT1	histidinetriadnucleotidebindingprotein1	
3096	3096	3096	HIVEP1	humanimmunodeficiencyvirustypeIenhancerbindingprotein1	
30968	30968	30968	STOML2	stomatin(EPB72)-like2	
3097	3097	3097	HIVEP2	humanimmunodeficiencyvirustypeIenhancerbindingprotein2	
3098	3098	3098	HK1	hexokinase1	
3099	3099	3099	HK2	hexokinase2	
31	31	31	ACACA	acetyl-CoenzymeAcarboxylasealpha	
310	310	310	ANXA7	annexinA7	
3101	3101	3101	HK3	hexokinase3(whitecell)	
3104	3104	3104	ZBTB48	zincfingerandBTBdomaincontaining48	
3105	3105	3105	HLA-A	majorhistocompatibilitycomplex,classI,A	
3106	3106	3106	HLA-B	majorhistocompatibilitycomplex,classI,B	
3107	3107	3107	HLA-C	majorhistocompatibilitycomplex,classI,C	
3108	3108	3108	HLA-DMA	majorhistocompatibilitycomplex,classII,DMalpha	
3109	3109	3109	HLA-DMB	majorhistocompatibilitycomplex,classII,DMbeta	
311	311	311	ANXA11	annexinA11	
3110	3110	3110	MNX1	motorneuronandpancreashomeobox1	
3111	3111	3111	HLA-DOA	majorhistocompatibilitycomplex,classII,DOalpha	
3112	3112	3112	HLA-DOB	majorhistocompatibilitycomplex,classII,DObeta	
3113	3113	3113	HLA-DPA1	majorhistocompatibilitycomplex,classII,DPalpha1	
3115	3115	3115	HLA-DPB1	majorhistocompatibilitycomplex,classII,DPbeta1	
3117	3117	3117	HLA-DQA1	majorhistocompatibilitycomplex,classII,DQalpha1	
3119	3119	3119	HLA-DQB1	majorhistocompatibilitycomplex,classII,DQbeta1	
312	312	312	ANXA13	annexinA13	
3120	3120	3120	HLA-DQB2	majorhistocompatibilitycomplex,classII,DQbeta2	
3122	3122	3122	HLA-DRA	majorhistocompatibilitycomplex,classII,DRalpha	
3123	3123	3123	HLA-DRB1	majorhistocompatibilitycomplex,classII,DRbeta1	
3128	3128	3128	HLA-DRB6	majorhistocompatibilitycomplex,classII,DRbeta6(pseudogene)	
313	313	313	AOAH	acyloxyacylhydrolase(neutrophil)	
3131	3131	3131	HLF	hepaticleukemiafactor	
3133	3133	3133	HLA-E	majorhistocompatibilitycomplex,classI,E	
3134	3134	3134	HLA-F	majorhistocompatibilitycomplex,classI,F	
3135	3135	3135	HLA-G	majorhistocompatibilitycomplex,classI,G	
314	314	314	AOC2	amineoxidase,coppercontaining2(retina-specific)	
3140	3140	3140	MR1	majorhistocompatibilitycomplex,classI-related	
3141	3141	3141	HLCS	holocarboxylasesynthetase(biotin-(proprionyl-CoenzymeA-carboxylase(ATP-hydrolysing))ligase)	
3142	3142	3142	HLX	H2.0-likehomeobox	
3145	3145	3145	HMBS	hydroxymethylbilanesynthase	
3148	3148	3148	HMGB2	high-mobilitygroupbox2	
3149	3149	3149	HMGB3	high-mobilitygroupbox3	
3150	3150	3150	HMGN1	high-mobilitygroupnucleosomebindingdomain1	
3155	3155	3155	HMGCL	3-hydroxymethyl-3-methylglutaryl-CoenzymeAlyase	
3156	3156	3156	HMGCR	3-hydroxy-3-methylglutaryl-CoenzymeAreductase	
3157	3157	3157	HMGCS1	3-hydroxy-3-methylglutaryl-CoenzymeAsynthase1(soluble)	
3158	3158	3158	HMGCS2	3-hydroxy-3-methylglutaryl-CoenzymeAsynthase2(mitochondrial)	
3159	3159	3159	HMGA1	highmobilitygroupAT-hook1	
316	316	316	AOX1	aldehydeoxidase1	
3161	3161	3161	HMMR	hyaluronan-mediatedmotilityreceptor(RHAMM)	
3162	3162	3162	HMOX1	hemeoxygenase(decycling)1	
3163	3163	3163	HMOX2	hemeoxygenase(decycling)2	
3164	3164	3164	NR4A1	nuclearreceptorsubfamily4,groupA,member1	
3169	3169	3169	FOXA1	forkheadboxA1	
317	317	317	APAF1	apoptoticpeptidaseactivatingfactor1	
3170	3170	3170	FOXA2	forkheadboxA2	
3172	3172	3172	HNF4A	hepatocytenuclearfactor4,alpha	
3174	3174	3174	HNF4G	hepatocytenuclearfactor4,gamma	
3175	3175	3175	ONECUT1	onecuthomeobox1	
3176	3176	3176	HNMT	histamineN-methyltransferase	
3177	3177	3177	SLC29A2	solutecarrierfamily29(nucleosidetransporters),member2	
317781	317781	317781	DDX51	DEAD(Asp-Glu-Ala-Asp)boxpolypeptide51	
3178	3178	3178	HNRNPA1	heterogeneousnuclearribonucleoproteinA1	
318	318	318	NUDT2	nudix(nucleosidediphosphatelinkedmoietyX)-typemotif2	
3181	3181	3181	HNRNPA2B1	heterogeneousnuclearribonucleoproteinA2/B1	
3182	3182	3182	HNRNPAB	heterogeneousnuclearribonucleoproteinA/B	
3183	3183	3183	HNRNPC	heterogeneousnuclearribonucleoproteinC(C1/C2)	
3184	3184	3184	HNRNPD	heterogeneousnuclearribonucleoproteinD(AU-richelementRNAbindingprotein1,37kDa)	
3185	3185	3185	HNRNPF	heterogeneousnuclearribonucleoproteinF	
3187	3187	3187	HNRNPH1	heterogeneousnuclearribonucleoproteinH1(H)	
3188	3188	3188	HNRNPH2	heterogeneousnuclearribonucleoproteinH2(H')	
3189	3189	3189	HNRNPH3	heterogeneousnuclearribonucleoproteinH3(2H9)	
319	319	319	APOF	apolipoproteinF	
3190	3190	3190	HNRNPK	heterogeneousnuclearribonucleoproteinK	
3191	3191	3191	HNRNPL	heterogeneousnuclearribonucleoproteinL	
3192	3192	3192	HNRNPU	heterogeneousnuclearribonucleoproteinU(scaffoldattachmentfactorA)	
3195	3195	3195	TLX1	T-cellleukemiahomeobox1	
3196	3196	3196	TLX2	T-cellleukemiahomeobox2	
3198	3198	3198	HOXA1	homeoboxA1	
3199	3199	3199	HOXA2	homeoboxA2	
32	32	32	ACACB	acetyl-CoenzymeAcarboxylasebeta	
320	320	320	APBA1	amyloidbeta(A4)precursorprotein-binding,familyA,member1	
3200	3200	3200	HOXA3	homeoboxA3	
3201	3201	3201	HOXA4	homeoboxA4	
3202	3202	3202	HOXA5	homeoboxA5	
3203	3203	3203	HOXA6	homeoboxA6	
3204	3204	3204	HOXA7	homeoboxA7	
3205	3205	3205	HOXA9	homeoboxA9	
3206	3206	3206	HOXA10	homeoboxA10	
3207	3207	3207	HOXA11	homeoboxA11	
3208	3208	3208	HPCA	hippocalcin	
321	321	321	APBA2	amyloidbeta(A4)precursorprotein-binding,familyA,member2	
3211	3211	3211	HOXB1	homeoboxB1	
3212	3212	3212	HOXB2	homeoboxB2	
3213	3213	3213	HOXB3	homeoboxB3	
3215	3215	3215	HOXB5	homeoboxB5	
3216	3216	3216	HOXB6	homeoboxB6	
3217	3217	3217	HOXB7	homeoboxB7	
3218	3218	3218	HOXB8	homeoboxB8	
3219	3219	3219	HOXB9	homeoboxB9	
322	322	322	APBB1	amyloidbeta(A4)precursorprotein-binding,familyB,member1(Fe65)	
3221	3221	3221	HOXC4	homeoboxC4	
3222	3222	3222	HOXC5	homeoboxC5	
3223	3223	3223	HOXC6	homeoboxC6	
3224	3224	3224	HOXC8	homeoboxC8	
3226	3226	3226	HOXC10	homeoboxC10	
3227	3227	3227	HOXC11	homeoboxC11	
3229	3229	3229	HOXC13	homeoboxC13	
323	323	323	APBB2	amyloidbeta(A4)precursorprotein-binding,familyB,member2	
3231	3231	3231	HOXD1	homeoboxD1	
3232	3232	3232	HOXD3	homeoboxD3	
3235	3235	3235	HOXD9	homeoboxD9	
3236	3236	3236	HOXD10	homeoboxD10	
3237	3237	3237	HOXD11	homeoboxD11	
3238	3238	3238	HOXD12	homeoboxD12	
3239	3239	3239	HOXD13	homeoboxD13	
324	324	324	APC	adenomatouspolyposiscoli	
3240	3240	3240	HP	haptoglobin	
3241	3241	3241	HPCAL1	hippocalcin-like1	
3242	3242	3242	HPD	4-hydroxyphenylpyruvatedioxygenase	
3248	3248	3248	HPGD	hydroxyprostaglandindehydrogenase15-(NAD)	
3249	3249	3249	HPN	hepsin	
325	325	325	APCS	amyloidPcomponent,serum	
3250	3250	3250	HPR	haptoglobin-relatedprotein	
3251	3251	3251	HPRT1	hypoxanthinephosphoribosyltransferase1	
3257	3257	3257	HPS1	Hermansky-Pudlaksyndrome1	
326	326	326	AIRE	autoimmuneregulator	
3263	3263	3263	HPX	hemopexin	
3265	3265	3265	HRAS	v-Ha-rasHarveyratsarcomaviraloncogenehomolog	
3267	3267	3267	AGFG1	ArfGAPwithFGrepeats1	
3268	3268	3268	AGFG2	ArfGAPwithFGrepeats2	
3269	3269	3269	HRH1	histaminereceptorH1	
327	327	327	APEH	N-acylaminoacyl-peptidehydrolase	
3270	3270	3270	HRC	histidinerichcalciumbindingprotein	
3273	3273	3273	HRG	histidine-richglycoprotein	
3274	3274	3274	HRH2	histaminereceptorH2	
3275	3275	3275	PRMT2	proteinargininemethyltransferase2	
3276	3276	3276	PRMT1	proteinargininemethyltransferase1	
328	328	328	APEX1	APEXnuclease(multifunctionalDNArepairenzyme)1	
3280	3280	3280	HES1	hairyandenhancerofsplit1,(Drosophila)	
3281	3281	3281	HSBP1	heatshockfactorbindingprotein1	
3283	3283	3283	HSD3B1	hydroxy-delta-5-steroiddehydrogenase,3beta-andsteroiddelta-isomerase1	
3284	3284	3284	HSD3B2	hydroxy-delta-5-steroiddehydrogenase,3beta-andsteroiddelta-isomerase2	
329	329	329	BIRC2	baculoviralIAPrepeat-containing2	
3290	3290	3290	HSD11B1	hydroxysteroid(11-beta)dehydrogenase1	
3291	3291	3291	HSD11B2	hydroxysteroid(11-beta)dehydrogenase2	
3292	3292	3292	HSD17B1	hydroxysteroid(17-beta)dehydrogenase1	
3293	3293	3293	HSD17B3	hydroxysteroid(17-beta)dehydrogenase3	
3294	3294	3294	HSD17B2	hydroxysteroid(17-beta)dehydrogenase2	
3295	3295	3295	HSD17B4	hydroxysteroid(17-beta)dehydrogenase4	
3297	3297	3297	HSF1	heatshocktranscriptionfactor1	
3298	3298	3298	HSF2	heatshocktranscriptionfactor2	
3299	3299	3299	HSF4	heatshocktranscriptionfactor4	
33	33	33	ACADL	acyl-CoenzymeAdehydrogenase,longchain	
330	330	330	BIRC3	baculoviralIAPrepeat-containing3	
3300	3300	3300	DNAJB2	DnaJ(Hsp40)homolog,subfamilyB,member2	
3301	3301	3301	DNAJA1	DnaJ(Hsp40)homolog,subfamilyA,member1	
3303	3303	3303	HSPA1A	heatshock70kDaprotein1A	
3304	3304	3304	HSPA1B	heatshock70kDaprotein1B	
3305	3305	3305	HSPA1L	heatshock70kDaprotein1-like	
3306	3306	3306	HSPA2	heatshock70kDaprotein2	
3308	3308	3308	HSPA4	heatshock70kDaprotein4	
3309	3309	3309	HSPA5	heatshock70kDaprotein5(glucose-regulatedprotein,78kDa)	
331	331	331	XIAP	X-linkedinhibitorofapoptosis	
3310	3310	3310	HSPA6	heatshock70kDaprotein6(HSP70B')	
3312	3312	3312	HSPA8	heatshock70kDaprotein8	
3313	3313	3313	HSPA9	heatshock70kDaprotein9(mortalin)	
3316	3316	3316	HSPB2	heatshock27kDaprotein2	
332	332	332	BIRC5	baculoviralIAPrepeat-containing5	
3320	3320	3320	HSP90AA1	heatshockprotein90kDaalpha(cytosolic),classAmember1	
3321	3321	3321	IGSF3	immunoglobulinsuperfamily,member3	
3326	3326	3326	HSP90AB1	heatshockprotein90kDaalpha(cytosolic),classBmember1	
333	333	333	APLP1	amyloidbeta(A4)precursor-likeprotein1	
3336	3336	3336	HSPE1	heatshock10kDaprotein1(chaperonin10)	
3337	3337	3337	DNAJB1	DnaJ(Hsp40)homolog,subfamilyB,member1	
3338	3338	3338	DNAJC4	DnaJ(Hsp40)homolog,subfamilyC,member4	
3339	3339	3339	HSPG2	heparansulfateproteoglycan2	
334	334	334	APLP2	amyloidbeta(A4)precursor-likeprotein2	
3340	3340	3340	NDST1	N-deacetylase/N-sulfotransferase(heparanglucosaminyl)1	
3344	3344	3344	FOXN2	forkheadboxN2	
3346	3346	3346	HTN1	histatin1	
3347	3347	3347	HTN3	histatin3	
335	335	335	APOA1	apolipoproteinA-I	
3350	3350	3350	HTR1A	5-hydroxytryptamine(serotonin)receptor1A	
3351	3351	3351	HTR1B	5-hydroxytryptamine(serotonin)receptor1B	
3352	3352	3352	HTR1D	5-hydroxytryptamine(serotonin)receptor1D	
3354	3354	3354	HTR1E	5-hydroxytryptamine(serotonin)receptor1E	
3355	3355	3355	HTR1F	5-hydroxytryptamine(serotonin)receptor1F	
3356	3356	3356	HTR2A	5-hydroxytryptamine(serotonin)receptor2A	
3357	3357	3357	HTR2B	5-hydroxytryptamine(serotonin)receptor2B	
3358	3358	3358	HTR2C	5-hydroxytryptamine(serotonin)receptor2C	
3359	3359	3359	HTR3A	5-hydroxytryptamine(serotonin)receptor3A	
336	336	336	APOA2	apolipoproteinA-II	
3360	3360	3360	HTR4	5-hydroxytryptamine(serotonin)receptor4	
3361	3361	3361	HTR5A	5-hydroxytryptamine(serotonin)receptor5A	
3363	3363	3363	HTR7	5-hydroxytryptamine(serotonin)receptor7(adenylatecyclase-coupled)	
3364	3364	3364	HUS1	HUS1checkpointhomolog(S.pombe)	
337	337	337	APOA4	apolipoproteinA-IV	
3371	3371	3371	TNC	tenascinC	
3373	3373	3373	HYAL1	hyaluronoglucosaminidase1	
3375	3375	3375	IAPP	isletamyloidpolypeptide	
3376	3376	3376	IARS	isoleucyl-tRNAsynthetase	
338	338	338	APOB	apolipoproteinB(includingAg(x)antigen)	
3381	3381	3381	IBSP	integrin-bindingsialoprotein	
3382	3382	3382	ICA1	isletcellautoantigen1,69kDa	
3383	3383	3383	ICAM1	intercellularadhesionmolecule1	
3384	3384	3384	ICAM2	intercellularadhesionmolecule2	
3385	3385	3385	ICAM3	intercellularadhesionmolecule3	
3386	3386	3386	ICAM4	intercellularadhesionmolecule4(Landsteiner-Wienerbloodgroup)	
338645	338645	338645	LUZP2	leucinezipperprotein2	
339	339	339	APOBEC1	apolipoproteinBmRNAeditingenzyme,catalyticpolypeptide1	
339229	339229	339229	C17orf90	chromosome17openreadingframe90	
3394	3394	3394	IRF8	interferonregulatoryfactor8	
339448	339448	339448	C1orf174	chromosome1openreadingframe174	
339457	339457	339457	C1orf222	chromosome1openreadingframe222	
339479	339479	339479	FAM5C	familywithsequencesimilarity5,memberC	
3396	3396	3396	ICT1	immaturecoloncarcinomatranscript1	
3397	3397	3397	ID1	inhibitorofDNAbinding1,dominantnegativehelix-loop-helixprotein	
3398	3398	3398	ID2	inhibitorofDNAbinding2,dominantnegativehelix-loop-helixprotein	
3399	3399	3399	ID3	inhibitorofDNAbinding3,dominantnegativehelix-loop-helixprotein	
34	34	34	ACADM	acyl-CoenzymeAdehydrogenase,C-4toC-12straightchain	
3400	3400	3400	ID4	inhibitorofDNAbinding4,dominantnegativehelix-loop-helixprotein	
341	341	341	APOC1	apolipoproteinC-I	
3416	3416	3416	IDE	insulin-degradingenzyme	
341651	341651	341651	LOC341651	similar to Fumarate hydratase, mitochondrial precursor (Fumarase)	
3417	3417	3417	IDH1	isocitratedehydrogenase1(NADP+),soluble	
3418	3418	3418	IDH2	isocitratedehydrogenase2(NADP+),mitochondrial	
3419	3419	3419	IDH3A	isocitratedehydrogenase3(NAD+)alpha	
3420	3420	3420	IDH3B	isocitratedehydrogenase3(NAD+)beta	
3421	3421	3421	IDH3G	isocitratedehydrogenase3(NAD+)gamma	
3422	3422	3422	IDI1	isopentenyl-diphosphatedeltaisomerase1	
3423	3423	3423	IDS	iduronate2-sulfatase	
3425	3425	3425	IDUA	iduronidase,alpha-L-	
342538	342538	342538	NACA2	nascentpolypeptide-associatedcomplexalphasubunit2	
3426	3426	3426	CFI	complementfactorI	
3428	3428	3428	IFI16	interferon,gamma-inducibleprotein16	
3429	3429	3429	IFI27	interferon,alpha-inducibleprotein27	
343	343	343	AQP8	aquaporin8	
3430	3430	3430	IFI35	interferon-inducedprotein35	
3431	3431	3431	SP110	SP110nuclearbodyprotein	
3433	3433	3433	IFIT2	interferon-inducedproteinwithtetratricopeptiderepeats2	
3434	3434	3434	IFIT1	interferon-inducedproteinwithtetratricopeptiderepeats1	
3437	3437	3437	IFIT3	interferon-inducedproteinwithtetratricopeptiderepeats3	
3439	3439	3439	IFNA1	interferon,alpha1	
344	344	344	APOC2	apolipoproteinC-II	
3440	3440	3440	IFNA2	interferon,alpha2	
3442	3442	3442	IFNA5	interferon,alpha5	
3443	3443	3443	IFNA6	interferon,alpha6	
3444	3444	3444	IFNA7	interferon,alpha7	
3445	3445	3445	IFNA8	interferon,alpha8	
3446	3446	3446	IFNA10	interferon,alpha10	
3449	3449	3449	IFNA16	interferon,alpha16	
345	345	345	APOC3	apolipoproteinC-III	
3452	3452	3452	IFNA21	interferon,alpha21	
3454	3454	3454	IFNAR1	interferon(alpha,betaandomega)receptor1	
3455	3455	3455	IFNAR2	interferon(alpha,betaandomega)receptor2	
3456	3456	3456	IFNB1	interferon,beta1,fibroblast	
3458	3458	3458	IFNG	interferon,gamma	
3459	3459	3459	IFNGR1	interferongammareceptor1	
346	346	346	APOC4	apolipoproteinC-IV	
3460	3460	3460	IFNGR2	interferongammareceptor2(interferongammatransducer1)	
346157	346157	346157	ZNF391	zincfingerprotein391	
346329	346329	346329	LOC346329	similartoguaninenucleotidebindingprotein,alpha11	
346562	346562	346562	GNAT3	guaninenucleotidebindingprotein,alphatransducing3	
3467	3467	3467	IFNW1	interferon,omega1	
347	347	347	APOD	apolipoproteinD	
3475	3475	3475	IFRD1	interferon-relateddevelopmentalregulator1	
347544	347544	347544	RPL18AP16	ribosomalproteinL18apseudogene16	
3476	3476	3476	IGBP1	immunoglobulin(CD79A)bindingprotein1	
347733	347733	347733	TUBB2B	tubulin,beta2B	
347853	347853	347853	TBX10	T-box10	
3479	3479	3479	IGF1	insulin-likegrowthfactor1(somatomedinC)	
347902	347902	347902	AMIGO2	adhesionmoleculewithIg-likedomain2	
348	348	348	APOE	apolipoproteinE	
3481	3481	3481	IGF2	insulin-likegrowthfactor2(somatomedinA)	
3482	3482	3482	IGF2R	insulin-likegrowthfactor2receptor	
3483	3483	3483	IGFALS	insulin-likegrowthfactorbindingprotein,acidlabilesubunit	
3484	3484	3484	IGFBP1	insulin-likegrowthfactorbindingprotein1	
3485	3485	3485	IGFBP2	insulin-likegrowthfactorbindingprotein2,36kDa	
3486	3486	3486	IGFBP3	insulin-likegrowthfactorbindingprotein3	
3487	3487	3487	IGFBP4	insulin-likegrowthfactorbindingprotein4	
3488	3488	3488	IGFBP5	insulin-likegrowthfactorbindingprotein5	
3489	3489	3489	IGFBP6	insulin-likegrowthfactorbindingprotein6	
348995	348995	348995	NUP43	nucleoporin43kDa	
3490	3490	3490	IGFBP7	insulin-likegrowthfactorbindingprotein7	
3491	3491	3491	CYR61	cysteine-rich,angiogenicinducer,61	
3493	3493	3493	IGHA1	immunoglobulinheavyconstantalpha1	
3495	3495	3495	IGHD	immunoglobulinheavyconstantdelta	
3497	3497	3497	IGHE	immunoglobulinheavyconstantepsilon	
35	35	35	ACADS	acyl-CoenzymeAdehydrogenase,C-2toC-3shortchain	
350	350	350	APOH	apolipoproteinH(beta-2-glycoproteinI)	
3507	3507	3507	IGHM	immunoglobulinheavyconstantmu	
3508	3508	3508	IGHMBP2	immunoglobulinmubindingprotein2	
351	351	351	APP	amyloidbeta(A4)precursorprotein	
3512	3512	3512	IGJ	immunoglobulinJpolypeptide,linkerproteinforimmunoglobulinalphaandmupolypeptides	
3514	3514	3514	IGKC	immunoglobulinkappaconstant	
3516	3516	3516	RBPJ	recombinationsignalbindingproteinforimmunoglobulinkappaJregion	
352961	352961	352961	HCG26	HLAcomplexgroup26	
353	353	353	APRT	adeninephosphoribosyltransferase	
353189	353189	353189	SLCO4C1	solutecarrierorganicaniontransporterfamily,member4C1	
353500	353500	353500	BMP8A	bonemorphogeneticprotein8a	
353514	353514	353514	LILRA5	leukocyteimmunoglobulin-likereceptor,subfamilyA(withTMdomain),member5	
354	354	354	KLK3	kallikrein-relatedpeptidase3	
3543	3543	3543	IGLL1	immunoglobulinlambda-likepolypeptide1	
3547	3547	3547	IGSF1	immunoglobulinsuperfamily,member1	
355	355	355	FAS	Fas(TNFreceptorsuperfamily,member6)	
3550	3550	3550	IK	IKcytokine,down-regulatorofHLAII	
3551	3551	3551	IKBKB	inhibitorofkappalightpolypeptidegeneenhancerinB-cells,kinasebeta	
3552	3552	3552	IL1A	interleukin1,alpha	
3553	3553	3553	IL1B	interleukin1,beta	
3554	3554	3554	IL1R1	interleukin1receptor,typeI	
3556	3556	3556	IL1RAP	interleukin1receptoraccessoryprotein	
3557	3557	3557	IL1RN	interleukin1receptorantagonist	
3558	3558	3558	IL2	interleukin2	
3559	3559	3559	IL2RA	interleukin2receptor,alpha	
356	356	356	FASLG	Fasligand(TNFsuperfamily,member6)	
3560	3560	3560	IL2RB	interleukin2receptor,beta	
3561	3561	3561	IL2RG	interleukin2receptor,gamma(severecombinedimmunodeficiency)	
3562	3562	3562	IL3	interleukin3(colony-stimulatingfactor,multiple)	
3565	3565	3565	IL4	interleukin4	
3566	3566	3566	IL4R	interleukin4receptor	
3567	3567	3567	IL5	interleukin5(colony-stimulatingfactor,eosinophil)	
3568	3568	3568	IL5RA	interleukin5receptor,alpha	
3569	3569	3569	IL6	interleukin6(interferon,beta2)	
357	357	357	SHROOM2	shroomfamilymember2	
3570	3570	3570	IL6R	interleukin6receptor	
3572	3572	3572	IL6ST	interleukin6signaltransducer(gp130,oncostatinMreceptor)	
3574	3574	3574	IL7	interleukin7	
3575	3575	3575	IL7R	interleukin7receptor	
3576	3576	3576	IL8	interleukin8	
3577	3577	3577	IL8RA	interleukin8receptor,alpha	
3578	3578	3578	IL9	interleukin9	
3579	3579	3579	IL8RB	interleukin8receptor,beta	
358	358	358	AQP1	aquaporin1(Coltonbloodgroup)	
3586	3586	3586	IL10	interleukin10	
3587	3587	3587	IL10RA	interleukin10receptor,alpha	
3588	3588	3588	IL10RB	interleukin10receptor,beta	
3589	3589	3589	IL11	interleukin11	
359	359	359	AQP2	aquaporin2(collectingduct)	
3590	3590	3590	IL11RA	interleukin11receptor,alpha	
3592	3592	3592	IL12A	interleukin12A(naturalkillercellstimulatoryfactor1,cytotoxiclymphocytematurationfactor1,p35)	
3593	3593	3593	IL12B	interleukin12B(naturalkillercellstimulatoryfactor2,cytotoxiclymphocytematurationfactor2,p40)	
3594	3594	3594	IL12RB1	interleukin12receptor,beta1	
3595	3595	3595	IL12RB2	interleukin12receptor,beta2	
3596	3596	3596	IL13	interleukin13	
3597	3597	3597	IL13RA1	interleukin13receptor,alpha1	
3598	3598	3598	IL13RA2	interleukin13receptor,alpha2	
36	36	36	ACADSB	acyl-CoenzymeAdehydrogenase,short/branchedchain	
360	360	360	AQP3	aquaporin3(Gillbloodgroup)	
3600	3600	3600	IL15	interleukin15	
3601	3601	3601	IL15RA	interleukin15receptor,alpha	
3603	3603	3603	IL16	interleukin16(lymphocytechemoattractantfactor)	
3604	3604	3604	TNFRSF9	tumornecrosisfactorreceptorsuperfamily,member9	
3605	3605	3605	IL17A	interleukin17A	
3606	3606	3606	IL18	interleukin18(interferon-gamma-inducingfactor)	
3607	3607	3607	FOXK2	forkheadboxK2	
3608	3608	3608	ILF2	interleukinenhancerbindingfactor2,45kDa	
3609	3609	3609	ILF3	interleukinenhancerbindingfactor3,90kDa	
361	361	361	AQP4	aquaporin4	
3611	3611	3611	ILK	integrin-linkedkinase	
3612	3612	3612	IMPA1	inositol(myo)-1(or4)-monophosphatase1	
3613	3613	3613	IMPA2	inositol(myo)-1(or4)-monophosphatase2	
3614	3614	3614	IMPDH1	IMP(inosinemonophosphate)dehydrogenase1	
3615	3615	3615	IMPDH2	IMP(inosinemonophosphate)dehydrogenase2	
3617	3617	3617	IMPG1	interphotoreceptormatrixproteoglycan1	
3619	3619	3619	INCENP	innercentromereproteinantigens135/155kDa	
3620	3620	3620	IDO1	indoleamine2,3-dioxygenase1	
3621	3621	3621	ING1	inhibitorofgrowthfamily,member1	
3622	3622	3622	ING2	inhibitorofgrowthfamily,member2	
3623	3623	3623	INHA	inhibin,alpha	
3624	3624	3624	INHBA	inhibin,betaA	
3625	3625	3625	INHBB	inhibin,betaB	
3626	3626	3626	INHBC	inhibin,betaC	
3627	3627	3627	CXCL10	chemokine(C-X-Cmotif)ligand10	
3628	3628	3628	INPP1	inositolpolyphosphate-1-phosphatase	
363	363	363	AQP6	aquaporin6,kidneyspecific	
3630	3630	3630	INS	insulin	
3631	3631	3631	INPP4A	inositolpolyphosphate-4-phosphatase,typeI,107kDa	
3632	3632	3632	INPP5A	inositolpolyphosphate-5-phosphatase,40kDa	
3633	3633	3633	INPP5B	inositolpolyphosphate-5-phosphatase,75kDa	
3635	3635	3635	INPP5D	inositolpolyphosphate-5-phosphatase,145kDa	
3636	3636	3636	INPPL1	inositolpolyphosphatephosphatase-like1	
3638	3638	3638	INSIG1	insulininducedgene1	
364	364	364	AQP7	aquaporin7	
3640	3640	3640	INSL3	insulin-like3(Leydigcell)	
3641	3641	3641	INSL4	insulin-like4(placenta)	
3642	3642	3642	INSM1	insulinoma-associated1	
3643	3643	3643	INSR	insulinreceptor	
3645	3645	3645	INSRR	insulinreceptor-relatedreceptor	
3646	3646	3646	EIF3E	eukaryotictranslationinitiationfactor3,subunitE	
3651	3651	3651	PDX1	pancreaticandduodenalhomeobox1	
3652	3652	3652	IPP	intracisternalAparticle-promotedpolypeptide	
3654	3654	3654	IRAK1	interleukin-1receptor-associatedkinase1	
3655	3655	3655	ITGA6	integrin,alpha6	
3659	3659	3659	IRF1	interferonregulatoryfactor1	
366	366	366	AQP9	aquaporin9	
3660	3660	3660	IRF2	interferonregulatoryfactor2	
3661	3661	3661	IRF3	interferonregulatoryfactor3	
3662	3662	3662	IRF4	interferonregulatoryfactor4	
3663	3663	3663	IRF5	interferonregulatoryfactor5	
3665	3665	3665	IRF7	interferonregulatoryfactor7	
3667	3667	3667	IRS1	insulinreceptorsubstrate1	
3669	3669	3669	ISG20	interferonstimulatedexonucleasegene20kDa	
367	367	367	AR	androgenreceptor	
3670	3670	3670	ISL1	ISLLIMhomeobox1	
3671	3671	3671	ISLR	immunoglobulinsuperfamilycontainingleucine-richrepeat	
3673	3673	3673	ITGA2	integrin,alpha2(CD49B,alpha2subunitofVLA-2receptor)	
3674	3674	3674	ITGA2B	integrin,alpha2b(plateletglycoproteinIIbofIIb/IIIacomplex,antigenCD41)	
3675	3675	3675	ITGA3	integrin,alpha3(antigenCD49C,alpha3subunitofVLA-3receptor)	
3676	3676	3676	ITGA4	integrin,alpha4(antigenCD49D,alpha4subunitofVLA-4receptor)	
3678	3678	3678	ITGA5	integrin,alpha5(fibronectinreceptor,alphapolypeptide)	
3679	3679	3679	ITGA7	integrin,alpha7	
368	368	368	ABCC6	ATP-bindingcassette,sub-familyC(CFTR/MRP),member6	
3680	3680	3680	ITGA9	integrin,alpha9	
3682	3682	3682	ITGAE	integrin,alphaE(antigenCD103,humanmucosallymphocyteantigen1;alphapolypeptide)	
3683	3683	3683	ITGAL	integrin,alphaL(antigenCD11A(p180),lymphocytefunction-associatedantigen1;alphapolypeptide)	
3684	3684	3684	ITGAM	integrin,alphaM(complementcomponent3receptor3subunit)	
3685	3685	3685	ITGAV	integrin,alphaV(vitronectinreceptor,alphapolypeptide,antigenCD51)	
3687	3687	3687	ITGAX	integrin,alphaX(complementcomponent3receptor4subunit)	
3688	3688	3688	ITGB1	integrin,beta1(fibronectinreceptor,betapolypeptide,antigenCD29includesMDF2,MSK12)	
3689	3689	3689	ITGB2	integrin,beta2(complementcomponent3receptor3and4subunit)	
369	369	369	ARAF	v-rafmurinesarcoma3611viraloncogenehomolog	
3690	3690	3690	ITGB3	integrin,beta3(plateletglycoproteinIIIa,antigenCD61)	
3691	3691	3691	ITGB4	integrin,beta4	
3692	3692	3692	EIF6	eukaryotictranslationinitiationfactor6	
3693	3693	3693	ITGB5	integrin,beta5	
3694	3694	3694	ITGB6	integrin,beta6	
3695	3695	3695	ITGB7	integrin,beta7	
3696	3696	3696	ITGB8	integrin,beta8	
3697	3697	3697	ITIH1	inter-alpha(globulin)inhibitorH1	
3698	3698	3698	ITIH2	inter-alpha(globulin)inhibitorH2	
3699	3699	3699	ITIH3	inter-alpha(globulin)inhibitorH3	
37	37	37	ACADVL	acyl-CoenzymeAdehydrogenase,verylongchain	
3700	3700	3700	ITIH4	inter-alpha(globulin)inhibitorH4(plasmaKallikrein-sensitiveglycoprotein)	
3702	3702	3702	ITK	IL2-inducibleT-cellkinase	
3703	3703	3703	STT3A	STT3,subunitoftheoligosaccharyltransferasecomplex,homologA(S.cerevisiae)	
3704	3704	3704	ITPA	inosinetriphosphatase(nucleosidetriphosphatepyrophosphatase)	
3705	3705	3705	ITPK1	inositol1,3,4-triphosphate5/6kinase	
3706	3706	3706	ITPKA	inositol1,4,5-trisphosphate3-kinaseA	
3707	3707	3707	ITPKB	inositol1,4,5-trisphosphate3-kinaseB	
3708	3708	3708	ITPR1	inositol1,4,5-triphosphatereceptor,type1	
3709	3709	3709	ITPR2	inositol1,4,5-triphosphatereceptor,type2	
3710	3710	3710	ITPR3	inositol1,4,5-triphosphatereceptor,type3	
3712	3712	3712	IVD	isovalerylCoenzymeAdehydrogenase	
3713	3713	3713	IVL	involucrin	
3714	3714	3714	JAG2	jagged2	
3717	3717	3717	JAK2	Januskinase2	
3718	3718	3718	JAK3	Januskinase3	
372	372	372	ARCN1	archain1	
3720	3720	3720	JARID2	jumonji,ATrichinteractivedomain2	
3725	3725	3725	JUN	junoncogene	
3726	3726	3726	JUNB	junBproto-oncogene	
3727	3727	3727	JUND	junDproto-oncogene	
3728	3728	3728	JUP	junctionplakoglobin	
373	373	373	TRIM23	tripartitemotif-containing23	
3730	3730	3730	KAL1	Kallmannsyndrome1sequence	
373156	373156	373156	GSTK1	glutathioneS-transferasekappa1	
3732	3732	3732	CD82	CD82molecule	
3735	3735	3735	KARS	lysyl-tRNAsynthetase	
3736	3736	3736	KCNA1	potassiumvoltage-gatedchannel,shaker-relatedsubfamily,member1(episodicataxiawithmyokymia)	
3737	3737	3737	KCNA2	potassiumvoltage-gatedchannel,shaker-relatedsubfamily,member2	
3738	3738	3738	KCNA3	potassiumvoltage-gatedchannel,shaker-relatedsubfamily,member3	
3739	3739	3739	KCNA4	potassiumvoltage-gatedchannel,shaker-relatedsubfamily,member4	
3741	3741	3741	KCNA5	potassiumvoltage-gatedchannel,shaker-relatedsubfamily,member5	
374286	374286	374286	CDRT1	CMT1Aduplicatedregiontranscript1	
374291	374291	374291	NDUFS7	NADHdehydrogenase(ubiquinone)Fe-Sprotein7,20kDa(NADH-coenzymeQreductase)	
3744	3744	3744	KCNA10	potassiumvoltage-gatedchannel,shaker-relatedsubfamily,member10	
3745	3745	3745	KCNB1	potassiumvoltage-gatedchannel,Shab-relatedsubfamily,member1	
3746	3746	3746	KCNC1	potassiumvoltage-gatedchannel,Shaw-relatedsubfamily,member1	
3748	3748	3748	KCNC3	potassiumvoltage-gatedchannel,Shaw-relatedsubfamily,member3	
374868	374868	374868	ATP9B	ATPase,classII,type9B	
3749	3749	3749	KCNC4	potassiumvoltage-gatedchannel,Shaw-relatedsubfamily,member4	
374977	374977	374977	C1orf175	chromosome1openreadingframe175	
375	375	375	ARF1	ADP-ribosylationfactor1	
3750	3750	3750	KCND1	potassiumvoltage-gatedchannel,Shal-relatedsubfamily,member1	
375035	375035	375035	SFT2D2	SFT2domaincontaining2	
375056	375056	375056	MIA3	melanomainhibitoryactivityfamily,member3	
3751	3751	3751	KCND2	potassiumvoltage-gatedchannel,Shal-relatedsubfamily,member2	
3752	3752	3752	KCND3	potassiumvoltage-gatedchannel,Shal-relatedsubfamily,member3	
3753	3753	3753	KCNE1	potassiumvoltage-gatedchannel,Isk-relatedfamily,member1	
375346	375346	375346	TMEM110	transmembraneprotein110	
3754	3754	3754	KCNF1	potassiumvoltage-gatedchannel,subfamilyF,member1	
3755	3755	3755	KCNG1	potassiumvoltage-gatedchannel,subfamilyG,member1	
3756	3756	3756	KCNH1	potassiumvoltage-gatedchannel,subfamilyH(eag-related),member1	
3757	3757	3757	KCNH2	potassiumvoltage-gatedchannel,subfamilyH(eag-related),member2	
375790	375790	375790	AGRN	agrin	
3758	3758	3758	KCNJ1	potassiuminwardly-rectifyingchannel,subfamilyJ,member1	
3759	3759	3759	KCNJ2	potassiuminwardly-rectifyingchannel,subfamilyJ,member2	
3760	3760	3760	KCNJ3	potassiuminwardly-rectifyingchannel,subfamilyJ,member3	
3761	3761	3761	KCNJ4	potassiuminwardly-rectifyingchannel,subfamilyJ,member4	
3762	3762	3762	KCNJ5	potassiuminwardly-rectifyingchannel,subfamilyJ,member5	
376267	376267	376267	RAB15	RAB15,memberRASonocogenefamily	
3763	3763	3763	KCNJ6	potassiuminwardly-rectifyingchannel,subfamilyJ,member6	
3764	3764	3764	KCNJ8	potassiuminwardly-rectifyingchannel,subfamilyJ,member8	
376412	376412	376412	RNF126P1	ringfingerprotein126pseudogene1	
3765	3765	3765	KCNJ9	potassiuminwardly-rectifyingchannel,subfamilyJ,member9	
3766	3766	3766	KCNJ10	potassiuminwardly-rectifyingchannel,subfamilyJ,member10	
3768	3768	3768	KCNJ12	potassiuminwardly-rectifyingchannel,subfamilyJ,member12	
3769	3769	3769	KCNJ13	potassiuminwardly-rectifyingchannel,subfamilyJ,member13	
377	377	377	ARF3	ADP-ribosylationfactor3	
3770	3770	3770	KCNJ14	potassiuminwardly-rectifyingchannel,subfamilyJ,member14	
3772	3772	3772	KCNJ15	potassiuminwardly-rectifyingchannel,subfamilyJ,member15	
3773	3773	3773	KCNJ16	potassiuminwardly-rectifyingchannel,subfamilyJ,member16	
3775	3775	3775	KCNK1	potassiumchannel,subfamilyK,member1	
3776	3776	3776	KCNK2	potassiumchannel,subfamilyK,member2	
3777	3777	3777	KCNK3	potassiumchannel,subfamilyK,member3	
3778	3778	3778	KCNMA1	potassiumlargeconductancecalcium-activatedchannel,subfamilyM,alphamember1	
3779	3779	3779	KCNMB1	potassiumlargeconductancecalcium-activatedchannel,subfamilyM,betamember1	
378	378	378	ARF4	ADP-ribosylationfactor4	
3780	3780	3780	KCNN1	potassiumintermediate/smallconductancecalcium-activatedchannel,subfamilyN,member1	
3781	3781	3781	KCNN2	potassiumintermediate/smallconductancecalcium-activatedchannel,subfamilyN,member2	
3782	3782	3782	KCNN3	potassiumintermediate/smallconductancecalcium-activatedchannel,subfamilyN,member3	
3783	3783	3783	KCNN4	potassiumintermediate/smallconductancecalcium-activatedchannel,subfamilyN,member4	
3784	3784	3784	KCNQ1	potassiumvoltage-gatedchannel,KQT-likesubfamily,member1	
3785	3785	3785	KCNQ2	potassiumvoltage-gatedchannel,KQT-likesubfamily,member2	
3786	3786	3786	KCNQ3	potassiumvoltage-gatedchannel,KQT-likesubfamily,member3	
3787	3787	3787	KCNS1	potassiumvoltage-gatedchannel,delayed-rectifier,subfamilyS,member1	
378708	378708	378708	APITD1	apoptosis-inducing,TAF9-likedomain1	
379	379	379	ARL4D	ADP-ribosylationfactor-like4D	
3790	3790	3790	KCNS3	potassiumvoltage-gatedchannel,delayed-rectifier,subfamilyS,member3	
3791	3791	3791	KDR	kinaseinsertdomainreceptor(atypeIIIreceptortyrosinekinase)	
3792	3792	3792	KEL	Kellbloodgroup,metallo-endopeptidase	
3795	3795	3795	KHK	ketohexokinase(fructokinase)	
3796	3796	3796	KIF2A	kinesinheavychainmember2A	
3797	3797	3797	KIF3C	kinesinfamilymember3C	
3798	3798	3798	KIF5A	kinesinfamilymember5A	
3799	3799	3799	KIF5B	kinesinfamilymember5B	
38	38	38	ACAT1	acetyl-CoenzymeAacetyltransferase1	
3801	3801	3801	KIFC3	kinesinfamilymemberC3	
3802	3802	3802	KIR2DL1	killercellimmunoglobulin-likereceptor,twodomains,longcytoplasmictail,1	
3804	3804	3804	KIR2DL3	killercellimmunoglobulin-likereceptor,twodomains,longcytoplasmictail,3	
3809	3809	3809	KIR2DS4	killercellimmunoglobulin-likereceptor,twodomains,shortcytoplasmictail,4	
381	381	381	ARF5	ADP-ribosylationfactor5	
3811	3811	3811	KIR3DL1	killercellimmunoglobulin-likereceptor,threedomains,longcytoplasmictail,1	
3812	3812	3812	KIR3DL2	killercellimmunoglobulin-likereceptor,threedomains,longcytoplasmictail,2	
3814	3814	3814	KISS1	KiSS-1metastasis-suppressor	
3815	3815	3815	KIT	v-kitHardy-Zuckerman4felinesarcomaviraloncogenehomolog	
3816	3816	3816	KLK1	kallikrein1	
3817	3817	3817	KLK2	kallikrein-relatedpeptidase2	
3818	3818	3818	KLKB1	kallikreinB,plasma(Fletcherfactor)1	
382	382	382	ARF6	ADP-ribosylationfactor6	
3820	3820	3820	KLRB1	killercelllectin-likereceptorsubfamilyB,member1	
3823	3823	3823	KLRC3	killercelllectin-likereceptorsubfamilyC,member3	
3824	3824	3824	KLRD1	killercelllectin-likereceptorsubfamilyD,member1	
3827	3827	3827	KNG1	kininogen1	
383	383	383	ARG1	arginase,liver	
3831	3831	3831	KLC1	kinesinlightchain1	
3832	3832	3832	KIF11	kinesinfamilymember11	
3833	3833	3833	KIFC1	kinesinfamilymemberC1	
3834	3834	3834	KIF25	kinesinfamilymember25	
3835	3835	3835	KIF22	kinesinfamilymember22	
3836	3836	3836	KPNA1	karyopherinalpha1(importinalpha5)	
3837	3837	3837	KPNB1	karyopherin(importin)beta1	
3838	3838	3838	KPNA2	karyopherinalpha2(RAGcohort1,importinalpha1)	
3839	3839	3839	KPNA3	karyopherinalpha3(importinalpha4)	
384	384	384	ARG2	arginase,typeII	
3841	3841	3841	KPNA5	karyopherinalpha5(importinalpha6)	
3842	3842	3842	TNPO1	transportin1	
3843	3843	3843	IPO5	importin5	
3845	3845	3845	KRAS	v-Ki-ras2Kirstenratsarcomaviraloncogenehomolog	
3846	3846	3846	KRTAP5-9	keratinassociatedprotein5-9	
3848	3848	3848	KRT1	keratin1	
3849	3849	3849	KRT2	keratin2	
3850	3850	3850	KRT3	keratin3	
3851	3851	3851	KRT4	keratin4	
3852	3852	3852	KRT5	keratin5	
3854	3854	3854	KRT6B	keratin6B	
3855	3855	3855	KRT7	keratin7	
3857	3857	3857	KRT9	keratin9	
3858	3858	3858	KRT10	keratin10	
3859	3859	3859	KRT12	keratin12	
3860	3860	3860	KRT13	keratin13	
3861	3861	3861	KRT14	keratin14	
3866	3866	3866	KRT15	keratin15	
3868	3868	3868	KRT16	keratin16	
387	387	387	RHOA	rashomologgenefamily,memberA	
387032	387032	387032	ZKSCAN4	zincfingerwithKRABandSCANdomains4	
387082	387082	387082	SUMO4	SMT3suppressorofmiftwo3homolog4(S.cerevisiae)	
3872	3872	3872	KRT17	keratin17	
387263	387263	387263	C6orf120	chromosome6openreadingframe120	
3875	3875	3875	KRT18	keratin18	
387751	387751	387751	GVIN1	GTPase,verylargeinterferoninducible1	
388	388	388	RHOB	rashomologgenefamily,memberB	
3880	3880	3880	KRT19	keratin19	
3881	3881	3881	KRT31	keratin31	
3882	3882	3882	KRT32	keratin32	
3883	3883	3883	KRT33A	keratin33A	
3884	3884	3884	KRT33B	keratin33B	
3885	3885	3885	KRT34	keratin34	
388567	388567	388567	ZNF749	zincfingerprotein749	
388569	388569	388569	ZNF324B	zincfingerprotein324B	
3886	3886	3886	KRT35	keratin35	
3887	3887	3887	KRT81	keratin81	
388714	388714	388714	FMO6P	flavincontainingmonooxygenase6pseudogene	
3889	3889	3889	KRT83	keratin83	
389	389	389	RHOC	rashomologgenefamily,memberC	
3890	3890	3890	KRT84	keratin84	
3891	3891	3891	KRT85	keratin85	
389136	389136	389136	VGLL3	vestigiallike3(Drosophila)	
3892	3892	3892	KRT86	keratin86	
3895	3895	3895	KTN1	kinectin1(kinesinreceptor)	
389677	389677	389677	RBM12B	RNAbindingmotifprotein12B	
3897	3897	3897	L1CAM	L1celladhesionmolecule	
3898	3898	3898	LAD1	ladinin1	
389856	389856	389856	USP27X	ubiquitinspecificpeptidase27,X-linked	
389898	389898	389898	UBE2NL	ubiquitin-conjugatingenzymeE2N-like	
3899	3899	3899	AFF3	AF4/FMR2family,member3	
39	39	39	ACAT2	acetyl-CoenzymeAacetyltransferase2	
390	390	390	RND3	RhofamilyGTPase3	
3902	3902	3902	LAG3	lymphocyte-activationgene3	
3903	3903	3903	LAIR1	leukocyte-associatedimmunoglobulin-likereceptor1	
390354	390354	390354	RPL18AP3	ribosomalproteinL18apseudogene3	
390363	390363	390363	LOC390363	similartochlorideintracellularchannel1	
3904	3904	3904	LAIR2	leukocyte-associatedimmunoglobulin-likereceptor2	
390411	390411	390411	RP11-248N6.3	nucleophosminpseudogene	
390418	390418	390418	KRT18P27	keratin27pseudogene27	
390502	390502	390502	SERPINA2	serpinpeptidaseinhibitor,cladeA(alpha-1antiproteinase,antitrypsin),member2	
3906	3906	3906	LALBA	lactalbumin,alpha-	
3908	3908	3908	LAMA2	laminin,alpha2	
390861	390861	390861	LOC390861	similar to actin	
390892	390892	390892	OR7A10	olfactoryreceptor,family7,subfamilyA,member10	
3909	3909	3909	LAMA3	laminin,alpha3	
390940	390940	390940	LOC390940	similartoR28379_1	
390998	390998	390998	LOC390998	similartohCG1644589	
390999	390999	390999	PRAMEF12	PRAMEfamilymember12	
391	391	391	RHOG	rashomologgenefamily,memberG(rhoG)	
3910	3910	3910	LAMA4	laminin,alpha4	
391020	391020	391020	LOC391020	interferoninducedtransmembraneproteinpseudogene	
391076	391076	391076	LOC391076	similartohydroxy-delta-5-steroiddehydrogenase,3beta-andsteroiddelta-isomerase1	
3911	3911	3911	LAMA5	laminin,alpha5	
391132	391132	391132	LOC391132	similar to hCG2041276	
3912	3912	3912	LAMB1	laminin,beta1	
3913	3913	3913	LAMB2	laminin,beta2(lamininS)	
3914	3914	3914	LAMB3	laminin,beta3	
3915	3915	3915	LAMC1	laminin,gamma1(formerlyLAMB2)	
3916	3916	3916	LAMP1	lysosomal-associatedmembraneprotein1	
3918	3918	3918	LAMC2	laminin,gamma2	
392	392	392	ARHGAP1	RhoGTPaseactivatingprotein1	
3920	3920	3920	LAMP2	lysosomal-associatedmembraneprotein2	
392454	392454	392454	LOC392454	similartoproliferatingcellnuclearantigen	
3925	3925	3925	STMN1	stathmin1	
392501	392501	392501	RPL26P36	ribosomalproteinL26pseudogene36	
392555	392555	392555	LOC392555	similartomelanomaantigenfamilyC,2	
3927	3927	3927	LASP1	LIMandSH3protein1	
3929	3929	3929	LBP	lipopolysaccharidebindingprotein	
393	393	393	ARHGAP4	RhoGTPaseactivatingprotein4	
3930	3930	3930	LBR	laminBreceptor	
3931	3931	3931	LCAT	lecithin-cholesterolacyltransferase	
3932	3932	3932	LCK	lymphocyte-specificproteintyrosinekinase	
3933	3933	3933	LCN1	lipocalin1(tearprealbumin)	
3934	3934	3934	LCN2	lipocalin2	
3936	3936	3936	LCP1	lymphocytecytosolicprotein1(L-plastin)	
3937	3937	3937	LCP2	lymphocytecytosolicprotein2(SH2domaincontainingleukocyteproteinof76kDa)	
3938	3938	3938	LCT	lactase	
3939	3939	3939	LDHA	lactatedehydrogenaseA	
394	394	394	ARHGAP5	RhoGTPaseactivatingprotein5	
3945	3945	3945	LDHB	lactatedehydrogenaseB	
3948	3948	3948	LDHC	lactatedehydrogenaseC	
3949	3949	3949	LDLR	lowdensitylipoproteinreceptor	
395	395	395	ARHGAP6	RhoGTPaseactivatingprotein6	
3950	3950	3950	LECT2	leukocytecell-derivedchemotaxin2	
3952	3952	3952	LEP	leptin	
3953	3953	3953	LEPR	leptinreceptor	
3954	3954	3954	LETM1	leucinezipper-EF-handcontainingtransmembraneprotein1	
3955	3955	3955	LFNG	LFNGO-fucosylpeptide3-beta-N-acetylglucosaminyltransferase	
3956	3956	3956	LGALS1	lectin,galactoside-binding,soluble,1	
3957	3957	3957	LGALS2	lectin,galactoside-binding,soluble,2	
3959	3959	3959	LGALS3BP	lectin,galactoside-binding,soluble,3bindingprotein	
396	396	396	ARHGDIA	RhoGDPdissociationinhibitor(GDI)alpha	
3960	3960	3960	LGALS4	lectin,galactoside-binding,soluble,4	
3964	3964	3964	LGALS8	lectin,galactoside-binding,soluble,8	
3965	3965	3965	LGALS9	lectin,galactoside-binding,soluble,9	
397	397	397	ARHGDIB	RhoGDPdissociationinhibitor(GDI)beta	
3972	3972	3972	LHB	luteinizinghormonebetapolypeptide	
3973	3973	3973	LHCGR	luteinizinghormone/choriogonadotropinreceptor	
3975	3975	3975	LHX1	LIMhomeobox1	
3976	3976	3976	LIF	leukemiainhibitoryfactor(cholinergicdifferentiationfactor)	
3977	3977	3977	LIFR	leukemiainhibitoryfactorreceptoralpha	
3978	3978	3978	LIG1	ligaseI,DNA,ATP-dependent	
398	398	398	ARHGDIG	RhoGDPdissociationinhibitor(GDI)gamma	
3980	3980	3980	LIG3	ligaseIII,DNA,ATP-dependent	
3981	3981	3981	LIG4	ligaseIV,DNA,ATP-dependent	
3982	3982	3982	LIM2	lensintrinsicmembraneprotein2,19kDa	
3983	3983	3983	ABLIM1	actinbindingLIMprotein1	
3984	3984	3984	LIMK1	LIMdomainkinase1	
3985	3985	3985	LIMK2	LIMdomainkinase2	
3987	3987	3987	LIMS1	LIMandsenescentcellantigen-likedomains1	
3988	3988	3988	LIPA	lipaseA,lysosomalacid,cholesterolesterase	
399	399	399	RHOH	rashomologgenefamily,memberH	
3990	3990	3990	LIPC	lipase,hepatic	
3991	3991	3991	LIPE	lipase,hormone-sensitive	
3992	3992	3992	FADS1	fattyaciddesaturase1	
3993	3993	3993	LLGL2	lethalgiantlarvaehomolog2(Drosophila)	
3995	3995	3995	FADS3	fattyaciddesaturase3	
399563	399563	399563	FLJ43806	hypothetical protein FLJ43806	
3996	3996	3996	LLGL1	lethalgiantlarvaehomolog1(Drosophila)	
399664	399664	399664	MEX3D	mex-3homologD(C.elegans)	
399665	399665	399665	FAM102A	familywithsequencesimilarity102,memberA	
3998	3998	3998	LMAN1	lectin,mannose-binding,1	
399979	399979	399979	SNX19	sortingnexin19	
40	40	40	ACCN1	amiloride-sensitivecationchannel1,neuronal	
400	400	400	ARL1	ADP-ribosylationfactor-like1	
4000	4000	4000	LMNA	laminA/C	
4001	4001	4001	LMNB1	laminB1	
4004	4004	4004	LMO1	LIMdomainonly1(rhombotin1)	
400451	400451	400451	FAM174B	familywithsequencesimilarity174,memberB	
4005	4005	4005	LMO2	LIMdomainonly2(rhombotin-like1)	
400506	400506	400506	C16orf88	chromosome16openreadingframe88	
4007	4007	4007	PRICKLE3	pricklehomolog3(Drosophila)	
4008	4008	4008	LMO7	LIMdomain7	
401	401	401	PHOX2A	paired-likehomeobox2a	
4010	4010	4010	LMX1B	LIMhomeoboxtranscriptionfactor1,beta	
4012	4012	4012	LNPEP	leucyl/cystinylaminopeptidase	
401251	401251	401251	C6orf26	chromosome6openreadingframe26	
4013	4013	4013	VWA5A	vonWillebrandfactorAdomaincontaining5A	
4014	4014	4014	LOR	loricrin	
4015	4015	4015	LOX	lysyloxidase	
4016	4016	4016	LOXL1	lysyloxidase-like1	
4017	4017	4017	LOXL2	lysyloxidase-like2	
4018	4018	4018	LPA	lipoprotein,Lp(a)	
402	402	402	ARL2	ADP-ribosylationfactor-like2	
402055	402055	402055	SRRD	SRR1domaincontaining	
402057	402057	402057	RPS17P16	ribosomalproteinS17pseudogene16	
4023	4023	4023	LPL	lipoproteinlipase	
402397	402397	402397	LOC402397	similar to farnesyl diphosphate synthase	
4025	4025	4025	LPO	lactoperoxidase	
4026	4026	4026	LPP	LIMdomaincontainingpreferredtranslocationpartnerinlipoma	
403	403	403	ARL3	ADP-ribosylationfactor-like3	
4033	4033	4033	LRMP	lymphoid-restrictedmembraneprotein	
4034	4034	4034	LRCH4	leucine-richrepeatsandcalponinhomology(CH)domaincontaining4	
4035	4035	4035	LRP1	lowdensitylipoprotein-relatedprotein1(alpha-2-macroglobulinreceptor)	
4036	4036	4036	LRP2	lowdensitylipoprotein-relatedprotein2	
4037	4037	4037	LRP3	lowdensitylipoproteinreceptor-relatedprotein3	
4038	4038	4038	LRP4	lowdensitylipoproteinreceptor-relatedprotein4	
4040	4040	4040	LRP6	lowdensitylipoproteinreceptor-relatedprotein6	
404093	404093	404093	CUEDC1	CUEdomaincontaining1	
4041	4041	4041	LRP5	lowdensitylipoproteinreceptor-relatedprotein5	
404281	404281	404281	YY2	YY2transcriptionfactor	
4043	4043	4043	LRPAP1	lowdensitylipoproteinreceptor-relatedproteinassociatedprotein1	
4045	4045	4045	LSAMP	limbicsystem-associatedmembraneprotein	
4046	4046	4046	LSP1	lymphocyte-specificprotein1	
404672	404672	404672	GTF2H5	generaltranscriptionfactorIIH,polypeptide5	
4047	4047	4047	LSS	lanosterolsynthase(2,3-oxidosqualene-lanosterolcyclase)	
4048	4048	4048	LTA4H	leukotrieneA4hydrolase	
4049	4049	4049	LTA	lymphotoxinalpha(TNFsuperfamily,member1)	
405	405	405	ARNT	arylhydrocarbonreceptornucleartranslocator	
4050	4050	4050	LTB	lymphotoxinbeta(TNFsuperfamily,member3)	
4051	4051	4051	CYP4F3	cytochromeP450,family4,subfamilyF,polypeptide3	
4052	4052	4052	LTBP1	latenttransforminggrowthfactorbetabindingprotein1	
4053	4053	4053	LTBP2	latenttransforminggrowthfactorbetabindingprotein2	
4054	4054	4054	LTBP3	latenttransforminggrowthfactorbetabindingprotein3	
4055	4055	4055	LTBR	lymphotoxinbetareceptor(TNFRsuperfamily,member3)	
4056	4056	4056	LTC4S	leukotrieneC4synthase	
4057	4057	4057	LTF	lactotransferrin	
4058	4058	4058	LTK	leukocytereceptortyrosinekinase	
4059	4059	4059	BCAM	basalcelladhesionmolecule(Lutheranbloodgroup)	
406	406	406	ARNTL	arylhydrocarbonreceptornucleartranslocator-like	
4060	4060	4060	LUM	lumican	
4061	4061	4061	LY6E	lymphocyteantigen6complex,locusE	
4062	4062	4062	LY6H	lymphocyteantigen6complex,locusH	
4063	4063	4063	LY9	lymphocyteantigen9	
4064	4064	4064	CD180	CD180molecule	
4065	4065	4065	LY75	lymphocyteantigen75	
4066	4066	4066	LYL1	lymphoblasticleukemiaderivedsequence1	
4067	4067	4067	LYN	v-yes-1Yamaguchisarcomaviralrelatedoncogenehomolog	
4068	4068	4068	SH2D1A	SH2domainprotein1A	
4069	4069	4069	LYZ	lysozyme(renalamyloidosis)	
407	407	407	ARR3	arrestin3,retinal(X-arrestin)	
4070	4070	4070	TACSTD2	tumor-associatedcalciumsignaltransducer2	
4071	4071	4071	TM4SF1	transmembrane4Lsixfamilymember1	
4072	4072	4072	EPCAM	epithelialcelladhesionmolecule	
4074	4074	4074	M6PR	mannose-6-phosphatereceptor(cationdependent)	
4076	4076	4076	CAPRIN1	cellcycleassociatedprotein1	
408	408	408	ARRB1	arrestin,beta1	
4081	4081	4081	MAB21L1	mab-21-like1(C.elegans)	
4082	4082	4082	MARCKS	myristoylatedalanine-richproteinkinaseCsubstrate	
4084	4084	4084	MXD1	MAXdimerizationprotein1	
4085	4085	4085	MAD2L1	MAD2mitoticarrestdeficient-like1(yeast)	
4086	4086	4086	SMAD1	SMADfamilymember1	
4087	4087	4087	SMAD2	SMADfamilymember2	
4088	4088	4088	SMAD3	SMADfamilymember3	
4089	4089	4089	SMAD4	SMADfamilymember4	
409	409	409	ARRB2	arrestin,beta2	
4090	4090	4090	SMAD5	SMADfamilymember5	
4091	4091	4091	SMAD6	SMADfamilymember6	
4092	4092	4092	SMAD7	SMADfamilymember7	
4093	4093	4093	SMAD9	SMADfamilymember9	
4094	4094	4094	MAF	v-mafmusculoaponeuroticfibrosarcomaoncogenehomolog(avian)	
4097	4097	4097	MAFG	v-mafmusculoaponeuroticfibrosarcomaoncogenehomologG(avian)	
4099	4099	4099	MAG	myelinassociatedglycoprotein	
41	41	41	ACCN2	amiloride-sensitivecationchannel2,neuronal	
410	410	410	ARSA	arylsulfataseA	
4100	4100	4100	MAGEA1	melanomaantigenfamilyA,1(directsexpressionofantigenMZ2-E)	
4103	4103	4103	MAGEA4	melanomaantigenfamilyA,4	
4104	4104	4104	MAGEA5	melanomaantigenfamilyA,5	
4107	4107	4107	MAGEA8	melanomaantigenfamilyA,8	
4109	4109	4109	MAGEA10	melanomaantigenfamilyA,10	
411	411	411	ARSB	arylsulfataseB	
4110	4110	4110	MAGEA11	melanomaantigenfamilyA,11	
4111	4111	4111	MAGEA12	melanomaantigenfamilyA,12	
4112	4112	4112	MAGEB1	melanomaantigenfamilyB,1	
4113	4113	4113	MAGEB2	melanomaantigenfamilyB,2	
4114	4114	4114	MAGEB3	melanomaantigenfamilyB,3	
4115	4115	4115	MAGEB4	melanomaantigenfamilyB,4	
4116	4116	4116	MAGOH	mago-nashihomolog,proliferation-associated(Drosophila)	
4117	4117	4117	MAK	malegermcell-associatedkinase	
4118	4118	4118	MAL	mal,T-celldifferentiationprotein	
412	412	412	STS	steroidsulfatase(microsomal),isozymeS	
4121	4121	4121	MAN1A1	mannosidase,alpha,class1A,member1	
4122	4122	4122	MAN2A2	mannosidase,alpha,class2A,member2	
4123	4123	4123	MAN2C1	mannosidase,alpha,class2C,member1	
4124	4124	4124	MAN2A1	mannosidase,alpha,class2A,member1	
4125	4125	4125	MAN2B1	mannosidase,alpha,class2B,member1	
4126	4126	4126	MANBA	mannosidase,betaA,lysosomal	
4128	4128	4128	MAOA	monoamineoxidaseA	
4129	4129	4129	MAOB	monoamineoxidaseB	
4130	4130	4130	MAP1A	microtubule-associatedprotein1A	
4131	4131	4131	MAP1B	microtubule-associatedprotein1B	
4133	4133	4133	MAP2	microtubule-associatedprotein2	
4134	4134	4134	MAP4	microtubule-associatedprotein4	
4137	4137	4137	MAPT	microtubule-associatedproteintau	
4139	4139	4139	MARK1	MAP/microtubuleaffinity-regulatingkinase1	
414	414	414	ARSD	arylsulfataseD	
4140	4140	4140	MARK3	MAP/microtubuleaffinity-regulatingkinase3	
4141	4141	4141	MARS	methionyl-tRNAsynthetase	
4142	4142	4142	MAS1	MAS1oncogene	
4143	4143	4143	MAT1A	methionineadenosyltransferaseI,alpha	
4144	4144	4144	MAT2A	methionineadenosyltransferaseII,alpha	
4145	4145	4145	MATK	megakaryocyte-associatedtyrosinekinase	
4146	4146	4146	MATN1	matrilin1,cartilagematrixprotein	
4147	4147	4147	MATN2	matrilin2	
4148	4148	4148	MATN3	matrilin3	
4149	4149	4149	MAX	MYCassociatedfactorX	
415	415	415	ARSE	arylsulfataseE(chondrodysplasiapunctata1)	
4150	4150	4150	MAZ	MYC-associatedzincfingerprotein(purine-bindingtranscriptionfactor)	
4151	4151	4151	MB	myoglobin	
4152	4152	4152	MBD1	methyl-CpGbindingdomainprotein1	
4153	4153	4153	MBL2	mannose-bindinglectin(proteinC)2,soluble(opsonicdefect)	
4154	4154	4154	MBNL1	muscleblind-like(Drosophila)	
4155	4155	4155	MBP	myelinbasicprotein	
4157	4157	4157	MC1R	melanocortin1receptor(alphamelanocytestimulatinghormonereceptor)	
4158	4158	4158	MC2R	melanocortin2receptor(adrenocorticotropichormone)	
4159	4159	4159	MC3R	melanocortin3receptor	
416	416	416	ARSF	arylsulfataseF	
4160	4160	4160	MC4R	melanocortin4receptor	
4161	4161	4161	MC5R	melanocortin5receptor	
4162	4162	4162	MCAM	melanomacelladhesionmolecule	
4163	4163	4163	MCC	mutatedincolorectalcancers	
4168	4168	4168	MCF2	MCF.2celllinederivedtransformingsequence	
417	417	417	ART1	ADP-ribosyltransferase1	
4170	4170	4170	MCL1	myeloidcellleukemiasequence1(BCL2-related)	
4171	4171	4171	MCM2	minichromosomemaintenancecomplexcomponent2	
4172	4172	4172	MCM3	minichromosomemaintenancecomplexcomponent3	
4173	4173	4173	MCM4	minichromosomemaintenancecomplexcomponent4	
4174	4174	4174	MCM5	minichromosomemaintenancecomplexcomponent5	
4175	4175	4175	MCM6	minichromosomemaintenancecomplexcomponent6	
4176	4176	4176	MCM7	minichromosomemaintenancecomplexcomponent7	
4179	4179	4179	CD46	CD46molecule,complementregulatoryprotein	
4184	4184	4184	SMCP	spermmitochondria-associatedcysteine-richprotein	
4185	4185	4185	ADAM11	ADAMmetallopeptidasedomain11	
4188	4188	4188	MDFI	MyoDfamilyinhibitor	
4189	4189	4189	DNAJB9	DnaJ(Hsp40)homolog,subfamilyB,member9	
419	419	419	ART3	ADP-ribosyltransferase3	
4190	4190	4190	MDH1	malatedehydrogenase1,NAD(soluble)	
4191	4191	4191	MDH2	malatedehydrogenase2,NAD(mitochondrial)	
4192	4192	4192	MDK	midkine(neuritegrowth-promotingfactor2)	
4193	4193	4193	MDM2	Mdm2p53bindingproteinhomolog(mouse)	
4194	4194	4194	MDM4	Mdm4p53bindingproteinhomolog(mouse)	
4197	4197	4197	MDS1	myelodysplasia syndrome 1	
4199	4199	4199	ME1	malicenzyme1,NADP(+)-dependent,cytosolic	
420	420	420	ART4	ADP-ribosyltransferase4(Dombrockbloodgroup)	
4200	4200	4200	ME2	malicenzyme2,NAD(+)-dependent,mitochondrial	
4201	4201	4201	MEA1	male-enhancedantigen1	
4204	4204	4204	MECP2	methylCpGbindingprotein2(Rettsyndrome)	
4205	4205	4205	MEF2A	myocyteenhancerfactor2A	
4207	4207	4207	LOC729991-MEF2B	LOC729991-MEF2Breadthroughtranscript	
4208	4208	4208	MEF2C	myocyteenhancerfactor2C	
4209	4209	4209	MEF2D	myocyteenhancerfactor2D	
421	421	421	ARVCF	armadillorepeatgenedeletesinvelocardiofacialsyndrome	
4210	4210	4210	MEFV	Mediterraneanfever	
4211	4211	4211	MEIS1	Meishomeobox1	
4212	4212	4212	MEIS2	Meishomeobox2	
4214	4214	4214	MAP3K1	mitogen-activatedproteinkinasekinasekinase1	
4215	4215	4215	MAP3K3	mitogen-activatedproteinkinasekinasekinase3	
4216	4216	4216	MAP3K4	mitogen-activatedproteinkinasekinasekinase4	
4217	4217	4217	MAP3K5	mitogen-activatedproteinkinasekinasekinase5	
4218	4218	4218	RAB8A	RAB8A,memberRASoncogenefamily	
4221	4221	4221	MEN1	multipleendocrineneoplasiaI	
4222	4222	4222	MEOX1	mesenchymehomeobox1	
4223	4223	4223	MEOX2	mesenchymehomeobox2	
4224	4224	4224	MEP1A	meprinA,alpha(PABApeptidehydrolase)	
4225	4225	4225	MEP1B	meprinA,beta	
4232	4232	4232	MEST	mesodermspecifictranscripthomolog(mouse)	
4233	4233	4233	MET	metproto-oncogene(hepatocytegrowthfactorreceptor)	
4234	4234	4234	METTL1	methyltransferaselike1	
4236	4236	4236	MFAP1	microfibrillar-associatedprotein1	
4237	4237	4237	MFAP2	microfibrillar-associatedprotein2	
4238	4238	4238	MFAP3	microfibrillar-associatedprotein3	
4239	4239	4239	MFAP4	microfibrillar-associatedprotein4	
4240	4240	4240	MFGE8	milkfatglobule-EGFfactor8protein	
4241	4241	4241	MFI2	antigenp97(melanomaassociated)identifiedbymonoclonalantibodies133.2and96.5	
4242	4242	4242	MFNG	MFNGO-fucosylpeptide3-beta-N-acetylglucosaminyltransferase	
4245	4245	4245	MGAT1	mannosyl(alpha-1,3-)-glycoproteinbeta-1,2-N-acetylglucosaminyltransferase	
4246	4246	4246	SCGB2A1	secretoglobin,family2A,member1	
4247	4247	4247	MGAT2	mannosyl(alpha-1,6-)-glycoproteinbeta-1,2-N-acetylglucosaminyltransferase	
4248	4248	4248	MGAT3	mannosyl(beta-1,4-)-glycoproteinbeta-1,4-N-acetylglucosaminyltransferase	
4249	4249	4249	MGAT5	mannosyl(alpha-1,6-)-glycoproteinbeta-1,6-N-acetyl-glucosaminyltransferase	
4250	4250	4250	SCGB2A2	secretoglobin,family2A,member2	
4253	4253	4253	CTAGE5	CTAGEfamily,member5	
4254	4254	4254	KITLG	KITligand	
4255	4255	4255	MGMT	O-6-methylguanine-DNAmethyltransferase	
4256	4256	4256	MGP	matrixGlaprotein	
4258	4258	4258	MGST2	microsomalglutathioneS-transferase2	
4259	4259	4259	MGST3	microsomalglutathioneS-transferase3	
4261	4261	4261	CIITA	classII,majorhistocompatibilitycomplex,transactivator	
427	427	427	ASAH1	N-acylsphingosineamidohydrolase(acidceramidase)1	
4276	4276	4276	MICA	MHCclassIpolypeptide-relatedsequenceA	
4277	4277	4277	MICB	MHCclassIpolypeptide-relatedsequenceB	
4281	4281	4281	MID1	midline1(Opitz/BBBsyndrome)	
4282	4282	4282	MIF	macrophagemigrationinhibitoryfactor(glycosylation-inhibitingfactor)	
4283	4283	4283	CXCL9	chemokine(C-X-Cmotif)ligand9	
4284	4284	4284	MIP	majorintrinsicproteinoflensfiber	
4285	4285	4285	MIPEP	mitochondrialintermediatepeptidase	
4286	4286	4286	MITF	microphthalmia-associatedtranscriptionfactor	
4287	4287	4287	ATXN3	ataxin3	
4288	4288	4288	MKI67	antigenidentifiedbymonoclonalantibodyKi-67	
4289	4289	4289	MKLN1	muskelin1,intracellularmediatorcontainingkelchmotifs	
429	429	429	ASCL1	achaete-scutecomplexhomolog1(Drosophila)	
4291	4291	4291	MLF1	myeloidleukemiafactor1	
4292	4292	4292	MLH1	mutLhomolog1,coloncancer,nonpolyposistype2(E.coli)	
4293	4293	4293	MAP3K9	mitogen-activatedproteinkinasekinasekinase9	
4294	4294	4294	MAP3K10	mitogen-activatedproteinkinasekinasekinase10	
4295	4295	4295	MLN	motilin	
4296	4296	4296	MAP3K11	mitogen-activatedproteinkinasekinasekinase11	
4297	4297	4297	MLL	myeloid/lymphoidormixed-lineageleukemia(trithoraxhomolog,Drosophila)	
4298	4298	4298	MLLT1	myeloid/lymphoidormixed-lineageleukemia(trithoraxhomolog,Drosophila);translocatedto,1	
4299	4299	4299	AFF1	AF4/FMR2family,member1	
43	43	43	ACHE	acetylcholinesterase(Ytbloodgroup)	
430	430	430	ASCL2	achaete-scutecomplexhomolog2(Drosophila)	
4300	4300	4300	MLLT3	myeloid/lymphoidormixed-lineageleukemia(trithoraxhomolog,Drosophila);translocatedto,3	
4301	4301	4301	MLLT4	myeloid/lymphoidormixed-lineageleukemia(trithoraxhomolog,Drosophila);translocatedto,4	
4303	4303	4303	FOXO4	forkheadboxO4	
4306	4306	4306	NR3C2	nuclearreceptorsubfamily3,groupC,member2	
4308	4308	4308	TRPM1	transientreceptorpotentialcationchannel,subfamilyM,member1	
4311	4311	4311	MME	membranemetallo-endopeptidase	
4312	4312	4312	MMP1	matrixmetallopeptidase1(interstitialcollagenase)	
4313	4313	4313	MMP2	matrixmetallopeptidase2(gelatinaseA,72kDagelatinase,72kDatypeIVcollagenase)	
4314	4314	4314	MMP3	matrixmetallopeptidase3(stromelysin1,progelatinase)	
4316	4316	4316	MMP7	matrixmetallopeptidase7(matrilysin,uterine)	
4317	4317	4317	MMP8	matrixmetallopeptidase8(neutrophilcollagenase)	
4318	4318	4318	MMP9	matrixmetallopeptidase9(gelatinaseB,92kDagelatinase,92kDatypeIVcollagenase)	
4319	4319	4319	MMP10	matrixmetallopeptidase10(stromelysin2)	
432	432	432	ASGR1	asialoglycoproteinreceptor1	
4320	4320	4320	MMP11	matrixmetallopeptidase11(stromelysin3)	
4321	4321	4321	MMP12	matrixmetallopeptidase12(macrophageelastase)	
4322	4322	4322	MMP13	matrixmetallopeptidase13(collagenase3)	
4323	4323	4323	MMP14	matrixmetallopeptidase14(membrane-inserted)	
4324	4324	4324	MMP15	matrixmetallopeptidase15(membrane-inserted)	
4325	4325	4325	MMP16	matrixmetallopeptidase16(membrane-inserted)	
4326	4326	4326	MMP17	matrixmetallopeptidase17(membrane-inserted)	
4327	4327	4327	MMP19	matrixmetallopeptidase19	
4328	4328	4328	MMPL1	matrix metallopeptidase-like 1	
4329	4329	4329	ALDH6A1	aldehydedehydrogenase6family,memberA1	
433	433	433	ASGR2	asialoglycoproteinreceptor2	
4330	4330	4330	MN1	meningioma(disruptedinbalancedtranslocation)1	
4331	4331	4331	MNAT1	menageatroishomolog1,cyclinHassemblyfactor(Xenopuslaevis)	
4332	4332	4332	MNDA	myeloidcellnucleardifferentiationantigen	
4335	4335	4335	MNT	MAXbindingprotein	
4336	4336	4336	MOBP	myelin-associatedoligodendrocytebasicprotein	
4337	4337	4337	MOCS1	molybdenumcofactorsynthesis1	
4338	4338	4338	MOCS2	molybdenumcofactorsynthesis2	
434	434	434	ASIP	agoutisignalingprotein,nonagoutihomolog(mouse)	
4340	4340	4340	MOG	myelinoligodendrocyteglycoprotein	
4342	4342	4342	MOS	v-mosMoloneymurinesarcomaviraloncogenehomolog	
4345	4345	4345	CD200	CD200molecule	
435	435	435	ASL	argininosuccinatelyase	
4350	4350	4350	MPG	N-methylpurine-DNAglycosylase	
4351	4351	4351	MPI	mannosephosphateisomerase	
4352	4352	4352	MPL	myeloproliferativeleukemiavirusoncogene	
4353	4353	4353	MPO	myeloperoxidase	
4354	4354	4354	MPP1	membraneprotein,palmitoylated1,55kDa	
4355	4355	4355	MPP2	membraneprotein,palmitoylated2(MAGUKp55subfamilymember2)	
4356	4356	4356	MPP3	membraneprotein,palmitoylated3(MAGUKp55subfamilymember3)	
4357	4357	4357	MPST	mercaptopyruvatesulfurtransferase	
4358	4358	4358	MPV17	MpV17mitochondrialinnermembraneprotein	
4359	4359	4359	MPZ	myelinproteinzero	
4361	4361	4361	MRE11A	MRE11meioticrecombination11homologA(S.cerevisiae)	
4363	4363	4363	ABCC1	ATP-bindingcassette,sub-familyC(CFTR/MRP),member1	
43847	43847	43847	KLK14	kallikrein-relatedpeptidase14	
43849	43849	43849	KLK12	kallikrein-relatedpeptidase12	
439	439	439	ASNA1	arsAarsenitetransporter,ATP-binding,homolog1(bacterial)	
439992	439992	439992	RPS3AP5	ribosomalproteinS3Apseudogene5	
440	440	440	ASNS	asparaginesynthetase	
440026	440026	440026	TMEM41B	transmembraneprotein41B	
440270	440270	440270	GOLGA8B	golgiautoantigen,golginsubfamilya,8B	
440348	440348	440348	NPIPL2	nuclearporecomplexinteractingprotein-like2	
440387	440387	440387	CTRB2	chymotrypsinogenB2	
440515	440515	440515	ZNF506	zincfingerprotein506	
440738	440738	440738	MAP1LC3C	microtubule-associatedprotein1lightchain3gamma	
440915	440915	440915	POTEK	POTEankyrindomainfamily,memberK	
441024	441024	441024	MTHFD2L	methylenetetrahydrofolatedehydrogenase(NADP+dependent)2-like	
441133	441133	441133	KRT18P38	keratin18pseudogene38	
441151	441151	441151	TMEM151B	transmembraneprotein151B	
441601	441601	441601	LOC441601	septin7pseudogene	
441938	441938	441938	LOC441938	similartosignal-regulatoryproteinalpha	
442171	442171	442171	RPL10P2	ribosomalproteinL10pseudogene2	
442175	442175	442175	RPLP2P1	ribosomalprotein,largeP2,pseudogene1	
442186	442186	442186	OR2J3	olfactoryreceptor,family2,subfamilyJ,member3	
442194	442194	442194	OR10C1	olfactoryreceptor,family10,subfamilyC,member1	
442215	442215	442215	LOC442215	similartoeukaryotictranslationelongationfactor1alpha1	
442233	442233	442233	RP3-526L9.2	SWI/SNFrelated,matrixassociated,actindependentregulatorofchromatin,subfamilye,member1pseudogene	
442236	442236	442236	KRT18P50	keratin18pseudogene50	
442240	442240	442240	ZNF259P	zincfingerprotein259,pseudogene	
442257	442257	442257	RPS4P9	ribosomalproteinS4Xpseudogene9	
442271	442271	442271	LOC442271	similartotubulin,beta,2	
443	443	443	ASPA	aspartoacylase(Canavandisease)	
4430	4430	4430	MYO1B	myosinIB	
4435	4435	4435	CITED1	Cbp/p300-interactingtransactivator,withGlu/Asp-richcarboxy-terminaldomain,1	
4436	4436	4436	MSH2	mutShomolog2,coloncancer,nonpolyposistype1(E.coli)	
4437	4437	4437	MSH3	mutShomolog3(E.coli)	
4438	4438	4438	MSH4	mutShomolog4(E.coli)	
4439	4439	4439	MSH5	mutShomolog5(E.coli)	
444	444	444	ASPH	aspartatebeta-hydroxylase	
4440	4440	4440	MSI1	musashihomolog1(Drosophila)	
445	445	445	ASS1	argininosuccinatesynthetase1	
4477	4477	4477	MSMB	microseminoprotein,beta-	
4478	4478	4478	MSN	moesin	
4481	4481	4481	MSR1	macrophagescavengerreceptor1	
4482	4482	4482	MSRA	methioninesulfoxidereductaseA	
4485	4485	4485	MST1	macrophagestimulating1(hepatocytegrowthfactor-like)	
4486	4486	4486	MST1R	macrophagestimulating1receptor(c-met-relatedtyrosinekinase)	
4487	4487	4487	MSX1	mshhomeobox1	
4488	4488	4488	MSX2	mshhomeobox2	
4493	4493	4493	MT1E	metallothionein1E	
4494	4494	4494	MT1F	metallothionein1F	
4495	4495	4495	MT1G	metallothionein1G	
4499	4499	4499	MT1M	metallothionein1M	
4501	4501	4501	MT1X	metallothionein1X	
4502	4502	4502	MT2A	metallothionein2A	
4504	4504	4504	MT3	metallothionein3	
4507	4507	4507	MTAP	methylthioadenosinephosphorylase	
4515	4515	4515	MTCP1	matureT-cellproliferation1	
4520	4520	4520	MTF1	metal-regulatorytranscriptionfactor1	
4521	4521	4521	NUDT1	nudix(nucleosidediphosphatelinkedmoietyX)-typemotif1	
4522	4522	4522	MTHFD1	methylenetetrahydrofolatedehydrogenase(NADP+dependent)1,methenyltetrahydrofolatecyclohydrolase,formyltetrahydrofolatesynthetase	
4524	4524	4524	MTHFR	5,10-methylenetetrahydrofolatereductase(NADPH)	
4528	4528	4528	MTIF2	mitochondrialtranslationalinitiationfactor2	
4534	4534	4534	MTM1	myotubularin1	
4542	4542	4542	MYO1F	myosinIF	
4543	4543	4543	MTNR1A	melatoninreceptor1A	
4544	4544	4544	MTNR1B	melatoninreceptor1B	
4548	4548	4548	MTR	5-methyltetrahydrofolate-homocysteinemethyltransferase	
4552	4552	4552	MTRR	5-methyltetrahydrofolate-homocysteinemethyltransferasereductase	
4582	4582	4582	MUC1	mucin1,cellsurfaceassociated	
4583	4583	4583	MUC2	mucin2,oligomericmucus/gel-forming	
4585	4585	4585	MUC4	mucin4,cellsurfaceassociated	
4586	4586	4586	MUC5AC	mucin5AC,oligomericmucus/gel-forming	
4588	4588	4588	MUC6	mucin6,oligomericmucus/gel-forming	
4589	4589	4589	MUC7	mucin7,secreted	
4591	4591	4591	TRIM37	tripartitemotif-containing37	
4593	4593	4593	MUSK	muscle,skeletal,receptortyrosinekinase	
4594	4594	4594	MUT	methylmalonylCoenzymeAmutase	
4595	4595	4595	MUTYH	mutYhomolog(E.coli)	
4597	4597	4597	MVD	mevalonate(diphospho)decarboxylase	
4598	4598	4598	MVK	mevalonatekinase	
4599	4599	4599	MX1	myxovirus(influenzavirus)resistance1,interferon-inducibleproteinp78(mouse)	
460	460	460	ASTN1	astrotactin1	
4600	4600	4600	MX2	myxovirus(influenzavirus)resistance2(mouse)	
4601	4601	4601	MXI1	MAXinteractor1	
4602	4602	4602	MYB	v-mybmyeloblastosisviraloncogenehomolog(avian)	
4603	4603	4603	MYBL1	v-mybmyeloblastosisviraloncogenehomolog(avian)-like1	
4604	4604	4604	MYBPC1	myosinbindingproteinC,slowtype	
4605	4605	4605	MYBL2	v-mybmyeloblastosisviraloncogenehomolog(avian)-like2	
4606	4606	4606	MYBPC2	myosinbindingproteinC,fasttype	
4607	4607	4607	MYBPC3	myosinbindingproteinC,cardiac	
4608	4608	4608	MYBPH	myosinbindingproteinH	
4609	4609	4609	MYC	v-mycmyelocytomatosisviraloncogenehomolog(avian)	
4610	4610	4610	MYCL1	v-mycmyelocytomatosisviraloncogenehomolog1,lungcarcinomaderived(avian)	
4613	4613	4613	MYCN	v-mycmyelocytomatosisviralrelatedoncogene,neuroblastomaderived(avian)	
4615	4615	4615	MYD88	myeloiddifferentiationprimaryresponsegene(88)	
4616	4616	4616	GADD45B	growtharrestandDNA-damage-inducible,beta	
4617	4617	4617	MYF5	myogenicfactor5	
4618	4618	4618	MYF6	myogenicfactor6(herculin)	
4619	4619	4619	MYH1	myosin,heavychain1,skeletalmuscle,adult	
462	462	462	SERPINC1	serpinpeptidaseinhibitor,cladeC(antithrombin),member1	
4620	4620	4620	MYH2	myosin,heavychain2,skeletalmuscle,adult	
4621	4621	4621	MYH3	myosin,heavychain3,skeletalmuscle,embryonic	
4622	4622	4622	MYH4	myosin,heavychain4,skeletalmuscle	
4624	4624	4624	MYH6	myosin,heavychain6,cardiacmuscle,alpha	
4625	4625	4625	MYH7	myosin,heavychain7,cardiacmuscle,beta	
4626	4626	4626	MYH8	myosin,heavychain8,skeletalmuscle,perinatal	
4627	4627	4627	MYH9	myosin,heavychain9,non-muscle	
4628	4628	4628	MYH10	myosin,heavychain10,non-muscle	
4629	4629	4629	MYH11	myosin,heavychain11,smoothmuscle	
463	463	463	ZFHX3	zincfingerhomeobox3	
4632	4632	4632	MYL1	myosin,lightchain1,alkali;skeletal,fast	
4633	4633	4633	MYL2	myosin,lightchain2,regulatory,cardiac,slow	
4634	4634	4634	MYL3	myosin,lightchain3,alkali;ventricular,skeletal,slow	
4635	4635	4635	MYL4	myosin,lightchain4,alkali;atrial,embryonic	
4636	4636	4636	MYL5	myosin,lightchain5,regulatory	
4637	4637	4637	MYL6	myosin,lightchain6,alkali,smoothmuscleandnon-muscle	
4638	4638	4638	MYLK	myosinlightchainkinase	
4640	4640	4640	MYO1A	myosinIA	
4641	4641	4641	MYO1C	myosinIC	
4642	4642	4642	MYO1D	myosinID	
4643	4643	4643	MYO1E	myosinIE	
4644	4644	4644	MYO5A	myosinVA(heavychain12,myoxin)	
4646	4646	4646	MYO6	myosinVI	
4647	4647	4647	MYO7A	myosinVIIA	
4649	4649	4649	MYO9A	myosinIXA	
4650	4650	4650	MYO9B	myosinIXB	
4651	4651	4651	MYO10	myosinX	
4653	4653	4653	MYOC	myocilin,trabecularmeshworkinducibleglucocorticoidresponse	
4654	4654	4654	MYOD1	myogenicdifferentiation1	
4656	4656	4656	MYOG	myogenin(myogenicfactor4)	
4659	4659	4659	PPP1R12A	proteinphosphatase1,regulatory(inhibitor)subunit12A	
4660	4660	4660	PPP1R12B	proteinphosphatase1,regulatory(inhibitor)subunit12B	
4661	4661	4661	MYT1	myelintranscriptionfactor1	
4664	4664	4664	NAB1	NGFI-Abindingprotein1(EGR1bindingprotein1)	
4665	4665	4665	NAB2	NGFI-Abindingprotein2(EGR1bindingprotein2)	
4666	4666	4666	NACA	nascentpolypeptide-associatedcomplexalphasubunit	
4668	4668	4668	NAGA	N-acetylgalactosaminidase,alpha-	
4669	4669	4669	NAGLU	N-acetylglucosaminidase,alpha-	
467	467	467	ATF3	activatingtranscriptionfactor3	
4670	4670	4670	HNRNPM	heterogeneousnuclearribonucleoproteinM	
4673	4673	4673	NAP1L1	nucleosomeassemblyprotein1-like1	
4674	4674	4674	NAP1L2	nucleosomeassemblyprotein1-like2	
4675	4675	4675	NAP1L3	nucleosomeassemblyprotein1-like3	
4676	4676	4676	NAP1L4	nucleosomeassemblyprotein1-like4	
4677	4677	4677	NARS	asparaginyl-tRNAsynthetase	
4678	4678	4678	NASP	nuclearautoantigenicspermprotein(histone-binding)	
4680	4680	4680	CEACAM6	carcinoembryonicantigen-relatedcelladhesionmolecule6(non-specificcrossreactingantigen)	
4681	4681	4681	NBL1	neuroblastoma,suppressionoftumorigenicity1	
4682	4682	4682	NUBP1	nucleotidebindingprotein1(MinDhomolog,E.coli)	
4683	4683	4683	NBN	nibrin	
4684	4684	4684	NCAM1	neuralcelladhesionmolecule1	
4686	4686	4686	NCBP1	nuclearcapbindingproteinsubunit1,80kDa	
4688	4688	4688	NCF2	neutrophilcytosolicfactor2	
4689	4689	4689	NCF4	neutrophilcytosolicfactor4,40kDa	
4690	4690	4690	NCK1	NCKadaptorprotein1	
4691	4691	4691	NCL	nucleolin	
4692	4692	4692	NDN	necdinhomolog(mouse)	
4693	4693	4693	NDP	Norriedisease(pseudoglioma)	
4694	4694	4694	NDUFA1	NADHdehydrogenase(ubiquinone)1alphasubcomplex,1,7.5kDa	
4695	4695	4695	NDUFA2	NADHdehydrogenase(ubiquinone)1alphasubcomplex,2,8kDa	
4696	4696	4696	NDUFA3	NADHdehydrogenase(ubiquinone)1alphasubcomplex,3,9kDa	
4697	4697	4697	NDUFA4	NADHdehydrogenase(ubiquinone)1alphasubcomplex,4,9kDa	
4698	4698	4698	NDUFA5	NADHdehydrogenase(ubiquinone)1alphasubcomplex,5,13kDa	
47	47	47	ACLY	ATPcitratelyase	
4700	4700	4700	NDUFA6	NADHdehydrogenase(ubiquinone)1alphasubcomplex,6,14kDa	
4701	4701	4701	NDUFA7	NADHdehydrogenase(ubiquinone)1alphasubcomplex,7,14.5kDa	
4702	4702	4702	NDUFA8	NADHdehydrogenase(ubiquinone)1alphasubcomplex,8,19kDa	
4703	4703	4703	NEB	nebulin	
4704	4704	4704	NDUFA9	NADHdehydrogenase(ubiquinone)1alphasubcomplex,9,39kDa	
4705	4705	4705	NDUFA10	NADHdehydrogenase(ubiquinone)1alphasubcomplex,10,42kDa	
4706	4706	4706	NDUFAB1	NADHdehydrogenase(ubiquinone)1,alpha/betasubcomplex,1,8kDa	
4707	4707	4707	NDUFB1	NADHdehydrogenase(ubiquinone)1betasubcomplex,1,7kDa	
4708	4708	4708	NDUFB2	NADHdehydrogenase(ubiquinone)1betasubcomplex,2,8kDa	
4709	4709	4709	NDUFB3	NADHdehydrogenase(ubiquinone)1betasubcomplex,3,12kDa	
471	471	471	ATIC	5-aminoimidazole-4-carboxamideribonucleotideformyltransferase/IMPcyclohydrolase	
4710	4710	4710	NDUFB4	NADHdehydrogenase(ubiquinone)1betasubcomplex,4,15kDa	
4711	4711	4711	NDUFB5	NADHdehydrogenase(ubiquinone)1betasubcomplex,5,16kDa	
4712	4712	4712	NDUFB6	NADHdehydrogenase(ubiquinone)1betasubcomplex,6,17kDa	
4713	4713	4713	NDUFB7	NADHdehydrogenase(ubiquinone)1betasubcomplex,7,18kDa	
4714	4714	4714	NDUFB8	NADHdehydrogenase(ubiquinone)1betasubcomplex,8,19kDa	
4717	4717	4717	NDUFC1	NADHdehydrogenase(ubiquinone)1,subcomplexunknown,1,6kDa	
4718	4718	4718	NDUFC2	NADHdehydrogenase(ubiquinone)1,subcomplexunknown,2,14.5kDa	
4719	4719	4719	NDUFS1	NADHdehydrogenase(ubiquinone)Fe-Sprotein1,75kDa(NADH-coenzymeQreductase)	
472	472	472	ATM	ataxiatelangiectasiamutated	
4720	4720	4720	NDUFS2	NADHdehydrogenase(ubiquinone)Fe-Sprotein2,49kDa(NADH-coenzymeQreductase)	
4722	4722	4722	NDUFS3	NADHdehydrogenase(ubiquinone)Fe-Sprotein3,30kDa(NADH-coenzymeQreductase)	
4723	4723	4723	NDUFV1	NADHdehydrogenase(ubiquinone)flavoprotein1,51kDa	
4724	4724	4724	NDUFS4	NADHdehydrogenase(ubiquinone)Fe-Sprotein4,18kDa(NADH-coenzymeQreductase)	
4725	4725	4725	NDUFS5	NADHdehydrogenase(ubiquinone)Fe-Sprotein5,15kDa(NADH-coenzymeQreductase)	
4726	4726	4726	NDUFS6	NADHdehydrogenase(ubiquinone)Fe-Sprotein6,13kDa(NADH-coenzymeQreductase)	
4728	4728	4728	NDUFS8	NADHdehydrogenase(ubiquinone)Fe-Sprotein8,23kDa(NADH-coenzymeQreductase)	
4729	4729	4729	NDUFV2	NADHdehydrogenase(ubiquinone)flavoprotein2,24kDa	
473	473	473	RERE	arginine-glutamicaciddipeptide(RE)repeats	
4733	4733	4733	DRG1	developmentallyregulatedGTPbindingprotein1	
4734	4734	4734	NEDD4	neuralprecursorcellexpressed,developmentallydown-regulated4	
4735	4735	4735	SEPT2	septin2	
4738	4738	4738	NEDD8	neuralprecursorcellexpressed,developmentallydown-regulated8	
4739	4739	4739	NEDD9	neuralprecursorcellexpressed,developmentallydown-regulated9	
474	474	474	ATOH1	atonalhomolog1(Drosophila)	
4741	4741	4741	NEFM	neurofilament,mediumpolypeptide	
474344	474344	474344	GIMAP6	GTPase,IMAPfamilymember6	
4744	4744	4744	NEFH	neurofilament,heavypolypeptide	
4745	4745	4745	NELL1	NEL-like1(chicken)	
475	475	475	ATOX1	ATX1antioxidantprotein1homolog(yeast)	
4750	4750	4750	NEK1	NIMA(neverinmitosisgenea)-relatedkinase1	
4751	4751	4751	NEK2	NIMA(neverinmitosisgenea)-relatedkinase2	
4752	4752	4752	NEK3	NIMA(neverinmitosisgenea)-relatedkinase3	
4753	4753	4753	NELL2	NEL-like2(chicken)	
4756	4756	4756	NEO1	neogeninhomolog1(chicken)	
4758	4758	4758	NEU1	sialidase1(lysosomalsialidase)	
4759	4759	4759	NEU2	sialidase2(cytosolicsialidase)	
476	476	476	ATP1A1	ATPase,Na+/K+transporting,alpha1polypeptide	
4760	4760	4760	NEUROD1	neurogenicdifferentiation1	
4762	4762	4762	NEUROG1	neurogenin1	
4763	4763	4763	NF1	neurofibromin1	
477	477	477	ATP1A2	ATPase,Na+/K+transporting,alpha2(+)polypeptide	
4771	4771	4771	NF2	neurofibromin2(merlin)	
4772	4772	4772	NFATC1	nuclearfactorofactivatedT-cells,cytoplasmic,calcineurin-dependent1	
4775	4775	4775	NFATC3	nuclearfactorofactivatedT-cells,cytoplasmic,calcineurin-dependent3	
4776	4776	4776	NFATC4	nuclearfactorofactivatedT-cells,cytoplasmic,calcineurin-dependent4	
4778	4778	4778	NFE2	nuclearfactor(erythroid-derived2),45kDa	
4779	4779	4779	NFE2L1	nuclearfactor(erythroid-derived2)-like1	
478	478	478	ATP1A3	ATPase,Na+/K+transporting,alpha3polypeptide	
4780	4780	4780	NFE2L2	nuclearfactor(erythroid-derived2)-like2	
4781	4781	4781	NFIB	nuclearfactorI/B	
4782	4782	4782	NFIC	nuclearfactorI/C(CCAAT-bindingtranscriptionfactor)	
4783	4783	4783	NFIL3	nuclearfactor,interleukin3regulated	
4784	4784	4784	NFIX	nuclearfactorI/X(CCAAT-bindingtranscriptionfactor)	
479	479	479	ATP12A	ATPase,H+/K+transporting,nongastric,alphapolypeptide	
4790	4790	4790	NFKB1	nuclearfactorofkappalightpolypeptidegeneenhancerinB-cells1	
4791	4791	4791	NFKB2	nuclearfactorofkappalightpolypeptidegeneenhancerinB-cells2(p49/p100)	
4792	4792	4792	NFKBIA	nuclearfactorofkappalightpolypeptidegeneenhancerinB-cellsinhibitor,alpha	
4793	4793	4793	NFKBIB	nuclearfactorofkappalightpolypeptidegeneenhancerinB-cellsinhibitor,beta	
4794	4794	4794	NFKBIE	nuclearfactorofkappalightpolypeptidegeneenhancerinB-cellsinhibitor,epsilon	
4795	4795	4795	NFKBIL1	nuclearfactorofkappalightpolypeptidegeneenhancerinB-cellsinhibitor-like1	
4796	4796	4796	NFKBIL2	nuclearfactorofkappalightpolypeptidegeneenhancerinB-cellsinhibitor-like2	
4798	4798	4798	NFRKB	nuclearfactorrelatedtokappaBbindingprotein	
4799	4799	4799	NFX1	nucleartranscriptionfactor,X-boxbinding1	
48	48	48	ACO1	aconitase1,soluble	
4800	4800	4800	NFYA	nucleartranscriptionfactorY,alpha	
4801	4801	4801	NFYB	nucleartranscriptionfactorY,beta	
4802	4802	4802	NFYC	nucleartranscriptionfactorY,gamma	
4803	4803	4803	NGF	nervegrowthfactor(betapolypeptide)	
4804	4804	4804	NGFR	nervegrowthfactorreceptor(TNFRsuperfamily,member16)	
4807	4807	4807	NHLH1	nescienthelixloophelix1	
4808	4808	4808	NHLH2	nescienthelixloophelix2	
4809	4809	4809	NHP2L1	NHP2non-histonechromosomeprotein2-like1(S.cerevisiae)	
481	481	481	ATP1B1	ATPase,Na+/K+transporting,beta1polypeptide	
4811	4811	4811	NID1	nidogen1	
4814	4814	4814	NINJ1	ninjurin1	
4815	4815	4815	NINJ2	ninjurin2	
4817	4817	4817	NIT1	nitrilase1	
4818	4818	4818	NKG7	naturalkillercellgroup7sequence	
482	482	482	ATP1B2	ATPase,Na+/K+transporting,beta2polypeptide	
4820	4820	4820	NKTR	naturalkiller-tumorrecognitionsequence	
4821	4821	4821	NKX2-2	NK2homeobox2	
4824	4824	4824	NKX3-1	NK3homeobox1	
4825	4825	4825	NKX6-1	NK6homeobox1	
4826	4826	4826	NNAT	neuronatin	
4828	4828	4828	NMB	neuromedinB	
4829	4829	4829	NMBR	neuromedinBreceptor	
483	483	483	ATP1B3	ATPase,Na+/K+transporting,beta3polypeptide	
4830	4830	4830	NME1	non-metastaticcells1,protein(NM23A)expressedin	
4832	4832	4832	NME3	non-metastaticcells3,proteinexpressedin	
4833	4833	4833	NME4	non-metastaticcells4,proteinexpressedin	
4835	4835	4835	NQO2	NAD(P)Hdehydrogenase,quinone2	
4836	4836	4836	NMT1	N-myristoyltransferase1	
4837	4837	4837	NNMT	nicotinamideN-methyltransferase	
4839	4839	4839	NOP2	NOP2nucleolarproteinhomolog(yeast)	
4841	4841	4841	NONO	non-POUdomaincontaining,octamer-binding	
4842	4842	4842	NOS1	nitricoxidesynthase1(neuronal)	
4843	4843	4843	NOS2	nitricoxidesynthase2,inducible	
4846	4846	4846	NOS3	nitricoxidesynthase3(endothelialcell)	
4848	4848	4848	CNOT2	CCR4-NOTtranscriptioncomplex,subunit2	
4849	4849	4849	CNOT3	CCR4-NOTtranscriptioncomplex,subunit3	
4850	4850	4850	CNOT4	CCR4-NOTtranscriptioncomplex,subunit4	
4851	4851	4851	NOTCH1	Notchhomolog1,translocation-associated(Drosophila)	
4852	4852	4852	NPY	neuropeptideY	
4853	4853	4853	NOTCH2	Notchhomolog2(Drosophila)	
4854	4854	4854	NOTCH3	Notchhomolog3(Drosophila)	
4855	4855	4855	NOTCH4	Notchhomolog4(Drosophila)	
4856	4856	4856	NOV	nephroblastomaoverexpressedgene	
4857	4857	4857	NOVA1	neuro-oncologicalventralantigen1	
4858	4858	4858	NOVA2	neuro-oncologicalventralantigen2	
486	486	486	FXYD2	FXYDdomaincontainingiontransportregulator2	
4860	4860	4860	NP	nucleosidephosphorylase	
4861	4861	4861	NPAS1	neuronalPASdomainprotein1	
4862	4862	4862	NPAS2	neuronalPASdomainprotein2	
4863	4863	4863	NPAT	nuclearprotein,ataxia-telangiectasialocus	
4864	4864	4864	NPC1	Niemann-Pickdisease,typeC1	
4867	4867	4867	NPHP1	nephronophthisis1(juvenile)	
4868	4868	4868	NPHS1	nephrosis1,congenital,Finnishtype(nephrin)	
4869	4869	4869	NPM1	nucleophosmin(nucleolarphosphoproteinB23,numatrin)	
487	487	487	ATP2A1	ATPase,Ca++transporting,cardiacmuscle,fasttwitch1	
4878	4878	4878	NPPA	natriureticpeptideprecursorA	
4879	4879	4879	NPPB	natriureticpeptideprecursorB	
488	488	488	ATP2A2	ATPase,Ca++transporting,cardiacmuscle,slowtwitch2	
4880	4880	4880	NPPC	natriureticpeptideprecursorC	
4881	4881	4881	NPR1	natriureticpeptidereceptorA/guanylatecyclaseA(atrionatriureticpeptidereceptorA)	
4882	4882	4882	NPR2	natriureticpeptidereceptorB/guanylatecyclaseB(atrionatriureticpeptidereceptorB)	
4883	4883	4883	NPR3	natriureticpeptidereceptorC/guanylatecyclaseC(atrionatriureticpeptidereceptorC)	
4884	4884	4884	NPTX1	neuronalpentraxinI	
4885	4885	4885	NPTX2	neuronalpentraxinII	
4886	4886	4886	NPY1R	neuropeptideYreceptorY1	
4887	4887	4887	NPY2R	neuropeptideYreceptorY2	
4888	4888	4888	NPY6R	neuropeptideYreceptorY6(pseudogene)	
4889	4889	4889	NPY5R	neuropeptideYreceptorY5	
489	489	489	ATP2A3	ATPase,Ca++transporting,ubiquitous	
4891	4891	4891	SLC11A2	solutecarrierfamily11(proton-coupleddivalentmetaliontransporters),member2	
4892	4892	4892	NRAP	nebulin-relatedanchoringprotein	
4893	4893	4893	NRAS	neuroblastomaRASviral(v-ras)oncogenehomolog	
4897	4897	4897	NRCAM	neuronalcelladhesionmolecule	
4898	4898	4898	NRD1	nardilysin(N-argininedibasicconvertase)	
4899	4899	4899	NRF1	nuclearrespiratoryfactor1	
490	490	490	ATP2B1	ATPase,Ca++transporting,plasmamembrane1	
4900	4900	4900	NRGN	neurogranin(proteinkinaseCsubstrate,RC3)	
4901	4901	4901	NRL	neuralretinaleucinezipper	
4902	4902	4902	NRTN	neurturin	
4904	4904	4904	YBX1	Yboxbindingprotein1	
4905	4905	4905	NSF	N-ethylmaleimide-sensitivefactor	
4907	4907	4907	NT5E	5'-nucleotidase,ecto(CD73)	
4908	4908	4908	NTF3	neurotrophin3	
491	491	491	ATP2B2	ATPase,Ca++transporting,plasmamembrane2	
4913	4913	4913	NTHL1	nthendonucleaseIII-like1(E.coli)	
4914	4914	4914	NTRK1	neurotrophictyrosinekinase,receptor,type1	
4915	4915	4915	NTRK2	neurotrophictyrosinekinase,receptor,type2	
4916	4916	4916	NTRK3	neurotrophictyrosinekinase,receptor,type3	
4917	4917	4917	NTN3	netrin3	
4919	4919	4919	ROR1	receptortyrosinekinase-likeorphanreceptor1	
492	492	492	ATP2B3	ATPase,Ca++transporting,plasmamembrane3	
4920	4920	4920	ROR2	receptortyrosinekinase-likeorphanreceptor2	
4921	4921	4921	DDR2	discoidindomainreceptortyrosinekinase2	
4922	4922	4922	NTS	neurotensin	
4923	4923	4923	NTSR1	neurotensinreceptor1(highaffinity)	
4924	4924	4924	NUCB1	nucleobindin1	
4925	4925	4925	NUCB2	nucleobindin2	
4926	4926	4926	NUMA1	nuclearmitoticapparatusprotein1	
4927	4927	4927	NUP88	nucleoporin88kDa	
4928	4928	4928	NUP98	nucleoporin98kDa	
4929	4929	4929	NR4A2	nuclearreceptorsubfamily4,groupA,member2	
493	493	493	ATP2B4	ATPase,Ca++transporting,plasmamembrane4	
4931	4931	4931	NVL	nuclearVCP-like	
4935	4935	4935	GPR143	Gprotein-coupledreceptor143	
4938	4938	4938	OAS1	2',5'-oligoadenylatesynthetase1,40/46kDa	
4939	4939	4939	OAS2	2'-5'-oligoadenylatesynthetase2,69/71kDa	
4940	4940	4940	OAS3	2'-5'-oligoadenylatesynthetase3,100kDa	
4942	4942	4942	OAT	ornithineaminotransferase(gyrateatrophy)	
4946	4946	4946	OAZ1	ornithinedecarboxylaseantizyme1	
4947	4947	4947	OAZ2	ornithinedecarboxylaseantizyme2	
4948	4948	4948	OCA2	oculocutaneousalbinismII	
495	495	495	ATP4A	ATPase,H+/K+exchanging,alphapolypeptide	
4952	4952	4952	OCRL	oculocerebrorenalsyndromeofLowe	
4953	4953	4953	ODC1	ornithinedecarboxylase1	
4956	4956	4956	ODF1	outerdensefiberofspermtails1	
4957	4957	4957	ODF2	outerdensefiberofspermtails2	
4958	4958	4958	OMD	osteomodulin	
496	496	496	ATP4B	ATPase,H+/K+exchanging,betapolypeptide	
4967	4967	4967	OGDH	oxoglutarate(alpha-ketoglutarate)dehydrogenase(lipoamide)	
4968	4968	4968	OGG1	8-oxoguanineDNAglycosylase	
4969	4969	4969	OGN	osteoglycin	
4973	4973	4973	OLR1	oxidizedlowdensitylipoprotein(lectin-like)receptor1	
4974	4974	4974	OMG	oligodendrocytemyelinglycoprotein	
4975	4975	4975	OMP	olfactorymarkerprotein	
4976	4976	4976	OPA1	opticatrophy1(autosomaldominant)	
4978	4978	4978	OPCML	opioidbindingprotein/celladhesionmolecule-like	
498	498	498	ATP5A1	ATPsynthase,H+transporting,mitochondrialF1complex,alphasubunit1,cardiacmuscle	
4982	4982	4982	TNFRSF11B	tumornecrosisfactorreceptorsuperfamily,member11b	
4985	4985	4985	OPRD1	opioidreceptor,delta1	
49855	49855	49855	SCAPER	S-phasecyclinA-associatedproteinintheER	
49856	49856	49856	WDR8	WDrepeatdomain8	
4986	4986	4986	OPRK1	opioidreceptor,kappa1	
49860	49860	49860	CRNN	cornulin	
4987	4987	4987	OPRL1	opiatereceptor-like1	
4988	4988	4988	OPRM1	opioidreceptor,mu1	
4990	4990	4990	SIX6	SIXhomeobox6	
4991	4991	4991	OR1D2	olfactoryreceptor,family1,subfamilyD,member2	
4992	4992	4992	OR1F1	olfactoryreceptor,family1,subfamilyF,member1	
4993	4993	4993	OR2C1	olfactoryreceptor,family2,subfamilyC,member1	
4994	4994	4994	OR3A1	olfactoryreceptor,family3,subfamilyA,member1	
4995	4995	4995	OR3A2	olfactoryreceptor,family3,subfamilyA,member2	
4998	4998	4998	ORC1L	originrecognitioncomplex,subunit1-like(yeast)	
4999	4999	4999	ORC2L	originrecognitioncomplex,subunit2-like(yeast)	
50	50	50	ACO2	aconitase2,mitochondrial	
5000	5000	5000	ORC4L	originrecognitioncomplex,subunit4-like(yeast)	
5001	5001	5001	ORC5L	originrecognitioncomplex,subunit5-like(yeast)	
5002	5002	5002	SLC22A18	solutecarrierfamily22,member18	
5003	5003	5003	SLC22A18AS	solutecarrierfamily22(organiccationtransporter),member18antisense	
5004	5004	5004	ORM1	orosomucoid1	
5005	5005	5005	ORM2	orosomucoid2	
5007	5007	5007	OSBP	oxysterolbindingprotein	
5008	5008	5008	OSM	oncostatinM	
5009	5009	5009	OTC	ornithinecarbamoyltransferase	
501	501	501	ALDH7A1	aldehydedehydrogenase7family,memberA1	
5010	5010	5010	CLDN11	claudin11	
5016	5016	5016	OVGP1	oviductalglycoprotein1,120kDa	
5017	5017	5017	OVOL1	ovo-like1(Drosophila)	
5018	5018	5018	OXA1L	oxidase(cytochromec)assembly1-like	
5019	5019	5019	OXCT1	3-oxoacidCoAtransferase1	
5020	5020	5020	OXT	oxytocin,prepropeptide	
5021	5021	5021	OXTR	oxytocinreceptor	
5023	5023	5023	P2RX1	purinergicreceptorP2X,ligand-gatedionchannel,1	
5024	5024	5024	P2RX3	purinergicreceptorP2X,ligand-gatedionchannel,3	
5025	5025	5025	P2RX4	purinergicreceptorP2X,ligand-gatedionchannel,4	
5026	5026	5026	P2RX5	purinergicreceptorP2X,ligand-gatedionchannel,5	
5027	5027	5027	P2RX7	purinergicreceptorP2X,ligand-gatedionchannel,7	
5028	5028	5028	P2RY1	purinergicreceptorP2Y,G-proteincoupled,1	
5029	5029	5029	P2RY2	purinergicreceptorP2Y,G-proteincoupled,2	
5030	5030	5030	P2RY4	pyrimidinergicreceptorP2Y,G-proteincoupled,4	
5031	5031	5031	P2RY6	pyrimidinergicreceptorP2Y,G-proteincoupled,6	
5032	5032	5032	P2RY11	purinergicreceptorP2Y,G-proteincoupled,11	
5033	5033	5033	P4HA1	prolyl4-hydroxylase,alphapolypeptideI	
5034	5034	5034	P4HB	prolyl4-hydroxylase,betapolypeptide	
5036	5036	5036	PA2G4	proliferation-associated2G4,38kDa	
5037	5037	5037	PEBP1	phosphatidylethanolaminebindingprotein1	
5042	5042	5042	PABPC3	poly(A)bindingprotein,cytoplasmic3	
5045	5045	5045	FURIN	furin(pairedbasicaminoacidcleavingenzyme)	
5046	5046	5046	PCSK6	proproteinconvertasesubtilisin/kexintype6	
5047	5047	5047	PAEP	progestagen-associatedendometrialprotein	
5048	5048	5048	PAFAH1B1	platelet-activatingfactoracetylhydrolase,isoformIb,subunit1(45kDa)	
50485	50485	50485	SMARCAL1	SWI/SNFrelated,matrixassociated,actindependentregulatorofchromatin,subfamilya-like1	
50486	50486	50486	G0S2	G0/G1switch2	
50487	50487	50487	PLA2G3	phospholipaseA2,groupIII	
50488	50488	50488	MINK1	misshapen-likekinase1(zebrafish)	
50489	50489	50489	CD207	CD207molecule,langerin	
5049	5049	5049	PAFAH1B2	platelet-activatingfactoracetylhydrolase,isoformIb,subunit2(30kDa)	
5050	5050	5050	PAFAH1B3	platelet-activatingfactoracetylhydrolase,isoformIb,subunit3(29kDa)	
50506	50506	50506	DUOX2	dualoxidase2	
50507	50507	50507	NOX4	NADPHoxidase4	
50508	50508	50508	NOX3	NADPHoxidase3	
50509	50509	50509	COL5A3	collagen,typeV,alpha3	
5051	5051	5051	PAFAH2	platelet-activatingfactoracetylhydrolase2,40kDa	
50512	50512	50512	PODXL2	podocalyxin-like2	
50514	50514	50514	DEC1	deletedinesophagealcancer1	
50515	50515	50515	CHST11	carbohydrate(chondroitin4)sulfotransferase11	
5052	5052	5052	PRDX1	peroxiredoxin1	
5053	5053	5053	PAH	phenylalaninehydroxylase	
5054	5054	5054	SERPINE1	serpinpeptidaseinhibitor,cladeE(nexin,plasminogenactivatorinhibitortype1),member1	
5055	5055	5055	SERPINB2	serpinpeptidaseinhibitor,cladeB(ovalbumin),member2	
5058	5058	5058	PAK1	p21protein(Cdc42/Rac)-activatedkinase1	
506	506	506	ATP5B	ATPsynthase,H+transporting,mitochondrialF1complex,betapolypeptide	
50613	50613	50613	UBQLN3	ubiquilin3	
50615	50615	50615	IL21R	interleukin21receptor	
50616	50616	50616	IL22	interleukin22	
50617	50617	50617	ATP6V0A4	ATPase,H+transporting,lysosomalV0subunita4	
50618	50618	50618	ITSN2	intersectin2	
50619	50619	50619	DEF6	differentiallyexpressedinFDCP6homolog(mouse)	
5062	5062	5062	PAK2	p21protein(Cdc42/Rac)-activatedkinase2	
50624	50624	50624	CUZD1	CUBandzonapellucida-likedomains1	
50628	50628	50628	GEMIN4	gem(nuclearorganelle)associatedprotein4	
5063	5063	5063	PAK3	p21protein(Cdc42/Rac)-activatedkinase3	
50632	50632	50632	CALY	calcyonneuron-specificvesicularprotein	
5064	5064	5064	PALM	paralemmin	
50649	50649	50649	ARHGEF4	Rhoguaninenucleotideexchangefactor(GEF)4	
50650	50650	50650	ARHGEF3	Rhoguaninenucleotideexchangefactor(GEF)3	
5066	5066	5066	PAM	peptidylglycinealpha-amidatingmonooxygenase	
50674	50674	50674	NEUROG3	neurogenin3	
5068	5068	5068	REG3A	regeneratingislet-derived3alpha	
5069	5069	5069	PAPPA	pregnancy-associatedplasmaproteinA,pappalysin1	
50700	50700	50700	RDH8	retinoldehydrogenase8(all-trans)	
5071	5071	5071	PARK2	Parkinsondisease(autosomalrecessive,juvenile)2,parkin	
50717	50717	50717	DCAF8	DDB1andCUL4associatedfactor8	
5073	5073	5073	PARN	poly(A)-specificribonuclease(deadenylationnuclease)	
5074	5074	5074	PAWR	PRKC,apoptosis,WT1,regulator	
5075	5075	5075	PAX1	pairedbox1	
5076	5076	5076	PAX2	pairedbox2	
5077	5077	5077	PAX3	pairedbox3	
5078	5078	5078	PAX4	pairedbox4	
5079	5079	5079	PAX5	pairedbox5	
5080	5080	5080	PAX6	pairedbox6	
50805	50805	50805	IRX4	iroquoishomeobox4	
50807	50807	50807	ASAP1	ArfGAPwithSH3domain,ankyrinrepeatandPHdomain1	
50809	50809	50809	HP1BP3	heterochromatinprotein1,bindingprotein3	
5081	5081	5081	PAX7	pairedbox7	
50810	50810	50810	HDGFRP3	hepatoma-derivedgrowthfactor,relatedprotein3	
50813	50813	50813	COPS7A	COP9constitutivephotomorphogenichomologsubunit7A(Arabidopsis)	
50814	50814	50814	NSDHL	NAD(P)dependentsteroiddehydrogenase-like	
5082	5082	5082	PDCL	phosducin-like	
5083	5083	5083	PAX9	pairedbox9	
50831	50831	50831	TAS2R3	tastereceptor,type2,member3	
50832	50832	50832	TAS2R4	tastereceptor,type2,member4	
50833	50833	50833	TAS2R16	tastereceptor,type2,member16	
50834	50834	50834	TAS2R1	tastereceptor,type2,member1	
50835	50835	50835	TAS2R9	tastereceptor,type2,member9	
50836	50836	50836	TAS2R8	tastereceptor,type2,member8	
50837	50837	50837	TAS2R7	tastereceptor,type2,member7	
50838	50838	50838	TAS2R13	tastereceptor,type2,member13	
50839	50839	50839	TAS2R10	tastereceptor,type2,member10	
50840	50840	50840	TAS2R14	tastereceptor,type2,member14	
50848	50848	50848	F11R	F11receptor	
50852	50852	50852	TRAT1	Tcellreceptorassociatedtransmembraneadaptor1	
50853	50853	50853	VILL	villin-like	
50854	50854	50854	C6orf48	chromosome6openreadingframe48	
50855	50855	50855	PARD6A	par-6partitioningdefective6homologalpha(C.elegans)	
50856	50856	50856	CLEC4A	C-typelectindomainfamily4,memberA	
50859	50859	50859	SPOCK3	sparc/osteonectin,cwcvandkazal-likedomainsproteoglycan(testican)3	
50861	50861	50861	STMN3	stathmin-like3	
50862	50862	50862	RNF141	ringfingerprotein141	
50863	50863	50863	NTM	neurotrimin	
50865	50865	50865	HEBP1	hemebindingprotein1	
5087	5087	5087	PBX1	pre-B-cellleukemiahomeobox1	
5089	5089	5089	PBX2	pre-B-cellleukemiahomeobox2	
509	509	509	ATP5C1	ATPsynthase,H+transporting,mitochondrialF1complex,gammapolypeptide1	
5090	5090	5090	PBX3	pre-B-cellleukemiahomeobox3	
5091	5091	5091	PC	pyruvatecarboxylase	
5092	5092	5092	PCBD1	pterin-4alpha-carbinolaminedehydratase/dimerizationcofactorofhepatocytenuclearfactor1alpha	
5093	5093	5093	PCBP1	poly(rC)bindingprotein1	
50937	50937	50937	CDON	Cdonhomolog(mouse)	
50939	50939	50939	IMPG2	interphotoreceptormatrixproteoglycan2	
5094	5094	5094	PCBP2	poly(rC)bindingprotein2	
50940	50940	50940	PDE11A	phosphodiesterase11A	
50943	50943	50943	FOXP3	forkheadboxP3	
50944	50944	50944	SHANK1	SH3andmultipleankyrinrepeatdomains1	
5095	5095	5095	PCCA	propionylCoenzymeAcarboxylase,alphapolypeptide	
5096	5096	5096	PCCB	propionylCoenzymeAcarboxylase,betapolypeptide	
5097	5097	5097	PCDH1	protocadherin1	
5098	5098	5098	PCDHGC3	protocadheringammasubfamilyC,3	
5099	5099	5099	PCDH7	protocadherin7	
50999	50999	50999	TMED5	transmembraneemp24proteintransportdomaincontaining5	
51	51	51	ACOX1	acyl-CoenzymeAoxidase1,palmitoyl	
5100	5100	5100	PCDH8	protocadherin8	
51001	51001	51001	MTERFD1	MTERFdomaincontaining1	
51002	51002	51002	TPRKB	TP53RKbindingprotein	
51003	51003	51003	MED31	mediatorcomplexsubunit31	
51004	51004	51004	COQ6	coenzymeQ6homolog,monooxygenase(S.cerevisiae)	
51005	51005	51005	AMDHD2	amidohydrolasedomaincontaining2	
51006	51006	51006	SLC35C2	solutecarrierfamily35,memberC2	
51008	51008	51008	ASCC1	activatingsignalcointegrator1complexsubunit1	
51009	51009	51009	DERL2	Der1-likedomainfamily,member2	
5101	5101	5101	PCDH9	protocadherin9	
51011	51011	51011	FAHD2A	fumarylacetoacetatehydrolasedomaincontaining2A	
51012	51012	51012	SLMO2	slowmohomolog2(Drosophila)	
51014	51014	51014	TMED7	transmembraneemp24proteintransportdomaincontaining7	
51015	51015	51015	ISOC1	isochorismatasedomaincontaining1	
51016	51016	51016	FAM158A	familywithsequencesimilarity158,memberA	
51018	51018	51018	RRP15	ribosomalRNAprocessing15homolog(S.cerevisiae)	
51019	51019	51019	CCDC53	coiled-coildomaincontaining53	
51020	51020	51020	HDDC2	HDdomaincontaining2	
51021	51021	51021	MRPS16	mitochondrialribosomalproteinS16	
51022	51022	51022	GLRX2	glutaredoxin2	
51023	51023	51023	MRPS18C	mitochondrialribosomalproteinS18C	
51024	51024	51024	FIS1	fission1(mitochondrialoutermembrane)homolog(S.cerevisiae)	
51025	51025	51025	Magmas	mitochondria-associatedproteininvolvedingranulocyte-macrophagecolony-stimulatingfactorsignaltransduction	
51026	51026	51026	GOLT1B	golgitransport1homologB(S.cerevisiae)	
51027	51027	51027	BOLA1	bolAhomolog1(E.coli)	
51029	51029	51029	PPPDE1	PPPDEpeptidasedomaincontaining1	
51031	51031	51031	GLOD4	glyoxalasedomaincontaining4	
51032	51032	51032	CELA2B	chymotrypsin-likeelastasefamily,member2B	
51035	51035	51035	UBXN1	UBXdomainprotein1	
5104	5104	5104	SERPINA5	serpinpeptidaseinhibitor,cladeA(alpha-1antiproteinase,antitrypsin),member5	
51042	51042	51042	ZNF593	zincfingerprotein593	
51043	51043	51043	ZBTB7B	zincfingerandBTBdomaincontaining7B	
51046	51046	51046	ST8SIA3	ST8alpha-N-acetyl-neuraminidealpha-2,8-sialyltransferase3	
5105	5105	5105	PCK1	phosphoenolpyruvatecarboxykinase1(soluble)	
51050	51050	51050	PI15	peptidaseinhibitor15	
51052	51052	51052	PRLH	prolactinreleasinghormone	
51053	51053	51053	GMNN	geminin,DNAreplicationinhibitor	
51054	51054	51054	PLEKHA9	pleckstrinhomologydomaincontaining,familyA(phosphoinositidebindingspecific)member9	
51056	51056	51056	LAP3	leucineaminopeptidase3	
5106	5106	5106	PCK2	phosphoenolpyruvatecarboxykinase2(mitochondrial)	
51063	51063	51063	CALHM2	calciumhomeostasismodulator2	
51065	51065	51065	RPS27L	ribosomalproteinS27-like	
51066	51066	51066	C3orf32	chromosome3openreadingframe32	
51067	51067	51067	YARS2	tyrosyl-tRNAsynthetase2,mitochondrial	
51068	51068	51068	NMD3	NMD3homolog(S.cerevisiae)	
51069	51069	51069	MRPL2	mitochondrialribosomalproteinL2	
51070	51070	51070	NOSIP	nitricoxidesynthaseinteractingprotein	
51071	51071	51071	DERA	2-deoxyribose-5-phosphatealdolasehomolog(C.elegans)	
51073	51073	51073	MRPL4	mitochondrialribosomalproteinL4	
51075	51075	51075	TMX2	thioredoxin-relatedtransmembraneprotein2	
51076	51076	51076	CUTC	cutCcoppertransporterhomolog(E.coli)	
51077	51077	51077	FCF1	FCF1smallsubunit(SSU)processomecomponenthomolog(S.cerevisiae)	
51078	51078	51078	THAP4	THAPdomaincontaining4	
51079	51079	51079	NDUFA13	NADHdehydrogenase(ubiquinone)1alphasubcomplex,13	
5108	5108	5108	PCM1	pericentriolarmaterial1	
51081	51081	51081	MRPS7	mitochondrialribosomalproteinS7	
51082	51082	51082	POLR1D	polymerase(RNA)IpolypeptideD,16kDa	
51083	51083	51083	GAL	galaninprepropeptide	
51084	51084	51084	CRYL1	crystallin,lambda1	
51085	51085	51085	MLXIPL	MLXinteractingprotein-like	
51086	51086	51086	TNNI3K	TNNI3interactingkinase	
51087	51087	51087	YBX2	Yboxbindingprotein2	
51090	51090	51090	PLLP	plasmamembraneproteolipid(plasmolipin)	
51092	51092	51092	SIDT2	SID1transmembranefamily,member2	
51093	51093	51093	C1orf66	chromosome1openreadingframe66	
51094	51094	51094	ADIPOR1	adiponectinreceptor1	
51096	51096	51096	UTP18	UTP18,smallsubunit(SSU)processomecomponent,homolog(yeast)	
51097	51097	51097	SCCPDH	saccharopinedehydrogenase(putative)	
51098	51098	51098	IFT52	intraflagellartransport52homolog(Chlamydomonas)	
51099	51099	51099	ABHD5	abhydrolasedomaincontaining5	
5110	5110	5110	PCMT1	protein-L-isoaspartate(D-aspartate)O-methyltransferase	
51100	51100	51100	SH3GLB1	SH3-domainGRB2-likeendophilinB1	
51101	51101	51101	FAM164A	familywithsequencesimilarity164,memberA	
51102	51102	51102	MECR	mitochondrialtrans-2-enoyl-CoAreductase	
51103	51103	51103	NDUFAF1	NADHdehydrogenase(ubiquinone)1alphasubcomplex,assemblyfactor1	
51104	51104	51104	FAM108B1	familywithsequencesimilarity108,memberB1	
51105	51105	51105	PHF20L1	PHDfingerprotein20-like1	
51106	51106	51106	TFB1M	transcriptionfactorB1,mitochondrial	
51107	51107	51107	APH1A	anteriorpharynxdefective1homologA(C.elegans)	
51108	51108	51108	METTL9	methyltransferaselike9	
51109	51109	51109	RDH11	retinoldehydrogenase11(all-trans/9-cis/11-cis)	
5111	5111	5111	PCNA	proliferatingcellnuclearantigen	
51110	51110	51110	LACTB2	lactamase,beta2	
51111	51111	51111	SUV420H1	suppressorofvariegation4-20homolog1(Drosophila)	
51112	51112	51112	TTC15	tetratricopeptiderepeatdomain15	
51115	51115	51115	FAM82B	familywithsequencesimilarity82,memberB	
51116	51116	51116	MRPS2	mitochondrialribosomalproteinS2	
51117	51117	51117	COQ4	coenzymeQ4homolog(S.cerevisiae)	
51118	51118	51118	UTP11L	UTP11-like,U3smallnucleolarribonucleoprotein,(yeast)	
51121	51121	51121	RPL26L1	ribosomalproteinL26-like1	
51123	51123	51123	ZNF706	zincfingerprotein706	
51125	51125	51125	GOLGA7	golgiautoantigen,golginsubfamilya,7	
51127	51127	51127	TRIM17	tripartitemotif-containing17	
51128	51128	51128	SAR1B	SAR1homologB(S.cerevisiae)	
51129	51129	51129	ANGPTL4	angiopoietin-like4	
51131	51131	51131	PHF11	PHDfingerprotein11	
51133	51133	51133	KCTD3	potassiumchanneltetramerisationdomaincontaining3	
51134	51134	51134	CCDC41	coiled-coildomaincontaining41	
51135	51135	51135	IRAK4	interleukin-1receptor-associatedkinase4	
51136	51136	51136	RNFT1	ringfingerprotein,transmembrane1	
51138	51138	51138	COPS4	COP9constitutivephotomorphogenichomologsubunit4(Arabidopsis)	
51141	51141	51141	INSIG2	insulininducedgene2	
51142	51142	51142	CHCHD2	coiled-coil-helix-coiled-coil-helixdomaincontaining2	
51143	51143	51143	DYNC1LI1	dynein,cytoplasmic1,lightintermediatechain1	
51144	51144	51144	HSD17B12	hydroxysteroid(17-beta)dehydrogenase12	
51146	51146	51146	A4GNT	alpha-1,4-N-acetylglucosaminyltransferase	
51147	51147	51147	ING4	inhibitorofgrowthfamily,member4	
51149	51149	51149	C5orf45	chromosome5openreadingframe45	
51150	51150	51150	SDF4	stromalcellderivedfactor4	
51151	51151	51151	SLC45A2	solutecarrierfamily45,member2	
51154	51154	51154	MRTO4	mRNAturnover4homolog(S.cerevisiae)	
51155	51155	51155	HN1	hematologicalandneurologicalexpressed1	
51156	51156	51156	SERPINA10	serpinpeptidaseinhibitor,cladeA(alpha-1antiproteinase,antitrypsin),member10	
51157	51157	51157	ZNF580	zincfingerprotein580	
5116	5116	5116	PCNT	pericentrin	
51160	51160	51160	VPS28	vacuolarproteinsorting28homolog(S.cerevisiae)	
51161	51161	51161	C3orf18	chromosome3openreadingframe18	
51162	51162	51162	EGFL7	EGF-like-domain,multiple7	
51163	51163	51163	DBR1	debranchingenzymehomolog1(S.cerevisiae)	
51164	51164	51164	DCTN4	dynactin4(p62)	
51167	51167	51167	CYB5R4	cytochromeb5reductase4	
51168	51168	51168	MYO15A	myosinXVA	
51170	51170	51170	HSD17B11	hydroxysteroid(17-beta)dehydrogenase11	
51171	51171	51171	HSD17B14	hydroxysteroid(17-beta)dehydrogenase14	
51172	51172	51172	NAGPA	N-acetylglucosamine-1-phosphodiesteralpha-N-acetylglucosaminidase	
51174	51174	51174	TUBD1	tubulin,delta1	
51176	51176	51176	LEF1	lymphoidenhancer-bindingfactor1	
51177	51177	51177	PLEKHO1	pleckstrinhomologydomaincontaining,familyOmember1	
51179	51179	51179	HAO2	hydroxyacidoxidase2(longchain)	
5118	5118	5118	PCOLCE	procollagenC-endopeptidaseenhancer	
51181	51181	51181	DCXR	dicarbonyl/L-xylulosereductase	
51182	51182	51182	HSPA14	heatshock70kDaprotein14	
51184	51184	51184	GPN3	GPN-loopGTPase3	
51185	51185	51185	CRBN	cereblon	
51186	51186	51186	WBP5	WWdomainbindingprotein5	
51187	51187	51187	RSL24D1	ribosomalL24domaincontaining1	
51188	51188	51188	SS18L2	synovialsarcomatranslocationgeneonchromosome18-like2	
5119	5119	5119	CHMP1A	chromatinmodifyingprotein1A	
51191	51191	51191	HERC5	hectdomainandRLD5	
51192	51192	51192	CKLF	chemokine-likefactor	
51193	51193	51193	ZNF639	zincfingerprotein639	
51195	51195	51195	RAPGEFL1	Rapguaninenucleotideexchangefactor(GEF)-like1	
51196	51196	51196	PLCE1	phospholipaseC,epsilon1	
51200	51200	51200	CPA4	carboxypeptidaseA4	
51202	51202	51202	DDX47	DEAD(Asp-Glu-Ala-Asp)boxpolypeptide47	
51203	51203	51203	NUSAP1	nucleolarandspindleassociatedprotein1	
51204	51204	51204	TACO1	translationalactivatorofmitochondriallyencodedcytochromecoxidaseI	
51205	51205	51205	ACP6	acidphosphatase6,lysophosphatidic	
51206	51206	51206	GP6	glycoproteinVI(platelet)	
51207	51207	51207	DUSP13	dualspecificityphosphatase13	
51208	51208	51208	CLDN18	claudin18	
5121	5121	5121	PCP4	Purkinjecellprotein4	
51213	51213	51213	LUZP4	leucinezipperprotein4	
51214	51214	51214	IGF2AS	insulin-likegrowthfactor2antisense	
51218	51218	51218	GLRX5	glutaredoxin5	
5122	5122	5122	PCSK1	proproteinconvertasesubtilisin/kexintype1	
51222	51222	51222	ZNF219	zincfingerprotein219	
51224	51224	51224	TCEB3B	transcriptionelongationfactorBpolypeptide3B(elonginA2)	
51226	51226	51226	COPZ2	coatomerproteincomplex,subunitzeta2	
51227	51227	51227	PIGP	phosphatidylinositolglycananchorbiosynthesis,classP	
51228	51228	51228	GLTP	glycolipidtransferprotein	
51230	51230	51230	PHF20	PHDfingerprotein20	
51231	51231	51231	VRK3	vacciniarelatedkinase3	
51232	51232	51232	CRIM1	cysteinerichtransmembraneBMPregulator1(chordin-like)	
51233	51233	51233	C22orf43	chromosome22openreadingframe43	
51237	51237	51237	MGC29506	hypotheticalproteinMGC29506	
5125	5125	5125	PCSK5	proproteinconvertasesubtilisin/kexintype5	
51257	51257	51257	MARCH2	membrane-associatedringfinger(C3HC4)2	
5126	5126	5126	PCSK2	proproteinconvertasesubtilisin/kexintype2	
51265	51265	51265	CDKL3	cyclin-dependentkinase-like3	
51266	51266	51266	CLEC1B	C-typelectindomainfamily1,memberB	
51267	51267	51267	CLEC1A	C-typelectindomainfamily1,memberA	
51268	51268	51268	PIPOX	pipecolicacidoxidase	
5127	5127	5127	PCTK1	PCTAIREproteinkinase1	
51270	51270	51270	TFDP3	transcriptionfactorDpfamily,member3	
51271	51271	51271	UBAP1	ubiquitinassociatedprotein1	
51272	51272	51272	BET1L	blockedearlyintransport1homolog(S.cerevisiae)-like	
51274	51274	51274	KLF3	Kruppel-likefactor3(basic)	
51275	51275	51275	C12orf47	chromosome12openreadingframe47	
51276	51276	51276	ZNF571	zincfingerprotein571	
51278	51278	51278	IER5	immediateearlyresponse5	
51279	51279	51279	C1RL	complementcomponent1,rsubcomponent-like	
5128	5128	5128	PCTK2	PCTAIREproteinkinase2	
51280	51280	51280	GOLM1	golgimembraneprotein1	
51281	51281	51281	ANKMY1	ankyrinrepeatandMYNDdomaincontaining1	
51282	51282	51282	SCAND1	SCANdomaincontaining1	
51283	51283	51283	BFAR	bifunctionalapoptosisregulator	
51284	51284	51284	TLR7	toll-likereceptor7	
51285	51285	51285	RASL12	RAS-like,family12	
51286	51286	51286	CEND1	cellcycleexitandneuronaldifferentiation1	
51287	51287	51287	CHCHD8	coiled-coil-helix-coiled-coil-helixdomaincontaining8	
51289	51289	51289	RXFP3	relaxin/insulin-likefamilypeptidereceptor3	
5129	5129	5129	PCTK3	PCTAIREproteinkinase3	
51290	51290	51290	ERGIC2	ERGICandgolgi2	
51291	51291	51291	GMIP	GEMinteractingprotein	
51292	51292	51292	GMPR2	guanosinemonophosphatereductase2	
51293	51293	51293	CD320	CD320molecule	
51294	51294	51294	PCDH12	protocadherin12	
51295	51295	51295	ECSIT	ECSIThomolog(Drosophila)	
51296	51296	51296	SLC15A3	solutecarrierfamily15,member3	
51297	51297	51297	PLUNC	palate,lungandnasalepitheliumassociated	
51298	51298	51298	THEG	Theghomolog(mouse)	
51299	51299	51299	NRN1	neuritin1	
513	513	513	ATP5D	ATPsynthase,H+transporting,mitochondrialF1complex,deltasubunit	
5130	5130	5130	PCYT1A	phosphatecytidylyltransferase1,choline,alpha	
51301	51301	51301	GCNT4	glucosaminyl(N-acetyl)transferase4,core2(beta-1,6-N-acetylglucosaminyltransferase)	
51302	51302	51302	CYP39A1	cytochromeP450,family39,subfamilyA,polypeptide1	
51303	51303	51303	FKBP11	FK506bindingprotein11,19kDa	
51304	51304	51304	ZDHHC3	zincfinger,DHHC-typecontaining3	
51306	51306	51306	FAM13B	familywithsequencesimilarity13,memberB	
51307	51307	51307	FAM53C	familywithsequencesimilarity53,memberC	
51308	51308	51308	REEP2	receptoraccessoryprotein2	
51309	51309	51309	ARMCX1	armadillorepeatcontaining,X-linked1	
51310	51310	51310	SLC22A17	solutecarrierfamily22,member17	
51311	51311	51311	TLR8	toll-likereceptor8	
51312	51312	51312	SLC25A37	solutecarrierfamily25,member37	
51313	51313	51313	C4orf18	chromosome4openreadingframe18	
51314	51314	51314	TXNDC3	thioredoxindomaincontaining3(spermatozoa)	
51315	51315	51315	KRCC1	lysine-richcoiled-coil1	
51316	51316	51316	PLAC8	placenta-specific8	
51317	51317	51317	PHF21A	PHDfingerprotein21A	
51318	51318	51318	MRPL35	mitochondrialribosomalproteinL35	
51319	51319	51319	RSRC1	arginine/serine-richcoiled-coil1	
5132	5132	5132	PDC	phosducin	
51320	51320	51320	MEX3C	mex-3homologC(C.elegans)	
51321	51321	51321	AMZ2	archaelysinfamilymetallopeptidase2	
51322	51322	51322	WAC	WWdomaincontainingadaptorwithcoiled-coil	
51324	51324	51324	SPG21	spasticparaplegia21(autosomalrecessive,Mastsyndrome)	
51327	51327	51327	ERAF	erythroidassociatedfactor	
51329	51329	51329	ARL6IP4	ADP-ribosylation-likefactor6interactingprotein4	
5133	5133	5133	PDCD1	programmedcelldeath1	
51330	51330	51330	TNFRSF12A	tumornecrosisfactorreceptorsuperfamily,member12A	
51332	51332	51332	SPTBN5	spectrin,beta,non-erythrocytic5	
51333	51333	51333	ZNF771	zincfingerprotein771	
51334	51334	51334	PRR16	prolinerich16	
51335	51335	51335	NGRN	neugrin,neuriteoutgrowthassociated	
51337	51337	51337	C8orf55	chromosome8openreadingframe55	
51338	51338	51338	MS4A4A	membrane-spanning4-domains,subfamilyA,member4	
51339	51339	51339	DACT1	dapper,antagonistofbeta-catenin,homolog1(Xenopuslaevis)	
5134	5134	5134	PDCD2	programmedcelldeath2	
51340	51340	51340	CRNKL1	crookedneckpre-mRNAsplicingfactor-like1(Drosophila)	
51341	51341	51341	ZBTB7A	zincfingerandBTBdomaincontaining7A	
51343	51343	51343	FZR1	fizzy/celldivisioncycle20related1(Drosophila)	
51347	51347	51347	TAOK3	TAOkinase3	
51348	51348	51348	KLRF1	killercelllectin-likereceptorsubfamilyF,member1	
51350	51350	51350	KRT76	keratin76	
51351	51351	51351	ZNF117	zincfingerprotein117	
51352	51352	51352	WIT1	Wilmstumorupstreamneighbor1	
5136	5136	5136	PDE1A	phosphodiesterase1A,calmodulin-dependent	
51360	51360	51360	MBTPS2	membrane-boundtranscriptionfactorpeptidase,site2	
51361	51361	51361	HOOK1	hookhomolog1(Drosophila)	
51362	51362	51362	CDC40	celldivisioncycle40homolog(S.cerevisiae)	
51363	51363	51363	CHST15	carbohydrate(N-acetylgalactosamine4-sulfate6-O)sulfotransferase15	
51364	51364	51364	ZMYND10	zincfinger,MYND-typecontaining10	
51365	51365	51365	PLA1A	phospholipaseA1memberA	
51366	51366	51366	UBR5	ubiquitinproteinligaseE3componentn-recognin5	
51367	51367	51367	POP5	processingofprecursor5,ribonucleaseP/MRPsubunit(S.cerevisiae)	
51368	51368	51368	TEX264	testisexpressed264	
5137	5137	5137	PDE1C	phosphodiesterase1C,calmodulin-dependent70kDa	
51371	51371	51371	POMP	proteasomematurationprotein	
51373	51373	51373	MRPS17	mitochondrialribosomalproteinS17	
51374	51374	51374	C2orf28	chromosome2openreadingframe28	
51375	51375	51375	SNX7	sortingnexin7	
51377	51377	51377	UCHL5	ubiquitincarboxyl-terminalhydrolaseL5	
51378	51378	51378	ANGPT4	angiopoietin4	
51379	51379	51379	CRLF3	cytokinereceptor-likefactor3	
5138	5138	5138	PDE2A	phosphodiesterase2A,cGMP-stimulated	
51380	51380	51380	CSAD	cysteinesulfinicaciddecarboxylase	
51382	51382	51382	ATP6V1D	ATPase,H+transporting,lysosomal34kDa,V1subunitD	
51384	51384	51384	WNT16	wingless-typeMMTVintegrationsitefamily,member16	
51385	51385	51385	ZNF589	zincfingerprotein589	
51386	51386	51386	EIF3L	eukaryotictranslationinitiationfactor3,subunitL	
51388	51388	51388	NIP7	nuclearimport7homolog(S.cerevisiae)	
51389	51389	51389	RWDD1	RWDdomaincontaining1	
5139	5139	5139	PDE3A	phosphodiesterase3A,cGMP-inhibited	
51393	51393	51393	TRPV2	transientreceptorpotentialcationchannel,subfamilyV,member2	
51397	51397	51397	COMMD10	COMMdomaincontaining10	
51398	51398	51398	C19orf56	chromosome19openreadingframe56	
51399	51399	51399	TRAPPC4	traffickingproteinparticlecomplex4	
514	514	514	ATP5E	ATPsynthase,H+transporting,mitochondrialF1complex,epsilonsubunit	
5140	5140	5140	PDE3B	phosphodiesterase3B,cGMP-inhibited	
51400	51400	51400	PPME1	proteinphosphatasemethylesterase1	
51406	51406	51406	NOL7	nucleolarprotein7,27kDa	
51409	51409	51409	HEMK1	HemKmethyltransferasefamilymember1	
5141	5141	5141	PDE4A	phosphodiesterase4A,cAMP-specific(phosphodiesteraseE2duncehomolog,Drosophila)	
51411	51411	51411	BIN2	bridgingintegrator2	
51412	51412	51412	ACTL6B	actin-like6B	
5142	5142	5142	PDE4B	phosphodiesterase4B,cAMP-specific(phosphodiesteraseE4duncehomolog,Drosophila)	
51421	51421	51421	AMOTL2	angiomotinlike2	
51422	51422	51422	PRKAG2	proteinkinase,AMP-activated,gamma2non-catalyticsubunit	
51427	51427	51427	ZNF107	zincfingerprotein107	
51428	51428	51428	DDX41	DEAD(Asp-Glu-Ala-Asp)boxpolypeptide41	
5143	5143	5143	PDE4C	phosphodiesterase4C,cAMP-specific(phosphodiesteraseE1duncehomolog,Drosophila)	
51430	51430	51430	C1orf9	chromosome1openreadingframe9	
51433	51433	51433	ANAPC5	anaphasepromotingcomplexsubunit5	
51435	51435	51435	SCARA3	scavengerreceptorclassA,member3	
51438	51438	51438	MAGEC2	melanomaantigenfamilyC,2	
51439	51439	51439	FAM8A1	familywithsequencesimilarity8,memberA1	
5144	5144	5144	PDE4D	phosphodiesterase4D,cAMP-specific(phosphodiesteraseE3duncehomolog,Drosophila)	
51440	51440	51440	HPCAL4	hippocalcinlike4	
51441	51441	51441	YTHDF2	YTHdomainfamily,member2	
51442	51442	51442	VGLL1	vestigiallike1(Drosophila)	
51444	51444	51444	RNF138	ringfingerprotein138	
51447	51447	51447	IP6K2	inositolhexakisphosphatekinase2	
51449	51449	51449	PCYOX1	prenylcysteineoxidase1	
5145	5145	5145	PDE6A	phosphodiesterase6A,cGMP-specific,rod,alpha	
51450	51450	51450	PRRX2	pairedrelatedhomeobox2	
51451	51451	51451	LCMT1	leucinecarboxylmethyltransferase1	
51454	51454	51454	GULP1	GULP,engulfmentadaptorPTBdomaincontaining1	
51455	51455	51455	REV1	REV1homolog(S.cerevisiae)	
51458	51458	51458	RHCG	Rhfamily,Cglycoprotein	
5146	5146	5146	PDE6C	phosphodiesterase6C,cGMP-specific,cone,alphaprime	
51460	51460	51460	SFMBT1	Scm-likewithfourmbtdomains1	
51465	51465	51465	UBE2J1	ubiquitin-conjugatingenzymeE2,J1(UBC6homolog,yeast)	
51466	51466	51466	EVL	Enah/Vasp-like	
5147	5147	5147	PDE6D	phosphodiesterase6D,cGMP-specific,rod,delta	
51471	51471	51471	NAT8B	N-acetyltransferase8B(GCN5-related,putative,gene/pseudogene)	
51474	51474	51474	LIMA1	LIMdomainandactinbinding1	
51475	51475	51475	CABP2	calciumbindingprotein2	
51477	51477	51477	ISYNA1	inositol-3-phosphatesynthase1	
51479	51479	51479	ANKFY1	ankyrinrepeatandFYVEdomaincontaining1	
5148	5148	5148	PDE6G	phosphodiesterase6G,cGMP-specific,rod,gamma	
5149	5149	5149	PDE6H	phosphodiesterase6H,cGMP-specific,cone,gamma	
51490	51490	51490	C9orf114	chromosome9openreadingframe114	
51491	51491	51491	NOP16	NOP16nucleolarproteinhomolog(yeast)	
51493	51493	51493	C22orf28	chromosome22openreadingframe28	
51495	51495	51495	PTPLAD1	proteintyrosinephosphatase-likeAdomaincontaining1	
51497	51497	51497	TH1L	TH1-like(Drosophila)	
51499	51499	51499	TRIAP1	TP53regulatedinhibitorofapoptosis1	
515	515	515	ATP5F1	ATPsynthase,H+transporting,mitochondrialF0complex,subunitB1	
51501	51501	51501	C11orf73	chromosome11openreadingframe73	
51504	51504	51504	TRMT112	tRNAmethyltransferase11-2homolog(S.cerevisiae)	
51506	51506	51506	UFC1	ubiquitin-foldmodifierconjugatingenzyme1	
51507	51507	51507	C20orf43	chromosome20openreadingframe43	
5151	5151	5151	PDE8A	phosphodiesterase8A	
51510	51510	51510	CHMP5	chromatinmodifyingprotein5	
51512	51512	51512	GTSE1	G-2andS-phaseexpressed1	
51513	51513	51513	ETV7	etsvariant7	
51514	51514	51514	DTL	denticlelesshomolog(Drosophila)	
51517	51517	51517	NCKIPSD	NCKinteractingproteinwithSH3domain	
5152	5152	5152	PDE9A	phosphodiesterase9A	
51526	51526	51526	C20orf111	chromosome20openreadingframe111	
5153	5153	5153	PDE1B	phosphodiesterase1B,calmodulin-dependent	
51531	51531	51531	C9orf156	chromosome9openreadingframe156	
51533	51533	51533	PHF7	PHDfingerprotein7	
5154	5154	5154	PDGFA	platelet-derivedgrowthfactoralphapolypeptide	
51540	51540	51540	SCLY	selenocysteinelyase	
51542	51542	51542	VPS54	vacuolarproteinsorting54homolog(S.cerevisiae)	
51547	51547	51547	SIRT7	sirtuin(silentmatingtypeinformationregulation2homolog)7(S.cerevisiae)	
51548	51548	51548	SIRT6	sirtuin(silentmatingtypeinformationregulation2homolog)6(S.cerevisiae)	
5155	5155	5155	PDGFB	platelet-derivedgrowthfactorbetapolypeptide(simiansarcomaviral(v-sis)oncogenehomolog)	
51550	51550	51550	CINP	cyclin-dependentkinase2interactingprotein	
51552	51552	51552	RAB14	RAB14,memberRASoncogenefamily	
51555	51555	51555	PEX5L	peroxisomalbiogenesisfactor5-like	
51557	51557	51557	LGSN	lengsin,lensproteinwithglutaminesynthetasedomain	
51559	51559	51559	NT5DC3	5'-nucleotidasedomaincontaining3	
5156	5156	5156	PDGFRA	platelet-derivedgrowthfactorreceptor,alphapolypeptide	
51560	51560	51560	RAB6B	RAB6B,memberRASoncogenefamily	
51561	51561	51561	IL23A	interleukin23,alphasubunitp19	
51562	51562	51562	MBIP	MAP3K12bindinginhibitoryprotein1	
51564	51564	51564	HDAC7	histonedeacetylase7	
51566	51566	51566	ARMCX3	armadillorepeatcontaining,X-linked3	
51567	51567	51567	TTRAP	TRAFandTNFreceptorassociatedprotein	
51569	51569	51569	UFM1	ubiquitin-foldmodifier1	
5157	5157	5157	PDGFRL	platelet-derivedgrowthfactorreceptor-like	
51571	51571	51571	FAM49B	familywithsequencesimilarity49,memberB	
51573	51573	51573	GDE1	glycerophosphodiesterphosphodiesterase1	
51574	51574	51574	LARP7	Laribonucleoproteindomainfamily,member7	
51575	51575	51575	ESF1	ESF1,nucleolarpre-rRNAprocessingprotein,homolog(S.cerevisiae)	
5158	5158	5158	PDE6B	phosphodiesterase6B,cGMP-specific,rod,beta	
51582	51582	51582	AZIN1	antizymeinhibitor1	
51585	51585	51585	PCF11	PCF11,cleavageandpolyadenylationfactorsubunit,homolog(S.cerevisiae)	
51586	51586	51586	MED15	mediatorcomplexsubunit15	
51588	51588	51588	PIAS4	proteininhibitorofactivatedSTAT,4	
5159	5159	5159	PDGFRB	platelet-derivedgrowthfactorreceptor,betapolypeptide	
51592	51592	51592	TRIM33	tripartitemotif-containing33	
51593	51593	51593	SRRT	serrateRNAeffectormoleculehomolog(Arabidopsis)	
51594	51594	51594	NBAS	neuroblastomaamplifiedsequence	
51596	51596	51596	CUTA	cutAdivalentcationtolerancehomolog(E.coli)	
51599	51599	51599	LSR	lipolysisstimulatedlipoproteinreceptor	
516	516	516	ATP5G1	ATPsynthase,H+transporting,mitochondrialF0complex,subunitC1(subunit9)	
5160	5160	5160	PDHA1	pyruvatedehydrogenase(lipoamide)alpha1	
51601	51601	51601	LIPT1	lipoyltransferase1	
51603	51603	51603	METTL13	methyltransferaselike13	
51604	51604	51604	PIGT	phosphatidylinositolglycananchorbiosynthesis,classT	
51606	51606	51606	ATP6V1H	ATPase,H+transporting,lysosomal50/57kDa,V1subunitH	
5161	5161	5161	PDHA2	pyruvatedehydrogenase(lipoamide)alpha2	
51611	51611	51611	DPH5	DPH5homolog(S.cerevisiae)	
51614	51614	51614	ERGIC3	ERGICandgolgi3	
51616	51616	51616	TAF9B	TAF9BRNApolymeraseII,TATAboxbindingprotein(TBP)-associatedfactor,31kDa	
51617	51617	51617	HMP19	HMP19protein	
51619	51619	51619	UBE2D4	ubiquitin-conjugatingenzymeE2D4(putative)	
5162	5162	5162	PDHB	pyruvatedehydrogenase(lipoamide)beta	
51621	51621	51621	KLF13	Kruppel-likefactor13	
51626	51626	51626	DYNC2LI1	dynein,cytoplasmic2,lightintermediatechain1	
5163	5163	5163	PDK1	pyruvatedehydrogenasekinase,isozyme1	
51631	51631	51631	LUC7L2	LUC7-like2(S.cerevisiae)	
51634	51634	51634	RBMX2	RNAbindingmotifprotein,X-linked2	
51635	51635	51635	DHRS7	dehydrogenase/reductase(SDRfamily)member7	
51637	51637	51637	C14orf166	chromosome14openreadingframe166	
5164	5164	5164	PDK2	pyruvatedehydrogenasekinase,isozyme2	
51642	51642	51642	MRPL48	mitochondrialribosomalproteinL48	
51643	51643	51643	TMBIM4	transmembraneBAXinhibitormotifcontaining4	
51646	51646	51646	YPEL5	yippee-like5(Drosophila)	
51647	51647	51647	FAM96B	familywithsequencesimilarity96,memberB	
5165	5165	5165	PDK3	pyruvatedehydrogenasekinase,isozyme3	
51650	51650	51650	MRPS33	mitochondrialribosomalproteinS33	
51651	51651	51651	PTRH2	peptidyl-tRNAhydrolase2	
51652	51652	51652	VPS24	vacuolarproteinsorting24homolog(S.cerevisiae)	
51654	51654	51654	CDK5RAP1	CDK5regulatorysubunitassociatedprotein1	
51657	51657	51657	STYXL1	serine/threonine/tyrosineinteracting-like1	
51659	51659	51659	GINS2	GINScomplexsubunit2(Psf2homolog)	
5166	5166	5166	PDK4	pyruvatedehydrogenasekinase,isozyme4	
51660	51660	51660	BRP44L	brainprotein44-like	
51663	51663	51663	ZFR	zincfingerRNAbindingprotein	
51665	51665	51665	ASB1	ankyrinrepeatandSOCSbox-containing1	
51666	51666	51666	ASB4	ankyrinrepeatandSOCSbox-containing4	
51668	51668	51668	HSPB11	heatshockproteinfamilyB(small),member11	
51669	51669	51669	TMEM66	transmembraneprotein66	
5167	5167	5167	ENPP1	ectonucleotidepyrophosphatase/phosphodiesterase1	
51673	51673	51673	TPPP3	tubulinpolymerization-promotingproteinfamilymember3	
51678	51678	51678	MPP6	membraneprotein,palmitoylated6(MAGUKp55subfamilymember6)	
5168	5168	5168	ENPP2	ectonucleotidepyrophosphatase/phosphodiesterase2	
51686	51686	51686	OAZ3	ornithinedecarboxylaseantizyme3	
51690	51690	51690	LSM7	LSM7homolog,U6smallnuclearRNAassociated(S.cerevisiae)	
51691	51691	51691	LSM8	LSM8homolog,U6smallnuclearRNAassociated(S.cerevisiae)	
51693	51693	51693	TRAPPC2L	traffickingproteinparticlecomplex2-like	
51696	51696	51696	HECA	headcasehomolog(Drosophila)	
517	517	517	ATP5G2	ATPsynthase,H+transporting,mitochondrialF0complex,subunitC2(subunit9)	
5170	5170	5170	PDPK1	3-phosphoinositidedependentproteinkinase-1	
51700	51700	51700	CYB5R2	cytochromeb5reductase2	
51701	51701	51701	NLK	nemo-likekinase	
51702	51702	51702	PADI3	peptidylargininedeiminase,typeIII	
51703	51703	51703	ACSL5	acyl-CoAsynthetaselong-chainfamilymember5	
51704	51704	51704	GPRC5B	Gprotein-coupledreceptor,familyC,group5,memberB	
51705	51705	51705	EMCN	endomucin	
51706	51706	51706	CYB5R1	cytochromeb5reductase1	
51710	51710	51710	ZNF44	zincfingerprotein44	
51714	51714	51714	SELT	selenoproteinT	
51715	51715	51715	RAB23	RAB23,memberRASoncogenefamily	
51716	51716	51716	CES4	carboxylesterase4-like	
51719	51719	51719	CAB39	calciumbindingprotein39	
5172	5172	5172	SLC26A4	solutecarrierfamily26,member4	
51720	51720	51720	UIMC1	ubiquitininteractionmotifcontaining1	
51725	51725	51725	FBXO40	F-boxprotein40	
51727	51727	51727	CMPK1	cytidinemonophosphate(UMP-CMP)kinase1,cytosolic	
51728	51728	51728	POLR3K	polymerase(RNA)III(DNAdirected)polypeptideK,12.3kDa	
51729	51729	51729	WBP11	WWdomainbindingprotein11	
5173	5173	5173	PDYN	prodynorphin	
51733	51733	51733	UPB1	ureidopropionase,beta	
51734	51734	51734	SEPX1	selenoproteinX,1	
51735	51735	51735	RAPGEF6	Rapguaninenucleotideexchangefactor(GEF)6	
5174	5174	5174	PDZK1	PDZdomaincontaining1	
51741	51741	51741	WWOX	WWdomaincontainingoxidoreductase	
51742	51742	51742	ARID4B	ATrichinteractivedomain4B(RBP1-like)	
51744	51744	51744	CD244	CD244molecule,naturalkillercellreceptor2B4	
51747	51747	51747	CROP	cisplatinresistance-associatedoverexpressedprotein	
5175	5175	5175	PECAM1	platelet/endothelialcelladhesionmolecule	
51750	51750	51750	RTEL1	regulatoroftelomereelongationhelicase1	
51751	51751	51751	HIGD1B	HIG1hypoxiainducibledomainfamily,member1B	
51752	51752	51752	ERAP1	endoplasmicreticulumaminopeptidase1	
51754	51754	51754	TMEM8B	transmembraneprotein8B	
51755	51755	51755	CRKRS	Cdc2-relatedkinase,arginine/serine-rich	
51759	51759	51759	C9orf78	chromosome9openreadingframe78	
5176	5176	5176	SERPINF1	serpinpeptidaseinhibitor,cladeF(alpha-2antiplasmin,pigmentepitheliumderivedfactor),member1	
51760	51760	51760	SYT17	synaptotagminXVII	
51761	51761	51761	ATP8A2	ATPase,aminophospholipidtransporter-like,classI,type8A,member2	
51762	51762	51762	RAB8B	RAB8B,memberRASoncogenefamily	
51763	51763	51763	INPP5K	inositolpolyphosphate-5-phosphataseK	
51764	51764	51764	GNG13	guaninenucleotidebindingprotein(Gprotein),gamma13	
51765	51765	51765	RP6-213H19.1	serine/threonineproteinkinaseMST4	
51768	51768	51768	TM7SF3	transmembrane7superfamilymember3	
51773	51773	51773	RSF1	remodelingandspacingfactor1	
51776	51776	51776	ZAK	sterilealphamotifandleucinezippercontainingkinaseAZK	
51778	51778	51778	MYOZ2	myozenin2	
5178	5178	5178	PEG3	paternallyexpressed3	
51780	51780	51780	KDM3B	lysine(K)-specificdemethylase3B	
5179	5179	5179	PENK	proenkephalin	
518	518	518	ATP5G3	ATPsynthase,H+transporting,mitochondrialF0complex,subunitC3(subunit9)	
51805	51805	51805	COQ3	coenzymeQ3homolog,methyltransferase(S.cerevisiae)	
51806	51806	51806	CALML5	calmodulin-like5	
51807	51807	51807	TUBA8	tubulin,alpha8	
51809	51809	51809	GALNT7	UDP-N-acetyl-alpha-D-galactosamine:polypeptideN-acetylgalactosaminyltransferase7(GalNAc-T7)	
51816	51816	51816	CECR1	cateyesyndromechromosomeregion,candidate1	
5184	5184	5184	PEPD	peptidaseD	
5187	5187	5187	PER1	periodhomolog1(Drosophila)	
5188	5188	5188	PET112L	PET112-like(yeast)	
5189	5189	5189	PEX1	peroxisomalbiogenesisfactor1	
5190	5190	5190	PEX6	peroxisomalbiogenesisfactor6	
5191	5191	5191	PEX7	peroxisomalbiogenesisfactor7	
5192	5192	5192	PEX10	peroxisomalbiogenesisfactor10	
5193	5193	5193	PEX12	peroxisomalbiogenesisfactor12	
5194	5194	5194	PEX13	peroxisomalbiogenesisfactor13	
5195	5195	5195	PEX14	peroxisomalbiogenesisfactor14	
5196	5196	5196	PF4	plateletfactor4	
5197	5197	5197	PF4V1	plateletfactor4variant1	
5198	5198	5198	PFAS	phosphoribosylformylglycinamidinesynthase	
5199	5199	5199	CFP	complementfactorproperdin	
52	52	52	ACP1	acidphosphatase1,soluble	
5201	5201	5201	PFDN1	prefoldinsubunit1	
5202	5202	5202	PFDN2	prefoldinsubunit2	
5203	5203	5203	PFDN4	prefoldinsubunit4	
5204	5204	5204	PFDN5	prefoldinsubunit5	
5207	5207	5207	PFKFB1	6-phosphofructo-2-kinase/fructose-2,6-biphosphatase1	
5208	5208	5208	PFKFB2	6-phosphofructo-2-kinase/fructose-2,6-biphosphatase2	
5209	5209	5209	PFKFB3	6-phosphofructo-2-kinase/fructose-2,6-biphosphatase3	
521	521	521	ATP5I	ATPsynthase,H+transporting,mitochondrialF0complex,subunitE	
5210	5210	5210	PFKFB4	6-phosphofructo-2-kinase/fructose-2,6-biphosphatase4	
5211	5211	5211	PFKL	phosphofructokinase,liver	
5213	5213	5213	PFKM	phosphofructokinase,muscle	
5214	5214	5214	PFKP	phosphofructokinase,platelet	
5216	5216	5216	PFN1	profilin1	
5217	5217	5217	PFN2	profilin2	
5218	5218	5218	PFTK1	PFTAIREproteinkinase1	
522	522	522	ATP5J	ATPsynthase,H+transporting,mitochondrialF0complex,subunitF6	
5224	5224	5224	PGAM2	phosphoglyceratemutase2(muscle)	
5225	5225	5225	PGC	progastricsin(pepsinogenC)	
5226	5226	5226	PGD	phosphogluconatedehydrogenase	
5228	5228	5228	PGF	placentalgrowthfactor	
5229	5229	5229	PGGT1B	proteingeranylgeranyltransferasetypeI,betasubunit	
523	523	523	ATP6V1A	ATPase,H+transporting,lysosomal70kDa,V1subunitA	
5230	5230	5230	PGK1	phosphoglyceratekinase1	
5232	5232	5232	PGK2	phosphoglyceratekinase2	
5236	5236	5236	PGM1	phosphoglucomutase1	
5238	5238	5238	PGM3	phosphoglucomutase3	
5239	5239	5239	PGM5	phosphoglucomutase5	
5241	5241	5241	PGR	progesteronereceptor	
5243	5243	5243	ABCB1	ATP-bindingcassette,sub-familyB(MDR/TAP),member1	
5244	5244	5244	ABCB4	ATP-bindingcassette,sub-familyB(MDR/TAP),member4	
5245	5245	5245	PHB	prohibitin	
525	525	525	ATP6V1B1	ATPase,H+transporting,lysosomal56/58kDa,V1subunitB1	
5250	5250	5250	SLC25A3	solutecarrierfamily25(mitochondrialcarrier;phosphatecarrier),member3	
5251	5251	5251	PHEX	phosphateregulatingendopeptidasehomolog,X-linked	
5252	5252	5252	PHF1	PHDfingerprotein1	
5253	5253	5253	PHF2	PHDfingerprotein2	
5255	5255	5255	PHKA1	phosphorylasekinase,alpha1(muscle)	
5256	5256	5256	PHKA2	phosphorylasekinase,alpha2(liver)	
5257	5257	5257	PHKB	phosphorylasekinase,beta	
526	526	526	ATP6V1B2	ATPase,H+transporting,lysosomal56/58kDa,V1subunitB2	
5260	5260	5260	PHKG1	phosphorylasekinase,gamma1(muscle)	
5261	5261	5261	PHKG2	phosphorylasekinase,gamma2(testis)	
5264	5264	5264	PHYH	phytanoyl-CoA2-hydroxylase	
5265	5265	5265	SERPINA1	serpinpeptidaseinhibitor,cladeA(alpha-1antiproteinase,antitrypsin),member1	
5266	5266	5266	PI3	peptidaseinhibitor3,skin-derived	
5267	5267	5267	SERPINA4	serpinpeptidaseinhibitor,cladeA(alpha-1antiproteinase,antitrypsin),member4	
5268	5268	5268	SERPINB5	serpinpeptidaseinhibitor,cladeB(ovalbumin),member5	
5269	5269	5269	SERPINB6	serpinpeptidaseinhibitor,cladeB(ovalbumin),member6	
527	527	527	ATP6V0C	ATPase,H+transporting,lysosomal16kDa,V0subunitc	
5270	5270	5270	SERPINE2	serpinpeptidaseinhibitor,cladeE(nexin,plasminogenactivatorinhibitortype1),member2	
5271	5271	5271	SERPINB8	serpinpeptidaseinhibitor,cladeB(ovalbumin),member8	
5272	5272	5272	SERPINB9	serpinpeptidaseinhibitor,cladeB(ovalbumin),member9	
5273	5273	5273	SERPINB10	serpinpeptidaseinhibitor,cladeB(ovalbumin),member10	
5274	5274	5274	SERPINI1	serpinpeptidaseinhibitor,cladeI(neuroserpin),member1	
5275	5275	5275	SERPINB13	serpinpeptidaseinhibitor,cladeB(ovalbumin),member13	
5276	5276	5276	SERPINI2	serpinpeptidaseinhibitor,cladeI(pancpin),member2	
5277	5277	5277	PIGA	phosphatidylinositolglycananchorbiosynthesis,classA	
5279	5279	5279	PIGC	phosphatidylinositolglycananchorbiosynthesis,classC	
528	528	528	ATP6V1C1	ATPase,H+transporting,lysosomal42kDa,V1subunitC1	
5281	5281	5281	PIGF	phosphatidylinositolglycananchorbiosynthesis,classF	
5283	5283	5283	PIGH	phosphatidylinositolglycananchorbiosynthesis,classH	
5284	5284	5284	PIGR	polymericimmunoglobulinreceptor	
5287	5287	5287	PIK3C2B	phosphoinositide-3-kinase,class2,betapolypeptide	
5288	5288	5288	PIK3C2G	phosphoinositide-3-kinase,class2,gammapolypeptide	
5289	5289	5289	PIK3C3	phosphoinositide-3-kinase,class3	
529	529	529	ATP6V1E1	ATPase,H+transporting,lysosomal31kDa,V1subunitE1	
5290	5290	5290	PIK3CA	phosphoinositide-3-kinase,catalytic,alphapolypeptide	
5291	5291	5291	PIK3CB	phosphoinositide-3-kinase,catalytic,betapolypeptide	
5292	5292	5292	PIM1	pim-1oncogene	
5293	5293	5293	PIK3CD	phosphoinositide-3-kinase,catalytic,deltapolypeptide	
5294	5294	5294	PIK3CG	phosphoinositide-3-kinase,catalytic,gammapolypeptide	
5295	5295	5295	PIK3R1	phosphoinositide-3-kinase,regulatorysubunit1(alpha)	
5296	5296	5296	PIK3R2	phosphoinositide-3-kinase,regulatorysubunit2(beta)	
5297	5297	5297	PI4KA	phosphatidylinositol4-kinase,catalytic,alpha	
5298	5298	5298	PI4KB	phosphatidylinositol4-kinase,catalytic,beta	
53	53	53	ACP2	acidphosphatase2,lysosomal	
5300	5300	5300	PIN1	peptidylprolylcis/transisomerase,NIMA-interacting1	
5301	5301	5301	PIN1L	peptidylprolylcis/transisomerase,NIMA-interacting1-like(pseudogene)	
5303	5303	5303	PIN4	protein(peptidylprolylcis/transisomerase)NIMA-interacting,4(parvulin)	
5304	5304	5304	PIP	prolactin-inducedprotein	
5305	5305	5305	PIP4K2A	phosphatidylinositol-5-phosphate4-kinase,typeII,alpha	
5306	5306	5306	PITPNA	phosphatidylinositoltransferprotein,alpha	
5307	5307	5307	PITX1	paired-likehomeodomain1	
5308	5308	5308	PITX2	paired-likehomeodomain2	
5309	5309	5309	PITX3	paired-likehomeodomain3	
5310	5310	5310	PKD1	polycystickidneydisease1(autosomaldominant)	
5311	5311	5311	PKD2	polycystickidneydisease2(autosomaldominant)	
5313	5313	5313	PKLR	pyruvatekinase,liverandRBC	
5315	5315	5315	PKM2	pyruvatekinase,muscle	
5316	5316	5316	PKNOX1	PBX/knotted1homeobox1	
5317	5317	5317	PKP1	plakophilin1(ectodermaldysplasia/skinfragilitysyndrome)	
5318	5318	5318	PKP2	plakophilin2	
5319	5319	5319	PLA2G1B	phospholipaseA2,groupIB(pancreas)	
5320	5320	5320	PLA2G2A	phospholipaseA2,groupIIA(platelets,synovialfluid)	
5321	5321	5321	PLA2G4A	phospholipaseA2,groupIVA(cytosolic,calcium-dependent)	
5322	5322	5322	PLA2G5	phospholipaseA2,groupV	
5324	5324	5324	PLAG1	pleiomorphicadenomagene1	
5325	5325	5325	PLAGL1	pleiomorphicadenomagene-like1	
5326	5326	5326	PLAGL2	pleiomorphicadenomagene-like2	
5327	5327	5327	PLAT	plasminogenactivator,tissue	
5328	5328	5328	PLAU	plasminogenactivator,urokinase	
5329	5329	5329	PLAUR	plasminogenactivator,urokinasereceptor	
533	533	533	ATP6V0B	ATPase,H+transporting,lysosomal21kDa,V0subunitb	
5330	5330	5330	PLCB2	phospholipaseC,beta2	
5331	5331	5331	PLCB3	phospholipaseC,beta3(phosphatidylinositol-specific)	
5332	5332	5332	PLCB4	phospholipaseC,beta4	
5333	5333	5333	PLCD1	phospholipaseC,delta1	
53335	53335	53335	BCL11A	B-cellCLL/lymphoma11A(zincfingerprotein)	
53339	53339	53339	BTBD1	BTB(POZ)domaincontaining1	
5334	5334	5334	PLCL1	phospholipaseC-like1	
53340	53340	53340	SPA17	spermautoantigenicprotein17	
53343	53343	53343	NUDT9	nudix(nucleosidediphosphatelinkedmoietyX)-typemotif9	
53346	53346	53346	TM6SF1	transmembrane6superfamilymember1	
53347	53347	53347	UBASH3A	ubiquitinassociatedandSH3domaincontaining,A	
5335	5335	5335	PLCG1	phospholipaseC,gamma1	
53353	53353	53353	LRP1B	lowdensitylipoprotein-relatedprotein1B(deletedintumors)	
53358	53358	53358	SHC3	SHC(Srchomology2domaincontaining)transformingprotein3	
5336	5336	5336	PLCG2	phospholipaseC,gamma2(phosphatidylinositol-specific)	
5337	5337	5337	PLD1	phospholipaseD1,phosphatidylcholine-specific	
53371	53371	53371	NUP54	nucleoporin54kDa	
5338	5338	5338	PLD2	phospholipaseD2	
5339	5339	5339	PLEC1	plectin1,intermediatefilamentbindingprotein500kDa	
534	534	534	ATP6V1G2	ATPase,H+transporting,lysosomal13kDa,V1subunitG2	
5340	5340	5340	PLG	plasminogen	
53405	53405	53405	CLIC5	chlorideintracellularchannel5	
53407	53407	53407	STX18	syntaxin18	
5341	5341	5341	PLEK	pleckstrin	
5345	5345	5345	SERPINF2	serpinpeptidaseinhibitor,cladeF(alpha-2antiplasmin,pigmentepitheliumderivedfactor),member2	
5346	5346	5346	PLIN1	perilipin1	
5347	5347	5347	PLK1	polo-likekinase1(Drosophila)	
5348	5348	5348	FXYD1	FXYDdomaincontainingiontransportregulator1	
5349	5349	5349	FXYD3	FXYDdomaincontainingiontransportregulator3	
535	535	535	ATP6V0A1	ATPase,H+transporting,lysosomalV0subunita1	
5350	5350	5350	PLN	phospholamban	
5351	5351	5351	PLOD1	procollagen-lysine1,2-oxoglutarate5-dioxygenase1	
5352	5352	5352	PLOD2	procollagen-lysine,2-oxoglutarate5-dioxygenase2	
5354	5354	5354	PLP1	proteolipidprotein1	
5355	5355	5355	PLP2	proteolipidprotein2(colonicepithelium-enriched)	
5357	5357	5357	PLS1	plastin1(Iisoform)	
5358	5358	5358	PLS3	plastin3(Tisoform)	
5359	5359	5359	PLSCR1	phospholipidscramblase1	
5360	5360	5360	PLTP	phospholipidtransferprotein	
5361	5361	5361	PLXNA1	plexinA1	
53615	53615	53615	MBD3	methyl-CpGbindingdomainprotein3	
53616	53616	53616	ADAM22	ADAMmetallopeptidasedomain22	
5362	5362	5362	PLXNA2	plexinA2	
53630	53630	53630	BCMO1	beta-carotene15,15'-monooxygenase1	
53635	53635	53635	PTOV1	prostatetumoroverexpressed1	
53637	53637	53637	S1PR5	sphingosine-1-phosphatereceptor5	
5364	5364	5364	PLXNB1	plexinB1	
5365	5365	5365	PLXNB3	plexinB3	
5366	5366	5366	PMAIP1	phorbol-12-myristate-13-acetate-inducedprotein1	
5367	5367	5367	PMCH	pro-melanin-concentratinghormone	
5368	5368	5368	PNOC	prepronociceptin	
537	537	537	ATP6AP1	ATPase,H+transporting,lysosomalaccessoryprotein1	
5371	5371	5371	PML	promyelocyticleukemia	
5372	5372	5372	PMM1	phosphomannomutase1	
5373	5373	5373	PMM2	phosphomannomutase2	
5375	5375	5375	PMP2	peripheralmyelinprotein2	
5376	5376	5376	PMP22	peripheralmyelinprotein22	
5378	5378	5378	PMS1	PMS1postmeioticsegregationincreased1(S.cerevisiae)	
5379	5379	5379	PMS2L1	postmeioticsegregationincreased2-like1pseudogene	
538	538	538	ATP7A	ATPase,Cu++transporting,alphapolypeptide	
53820	53820	53820	DSCR6	Downsyndromecriticalregiongene6	
53822	53822	53822	FXYD7	FXYDdomaincontainingiontransportregulator7	
53826	53826	53826	FXYD6	FXYDdomaincontainingiontransportregulator6	
53827	53827	53827	FXYD5	FXYDdomaincontainingiontransportregulator5	
53829	53829	53829	P2RY13	purinergicreceptorP2Y,G-proteincoupled,13	
53832	53832	53832	IL20RA	interleukin20receptor,alpha	
53836	53836	53836	GPR87	Gprotein-coupledreceptor87	
53838	53838	53838	C11orf24	chromosome11openreadingframe24	
53841	53841	53841	MUPCDH	mucin-likeprotocadherin	
539	539	539	ATP5O	ATPsynthase,H+transporting,mitochondrialF1complex,Osubunit	
53904	53904	53904	MYO3A	myosinIIIA	
53905	53905	53905	DUOX1	dualoxidase1	
53916	53916	53916	RAB4B	RAB4B,memberRASoncogenefamily	
53918	53918	53918	PELO	pelotahomolog(Drosophila)	
53919	53919	53919	SLCO1C1	solutecarrierorganicaniontransporterfamily,member1C1	
5393	5393	5393	EXOSC9	exosomecomponent9	
5394	5394	5394	EXOSC10	exosomecomponent10	
53942	53942	53942	CNTN5	contactin5	
53944	53944	53944	CSNK1G1	caseinkinase1,gamma1	
53947	53947	53947	A4GALT	alpha1,4-galactosyltransferase	
5396	5396	5396	PRRX1	pairedrelatedhomeobox1	
54	54	54	ACP5	acidphosphatase5,tartrateresistant	
540	540	540	ATP7B	ATPase,Cu++transporting,betapolypeptide	
54014	54014	54014	BRWD1	bromodomainandWDrepeatdomaincontaining1	
54020	54020	54020	SLC37A1	solutecarrierfamily37(glycerol-3-phosphatetransporter),member1	
54039	54039	54039	PCBP3	poly(rC)bindingprotein3	
5406	5406	5406	PNLIP	pancreaticlipase	
54069	54069	54069	C21orf45	chromosome21openreadingframe45	
5407	5407	5407	PNLIPRP1	pancreaticlipase-relatedprotein1	
5408	5408	5408	PNLIPRP2	pancreaticlipase-relatedprotein2	
5409	5409	5409	PNMT	phenylethanolamineN-methyltransferase	
54093	54093	54093	SETD4	SETdomaincontaining4	
54101	54101	54101	RIPK4	receptor-interactingserine-threoninekinase4	
54107	54107	54107	POLE3	polymerase(DNAdirected),epsilon3(p17subunit)	
5411	5411	5411	PNN	pinin,desmosomeassociatedprotein	
54112	54112	54112	GPR88	Gprotein-coupledreceptor88	
5412	5412	5412	UBL3	ubiquitin-like3	
5413	5413	5413	SEPT5	septin5	
5414	5414	5414	SEPT4	septin4	
541469	541469	541469	LOC541469	hypothetical protein LOC541469	
54148	54148	54148	MRPL39	mitochondrialribosomalproteinL39	
54149	54149	54149	C21orf91	chromosome21openreadingframe91	
54187	54187	54187	NANS	N-acetylneuraminicacidsynthase	
5420	5420	5420	PODXL	podocalyxin-like	
54205	54205	54205	CYCS	cytochromec,somatic	
54207	54207	54207	KCNK10	potassiumchannel,subfamilyK,member10	
54209	54209	54209	TREM2	triggeringreceptorexpressedonmyeloidcells2	
54210	54210	54210	TREM1	triggeringreceptorexpressedonmyeloidcells1	
5422	5422	5422	POLA1	polymerase(DNAdirected),alpha1,catalyticsubunit	
5423	5423	5423	POLB	polymerase(DNAdirected),beta	
5424	5424	5424	POLD1	polymerase(DNAdirected),delta1,catalyticsubunit125kDa	
5425	5425	5425	POLD2	polymerase(DNAdirected),delta2,regulatorysubunit50kDa	
5426	5426	5426	POLE	polymerase(DNAdirected),epsilon	
5427	5427	5427	POLE2	polymerase(DNAdirected),epsilon2(p59subunit)	
5428	5428	5428	POLG	polymerase(DNAdirected),gamma	
5429	5429	5429	POLH	polymerase(DNAdirected),eta	
5430	5430	5430	POLR2A	polymerase(RNA)II(DNAdirected)polypeptideA,220kDa	
5431	5431	5431	POLR2B	polymerase(RNA)II(DNAdirected)polypeptideB,140kDa	
5432	5432	5432	POLR2C	polymerase(RNA)II(DNAdirected)polypeptideC,33kDa	
54328	54328	54328	GPR173	Gprotein-coupledreceptor173	
54329	54329	54329	GPR85	Gprotein-coupledreceptor85	
5433	5433	5433	POLR2D	polymerase(RNA)II(DNAdirected)polypeptideD	
54332	54332	54332	GDAP1	ganglioside-induceddifferentiation-associatedprotein1	
5434	5434	5434	POLR2E	polymerase(RNA)II(DNAdirected)polypeptideE,25kDa	
54344	54344	54344	DPM3	dolichyl-phosphatemannosyltransferasepolypeptide3	
54345	54345	54345	SOX18	SRY(sexdeterminingregionY)-box18	
5435	5435	5435	POLR2F	polymerase(RNA)II(DNAdirected)polypeptideF	
5436	5436	5436	POLR2G	polymerase(RNA)II(DNAdirected)polypeptideG	
54360	54360	54360	CYTL1	cytokine-like1	
54361	54361	54361	WNT4	wingless-typeMMTVintegrationsitefamily,member4	
54363	54363	54363	HAO1	hydroxyacidoxidase(glycolateoxidase)1	
5437	5437	5437	POLR2H	polymerase(RNA)II(DNAdirected)polypeptideH	
5438	5438	5438	POLR2I	polymerase(RNA)II(DNAdirected)polypeptideI,14.5kDa	
54386	54386	54386	TERF2IP	telomericrepeatbindingfactor2,interactingprotein	
5439	5439	5439	POLR2J	polymerase(RNA)II(DNAdirected)polypeptideJ,13.3kDa	
5440	5440	5440	POLR2K	polymerase(RNA)II(DNAdirected)polypeptideK,7.0kDa	
54407	54407	54407	SLC38A2	solutecarrierfamily38,member2	
5441	5441	5441	POLR2L	polymerase(RNA)II(DNAdirected)polypeptideL,7.6kDa	
54413	54413	54413	NLGN3	neuroligin3	
5442	5442	5442	POLRMT	polymerase(RNA)mitochondrial(DNAdirected)	
5443	5443	5443	POMC	proopiomelanocortin	
54431	54431	54431	DNAJC10	DnaJ(Hsp40)homolog,subfamilyC,member10	
54432	54432	54432	YIPF1	Yip1domainfamily,member1	
54433	54433	54433	GAR1	GAR1ribonucleoproteinhomolog(yeast)	
54435	54435	54435	HCG4	HLAcomplexgroup4	
54436	54436	54436	SH3TC1	SH3domainandtetratricopeptiderepeats1	
54438	54438	54438	GFOD1	glucose-fructoseoxidoreductasedomaincontaining1	
5444	5444	5444	PON1	paraoxonase1	
54440	54440	54440	SASH3	SAMandSH3domaincontaining3	
54442	54442	54442	KCTD5	potassiumchanneltetramerisationdomaincontaining5	
5445	5445	5445	PON2	paraoxonase2	
54453	54453	54453	RIN2	RasandRabinteractor2	
54454	54454	54454	ATAD2B	ATPasefamily,AAAdomaincontaining2B	
54455	54455	54455	FBXO42	F-boxprotein42	
54457	54457	54457	TAF7L	TAF7-likeRNApolymeraseII,TATAboxbindingprotein(TBP)-associatedfactor,50kDa	
54458	54458	54458	PRR13	prolinerich13	
5446	5446	5446	PON3	paraoxonase3	
54462	54462	54462	FAM190B	familywithsequencesimilarity190,memberB	
54463	54463	54463	FAM134B	familywithsequencesimilarity134,memberB	
54465	54465	54465	ETAA1	Ewingtumor-associatedantigen1	
54468	54468	54468	MIOS	missingoocyte,meiosisregulator,homolog(Drosophila)	
54469	54469	54469	ZFAND6	zincfinger,AN1-typedomain6	
5447	5447	5447	POR	P450(cytochrome)oxidoreductase	
54471	54471	54471	SMCR7L	Smith-Magenissyndromechromosomeregion,candidate7-like	
54472	54472	54472	TOLLIP	tollinteractingprotein	
54474	54474	54474	KRT20	keratin20	
54475	54475	54475	NLE1	notchlesshomolog1(Drosophila)	
54476	54476	54476	RNF216	ringfingerprotein216	
54477	54477	54477	PLEKHA5	pleckstrinhomologydomaincontaining,familyAmember5	
54478	54478	54478	FAM64A	familywithsequencesimilarity64,memberA	
54480	54480	54480	CHPF2	chondroitinpolymerizingfactor2	
54482	54482	54482	CCDC76	coiled-coildomaincontaining76	
54487	54487	54487	DGCR8	DiGeorgesyndromecriticalregiongene8	
5449	5449	5449	POU1F1	POUclass1homeobox1	
54490	54490	54490	UGT2B28	UDPglucuronosyltransferase2family,polypeptideB28	
54491	54491	54491	FAM105A	familywithsequencesimilarity105,memberA	
54494	54494	54494	C11orf71	chromosome11openreadingframe71	
54496	54496	54496	PRMT7	proteinargininemethyltransferase7	
54498	54498	54498	SMOX	spermineoxidase	
54499	54499	54499	TMCO1	transmembraneandcoiled-coildomains1	
545	545	545	ATR	ataxiatelangiectasiaandRad3related	
5450	5450	5450	POU2AF1	POUclass2associatingfactor1	
54502	54502	54502	RBM47	RNAbindingmotifprotein47	
54503	54503	54503	ZDHHC13	zincfinger,DHHC-typecontaining13	
54504	54504	54504	CPVL	carboxypeptidase,vitellogenic-like	
54505	54505	54505	DHX29	DEAH(Asp-Glu-Ala-His)boxpolypeptide29	
54508	54508	54508	FLJ11235	hypotheticalFLJ11235	
54509	54509	54509	RHOF	rashomologgenefamily,memberF(infilopodia)	
5451	5451	5451	POU2F1	POUclass2homeobox1	
54512	54512	54512	EXOSC4	exosomecomponent4	
54514	54514	54514	DDX4	DEAD(Asp-Glu-Ala-Asp)boxpolypeptide4	
54517	54517	54517	PUS7	pseudouridylatesynthase7homolog(S.cerevisiae)	
54518	54518	54518	APBB1IP	amyloidbeta(A4)precursorprotein-binding,familyB,member1interactingprotein	
5452	5452	5452	POU2F2	POUclass2homeobox2	
54520	54520	54520	CCDC93	coiled-coildomaincontaining93	
54521	54521	54521	WDR44	WDrepeatdomain44	
54529	54529	54529	ASNSD1	asparaginesynthetasedomaincontaining1	
5453	5453	5453	POU3F1	POUclass3homeobox1	
54530	54530	54530	C1orf218	chromosome 1 open reading frame 218	
54531	54531	54531	MIER2	mesoderminductionearlyresponse1,familymember2	
54535	54535	54535	CCHCR1	coiled-coilalpha-helicalrodprotein1	
54537	54537	54537	FAM35A	familywithsequencesimilarity35,memberA	
54538	54538	54538	ROBO4	roundabouthomolog4,magicroundabout(Drosophila)	
54539	54539	54539	NDUFB11	NADHdehydrogenase(ubiquinone)1betasubcomplex,11,17.3kDa	
5454	5454	5454	POU3F2	POUclass3homeobox2	
54540	54540	54540	FLJ10404	hypotheticalproteinFLJ10404	
54541	54541	54541	DDIT4	DNA-damage-inducibletranscript4	
54542	54542	54542	RC3H2	ringfingerandCCCH-typezincfingerdomains2	
54543	54543	54543	TOMM7	translocaseofoutermitochondrialmembrane7homolog(yeast)	
54544	54544	54544	CRCT1	cysteine-richC-terminal1	
54545	54545	54545	MTMR12	myotubularinrelatedprotein12	
54546	54546	54546	RNF186	ringfingerprotein186	
54549	54549	54549	SDK2	sidekickhomolog2(chicken)	
5455	5455	5455	POU3F3	POUclass3homeobox3	
54550	54550	54550	NECAB2	N-terminalEF-handcalciumbindingprotein2	
54551	54551	54551	MAGEL2	MAGE-like2	
54552	54552	54552	GNL3L	guaninenucleotidebindingprotein-like3(nucleolar)-like	
54554	54554	54554	WDR5B	WDrepeatdomain5B	
54555	54555	54555	DDX49	DEAD(Asp-Glu-Ala-Asp)boxpolypeptide49	
54556	54556	54556	ING3	inhibitorofgrowthfamily,member3	
54558	54558	54558	SPATA6	spermatogenesisassociated6	
5456	5456	5456	POU3F4	POUclass3homeobox4	
54566	54566	54566	EPB41L4B	erythrocytemembraneproteinband4.1like4B	
54576	54576	54576	UGT1A8	UDPglucuronosyltransferase1family,polypeptideA8	
5458	5458	5458	POU4F2	POUclass4homeobox2	
54581	54581	54581	SCAND2	SCANdomaincontaining2pseudogene	
54583	54583	54583	EGLN1	eglninehomolog1(C.elegans)	
54584	54584	54584	GNB1L	guaninenucleotidebindingprotein(Gprotein),betapolypeptide1-like	
54585	54585	54585	LZTFL1	leucinezippertranscriptionfactor-like1	
54587	54587	54587	MXRA8	matrix-remodellingassociated8	
5459	5459	5459	POU4F3	POUclass4homeobox3	
54596	54596	54596	L1TD1	LINE-1typetransposasedomaincontaining1	
546	546	546	ATRX	alphathalassemia/mentalretardationsyndromeX-linked(RAD54homolog,S.cerevisiae)	
54606	54606	54606	DDX56	DEAD(Asp-Glu-Ala-Asp)boxpolypeptide56	
54619	54619	54619	CCNJ	cyclinJ	
54621	54621	54621	FLJ20674	hypotheticalproteinFLJ20674	
54622	54622	54622	ARL15	ADP-ribosylationfactor-like15	
54623	54623	54623	PAF1	Paf1,RNApolymeraseIIassociatedfactor,homolog(S.cerevisiae)	
54626	54626	54626	HES2	hairyandenhancerofsplit2(Drosophila)	
54629	54629	54629	FAM63B	familywithsequencesimilarity63,memberB	
5463	5463	5463	POU6F1	POUclass6homeobox1	
5464	5464	5464	PPA1	pyrophosphatase(inorganic)1	
5465	5465	5465	PPARA	peroxisomeproliferator-activatedreceptoralpha	
54661	54661	54661	PCDHB17	protocadherinbeta17pseudogene	
54662	54662	54662	TBC1D13	TBC1domainfamily,member13	
54663	54663	54663	WDR74	WDrepeatdomain74	
54664	54664	54664	TMEM106B	transmembraneprotein106B	
54665	54665	54665	RSBN1	roundspermatidbasicprotein1	
5467	5467	5467	PPARD	peroxisomeproliferator-activatedreceptordelta	
54674	54674	54674	LRRN3	leucinerichrepeatneuronal3	
54676	54676	54676	GTPBP2	GTPbindingprotein2	
54677	54677	54677	CROT	carnitineO-octanoyltransferase	
5468	5468	5468	PPARG	peroxisomeproliferator-activatedreceptorgamma	
54680	54680	54680	ZNHIT6	zincfinger,HITtype6	
54681	54681	54681	P4HTM	prolyl4-hydroxylase,transmembrane(endoplasmicreticulum)	
54682	54682	54682	MANSC1	MANSCdomaincontaining1	
5469	5469	5469	MED1	mediatorcomplexsubunit1	
547	547	547	KIF1A	kinesinfamilymember1A	
5470	5470	5470	PPEF2	proteinphosphatase,EF-handcalciumbindingdomain2	
54700	54700	54700	RRN3	RRN3RNApolymeraseItranscriptionfactorhomolog(S.cerevisiae)	
54704	54704	54704	PDP1	pyruvatedehyrogenasephosphatasecatalyticsubunit1	
54707	54707	54707	GPN2	GPN-loopGTPase2	
54708	54708	54708	MARCH5	membrane-associatedringfinger(C3HC4)5	
5471	5471	5471	PPAT	phosphoribosylpyrophosphateamidotransferase	
54714	54714	54714	CNGB3	cyclicnucleotidegatedchannelbeta3	
54715	54715	54715	A2BP1	ataxin2-bindingprotein1	
54716	54716	54716	SLC6A20	solutecarrierfamily6(prolineIMINOtransporter),member20	
54718	54718	54718	BTN2A3	butyrophilin,subfamily2,memberA3	
54726	54726	54726	OTUD4	OTUdomaincontaining4	
5473	5473	5473	PPBP	pro-plateletbasicprotein(chemokine(C-X-Cmotif)ligand7)	
54732	54732	54732	TMED9	transmembraneemp24proteintransportdomaincontaining9	
54733	54733	54733	SLC35F2	solutecarrierfamily35,memberF2	
54737	54737	54737	MPHOSPH8	M-phasephosphoprotein8	
54738	54738	54738	FEV	FEV(ETSoncogenefamily)	
54739	54739	54739	XAF1	XIAPassociatedfactor1	
54741	54741	54741	LEPROT	leptinreceptoroverlappingtranscript	
5475	5475	5475	PPEF1	proteinphosphatase,EF-handcalciumbindingdomain1	
54752	54752	54752	FNDC8	fibronectintypeIIIdomaincontaining8	
54758	54758	54758	KLHDC4	kelchdomaincontaining4	
5476	5476	5476	CTSA	cathepsinA	
54762	54762	54762	GRAMD1C	GRAMdomaincontaining1C	
54765	54765	54765	TRIM44	tripartitemotif-containing44	
54766	54766	54766	BTG4	B-celltranslocationgene4	
54768	54768	54768	HYDIN	hydrocephalusinducinghomolog(mouse)	
54769	54769	54769	DIRAS2	DIRASfamily,GTP-bindingRAS-like2	
54777	54777	54777	C10orf92	chromosome10openreadingframe92	
54778	54778	54778	RNF111	ringfingerprotein111	
54780	54780	54780	NSMCE4A	non-SMCelement4homologA(S.cerevisiae)	
54784	54784	54784	ALKBH4	alkB,alkylationrepairhomolog4(E.coli)	
54785	54785	54785	C17orf59	chromosome17openreadingframe59	
54788	54788	54788	DNAJB12	DnaJ(Hsp40)homolog,subfamilyB,member12	
5479	5479	5479	PPIB	peptidylprolylisomeraseB(cyclophilinB)	
54795	54795	54795	TRPM4	transientreceptorpotentialcationchannel,subfamilyM,member4	
54796	54796	54796	BNC2	basonuclin2	
54797	54797	54797	MED18	mediatorcomplexsubunit18	
54798	54798	54798	DCHS2	dachsous2(Drosophila)	
54799	54799	54799	MBTD1	mbtdomaincontaining1	
5480	5480	5480	PPIC	peptidylprolylisomeraseC(cyclophilinC)	
54800	54800	54800	KLHL24	kelch-like24(Drosophila)	
54801	54801	54801	HAUS6	HAUSaugmin-likecomplex,subunit6	
54802	54802	54802	TRIT1	tRNAisopentenyltransferase1	
54805	54805	54805	CNNM2	cyclinM2	
54806	54806	54806	AHI1	Abelsonhelperintegrationsite1	
54807	54807	54807	ZNF586	zincfingerprotein586	
54809	54809	54809	SAMD9	sterilealphamotifdomaincontaining9	
5481	5481	5481	PPID	peptidylprolylisomeraseD	
54810	54810	54810	GIPC2	GIPCPDZdomaincontainingfamily,member2	
54811	54811	54811	ZNF562	zincfingerprotein562	
54812	54812	54812	AFTPH	aftiphilin	
54814	54814	54814	QPCTL	glutaminyl-peptidecyclotransferase-like	
54815	54815	54815	GATAD2A	GATAzincfingerdomaincontaining2A	
54816	54816	54816	ZNF280D	zincfingerprotein280D	
54819	54819	54819	ZCCHC10	zincfinger,CCHCdomaincontaining10	
54820	54820	54820	NDE1	nudEnucleardistributiongeneEhomolog1(A.nidulans)	
54821	54821	54821	ERCC6L	excisionrepaircross-complementingrodentrepairdeficiency,complementationgroup6-like	
54825	54825	54825	PCDH24	protocadherin24	
54826	54826	54826	GIN1	gypsyretrotransposonintegrase1	
54827	54827	54827	FAM55D	familywithsequencesimilarity55,memberD	
54828	54828	54828	BCAS3	breastcarcinomaamplifiedsequence3	
54829	54829	54829	ASPN	asporin	
54830	54830	54830	NUP62CL	nucleoporin62kDaC-terminallike	
54831	54831	54831	BEST2	bestrophin2	
54832	54832	54832	VPS13C	vacuolarproteinsorting13homologC(S.cerevisiae)	
54834	54834	54834	GDAP2	gangliosideinduceddifferentiationassociatedprotein2	
54836	54836	54836	BSPRY	B-boxandSPRYdomaincontaining	
54839	54839	54839	LRRC49	leucinerichrepeatcontaining49	
54840	54840	54840	APTX	aprataxin	
54842	54842	54842	MFSD6	majorfacilitatorsuperfamilydomaincontaining6	
54843	54843	54843	SYTL2	synaptotagmin-like2	
54845	54845	54845	ESRP1	epithelialsplicingregulatoryprotein1	
54847	54847	54847	SIDT1	SID1transmembranefamily,member1	
54848	54848	54848	FLJ20184	hypotheticalproteinFLJ20184	
54849	54849	54849	DEF8	differentiallyexpressedinFDCP8homolog(mouse)	
54850	54850	54850	FBXL12	F-boxandleucine-richrepeatprotein12	
54851	54851	54851	ANKRD49	ankyrinrepeatdomain49	
54852	54852	54852	PAQR5	progestinandadipoQreceptorfamilymemberV	
54854	54854	54854	FAM83E	familywithsequencesimilarity83,memberE	
54855	54855	54855	FAM46C	familywithsequencesimilarity46,memberC	
54857	54857	54857	GDPD2	glycerophosphodiesterphosphodiesterasedomaincontaining2	
54858	54858	54858	PGPEP1	pyroglutamyl-peptidaseI	
54860	54860	54860	MS4A12	membrane-spanning4-domains,subfamilyA,member12	
54861	54861	54861	SNRK	SNFrelatedkinase	
54862	54862	54862	CC2D1A	coiled-coilandC2domaincontaining1A	
54863	54863	54863	C9orf167	chromosome9openreadingframe167	
54866	54866	54866	PPP1R14D	proteinphosphatase1,regulatory(inhibitor)subunit14D	
54867	54867	54867	TMEM214	transmembraneprotein214	
54869	54869	54869	EPS8L1	EPS8-like1	
54870	54870	54870	QRICH1	glutamine-rich1	
54872	54872	54872	PIGG	phosphatidylinositolglycananchorbiosynthesis,classG	
54873	54873	54873	PALMD	palmdelphin	
54874	54874	54874	FNBP1L	forminbindingprotein1-like	
54875	54875	54875	CNTLN	centlein,centrosomalprotein	
54876	54876	54876	DCAF16	DDB1andCUL4associatedfactor16	
54877	54877	54877	ZCCHC2	zincfinger,CCHCdomaincontaining2	
54878	54878	54878	DPP8	dipeptidyl-peptidase8	
54879	54879	54879	ST7L	suppressionoftumorigenicity7like	
54880	54880	54880	BCOR	BCL6co-repressor	
54881	54881	54881	TEX10	testisexpressed10	
54882	54882	54882	ANKHD1	ankyrinrepeatandKHdomaincontaining1	
54883	54883	54883	CCDC49	coiled-coildomaincontaining49	
54884	54884	54884	RETSAT	retinolsaturase(all-trans-retinol13,14-reductase)	
54885	54885	54885	TBC1D8B	TBC1domainfamily,member8B(withGRAMdomain)	
54886	54886	54886	RP11-35N6.1	plasticityrelatedgene3	
54891	54891	54891	INO80D	INO80complexsubunitD	
54892	54892	54892	NCAPG2	non-SMCcondensinIIcomplex,subunitG2	
54893	54893	54893	MTMR10	myotubularinrelatedprotein10	
54894	54894	54894	RNF43	ringfingerprotein43	
54897	54897	54897	CASZ1	castorzincfinger1	
54898	54898	54898	ELOVL2	elongationofverylongchainfattyacids(FEN1/Elo2,SUR4/Elo3,yeast)-like2	
549	549	549	AUH	AURNAbindingprotein/enoyl-CoenzymeAhydratase	
54900	54900	54900	LAX1	lymphocytetransmembraneadaptor1	
54901	54901	54901	CDKAL1	CDK5regulatorysubunitassociatedprotein1-like1	
54902	54902	54902	TTC19	tetratricopeptiderepeatdomain19	
54903	54903	54903	MKS1	Meckelsyndrome,type1	
54904	54904	54904	WHSC1L1	Wolf-Hirschhornsyndromecandidate1-like1	
54905	54905	54905	CYP2W1	cytochromeP450,family2,subfamilyW,polypeptide1	
54906	54906	54906	C10orf18	chromosome10openreadingframe18	
54908	54908	54908	CCDC99	coiled-coildomaincontaining99	
54910	54910	54910	SEMA4C	semadomain,immunoglobulindomain(Ig),transmembranedomain(TM)andshortcytoplasmicdomain,(semaphorin)4C	
54913	54913	54913	RPP25	ribonucleaseP/MRP25kDasubunit	
54914	54914	54914	KIAA1797	KIAA1797	
54915	54915	54915	YTHDF1	YTHdomainfamily,member1	
54916	54916	54916	C14orf101	chromosome14openreadingframe101	
54918	54918	54918	CMTM6	CKLF-likeMARVELtransmembranedomaincontaining6	
54919	54919	54919	HEATR2	HEATrepeatcontaining2	
54920	54920	54920	DUS2L	dihydrouridinesynthase2-like,SMM1homolog(S.cerevisiae)	
54922	54922	54922	RASIP1	Rasinteractingprotein1	
54923	54923	54923	LIME1	Lckinteractingtransmembraneadaptor1	
54925	54925	54925	ZNF434	zincfingerprotein434	
54927	54927	54927	CHCHD3	coiled-coil-helix-coiled-coil-helixdomaincontaining3	
54928	54928	54928	IMPAD1	inositolmonophosphatasedomaincontaining1	
54929	54929	54929	TMEM161A	transmembraneprotein161A	
5493	5493	5493	PPL	periplakin	
54930	54930	54930	HAUS4	HAUSaugmin-likecomplex,subunit4	
54934	54934	54934	C12orf41	chromosome12openreadingframe41	
54937	54937	54937	SOHLH2	spermatogenesisandoogenesisspecificbasichelix-loop-helix2	
54938	54938	54938	SARS2	seryl-tRNAsynthetase2,mitochondrial	
54939	54939	54939	COMMD4	COMMdomaincontaining4	
5494	5494	5494	PPM1A	proteinphosphatase1A(formerly2C),magnesium-dependent,alphaisoform	
54941	54941	54941	RNF125	ringfingerprotein125	
54942	54942	54942	C9orf6	chromosome9openreadingframe6	
54943	54943	54943	DNAJC28	DnaJ(Hsp40)homolog,subfamilyC,member28	
54946	54946	54946	SLC41A3	solutecarrierfamily41,member3	
54948	54948	54948	MRPL16	mitochondrialribosomalproteinL16	
5495	5495	5495	PPM1B	proteinphosphatase1B(formerly2C),magnesium-dependent,betaisoform	
54951	54951	54951	COMMD8	COMMdomaincontaining8	
54952	54952	54952	TRNAU1AP	tRNAselenocysteine1associatedprotein1	
54953	54953	54953	C1orf27	chromosome1openreadingframe27	
54954	54954	54954	FAM120C	familywithsequencesimilarity120C	
54955	54955	54955	C1orf109	chromosome1openreadingframe109	
54956	54956	54956	PARP16	poly(ADP-ribose)polymerasefamily,member16	
54957	54957	54957	TXNL4B	thioredoxin-like4B	
54958	54958	54958	TMEM160	transmembraneprotein160	
54959	54959	54959	ODAM	odontogenic,ameloblastasssociated	
5496	5496	5496	PPM1G	proteinphosphatase1G(formerly2C),magnesium-dependent,gammaisoform	
54960	54960	54960	GEMIN8	gem(nuclearorganelle)associatedprotein8	
54961	54961	54961	SSH3	slingshothomolog3(Drosophila)	
54962	54962	54962	TIPIN	TIMELESSinteractingprotein	
54963	54963	54963	UCKL1	uridine-cytidinekinase1-like1	
54964	54964	54964	C1orf56	chromosome1openreadingframe56	
54968	54968	54968	TMEM70	transmembraneprotein70	
54969	54969	54969	C4orf27	chromosome4openreadingframe27	
54970	54970	54970	TTC12	tetratricopeptiderepeatdomain12	
54971	54971	54971	BANP	BTG3associatednuclearprotein	
54972	54972	54972	TMEM132A	transmembraneprotein132A	
54973	54973	54973	CPSF3L	cleavageandpolyadenylationspecificfactor3-like	
54974	54974	54974	THG1L	tRNA-histidineguanylyltransferase1-like(S.cerevisiae)	
54976	54976	54976	C20orf27	chromosome20openreadingframe27	
54977	54977	54977	SLC25A38	solutecarrierfamily25,member38	
54978	54978	54978	C2orf18	chromosome2openreadingframe18	
54979	54979	54979	HRASLS2	HRAS-likesuppressor2	
5498	5498	5498	PPOX	protoporphyrinogenoxidase	
54980	54980	54980	C2orf42	chromosome2openreadingframe42	
54981	54981	54981	C9orf95	chromosome9openreadingframe95	
54982	54982	54982	CLN6	ceroid-lipofuscinosis,neuronal6,lateinfantile,variant	
54985	54985	54985	HCFC1R1	hostcellfactorC1regulator1(XPO1dependent)	
54986	54986	54986	ULK4	unc-51-likekinase4(C.elegans)	
54987	54987	54987	C1orf123	chromosome1openreadingframe123	
54988	54988	54988	ACSM5	acyl-CoAsynthetasemedium-chainfamilymember5	
5499	5499	5499	PPP1CA	proteinphosphatase1,catalyticsubunit,alphaisoform	
54991	54991	54991	C1orf159	chromosome1openreadingframe159	
54993	54993	54993	ZSCAN2	zincfingerandSCANdomaincontaining2	
54994	54994	54994	C20orf11	chromosome20openreadingframe11	
54995	54995	54995	OXSM	3-oxoacyl-ACPsynthase,mitochondrial	
54996	54996	54996	MOSC2	MOCOsulphuraseC-terminaldomaincontaining2	
54997	54997	54997	TESC	tescalcin	
54998	54998	54998	AURKAIP1	aurorakinaseAinteractingprotein1	
55	55	55	ACPP	acidphosphatase,prostate	
550	550	550	AUP1	ancientubiquitousprotein1	
5500	5500	5500	PPP1CB	proteinphosphatase1,catalyticsubunit,betaisoform	
55000	55000	55000	TUG1	taurineupregulated1(non-proteincoding)	
55001	55001	55001	TTC22	tetratricopeptiderepeatdomain22	
55002	55002	55002	TMCO3	transmembraneandcoiled-coildomains3	
55003	55003	55003	PAK1IP1	PAK1interactingprotein1	
55005	55005	55005	RMND1	requiredformeioticnucleardivision1homolog(S.cerevisiae)	
55006	55006	55006	TRMT61B	tRNAmethyltransferase61homologB(S.cerevisiae)	
55007	55007	55007	FAM118A	familywithsequencesimilarity118,memberA	
55008	55008	55008	HERC6	hectdomainandRLD6	
55009	55009	55009	C19orf24	chromosome19openreadingframe24	
5501	5501	5501	PPP1CC	proteinphosphatase1,catalyticsubunit,gammaisoform	
55010	55010	55010	C12orf48	chromosome12openreadingframe48	
55011	55011	55011	PIH1D1	PIH1domaincontaining1	
55012	55012	55012	PPP2R3C	proteinphosphatase2(formerly2A),regulatorysubunitB'',gamma	
55013	55013	55013	CCDC109B	coiled-coildomaincontaining109B	
55014	55014	55014	STX17	syntaxin17	
55015	55015	55015	PRPF39	PRP39pre-mRNAprocessingfactor39homolog(S.cerevisiae)	
55018	55018	55018	C17orf73	chromosome17openreadingframe73	
5502	5502	5502	PPP1R1A	proteinphosphatase1,regulatory(inhibitor)subunit1A	
55020	55020	55020	TTC38	tetratricopeptiderepeatdomain38	
55022	55022	55022	PID1	phosphotyrosineinteractiondomaincontaining1	
55023	55023	55023	PHIP	pleckstrinhomologydomaininteractingprotein	
55024	55024	55024	BANK1	B-cellscaffoldproteinwithankyrinrepeats1	
55026	55026	55026	FAM70A	familywithsequencesimilarity70,memberA	
55028	55028	55028	C17orf80	chromosome17openreadingframe80	
55030	55030	55030	FBXO34	F-boxprotein34	
55031	55031	55031	USP47	ubiquitinspecificpeptidase47	
55032	55032	55032	SLC35A5	solutecarrierfamily35,memberA5	
55033	55033	55033	FKBP14	FK506bindingprotein14,22kDa	
55034	55034	55034	MOCOS	molybdenumcofactorsulfurase	
55035	55035	55035	NOL8	nucleolarprotein8	
55036	55036	55036	CCDC40	coiled-coildomaincontaining40	
55037	55037	55037	PTCD3	Pentatricopeptiderepeatdomain3	
55038	55038	55038	CDCA4	celldivisioncycleassociated4	
55039	55039	55039	TRMT12	tRNAmethyltransferase12homolog(S.cerevisiae)	
5504	5504	5504	PPP1R2	proteinphosphatase1,regulatory(inhibitor)subunit2	
55040	55040	55040	EPN3	epsin3	
55041	55041	55041	PLEKHB2	pleckstrinhomologydomaincontaining,familyB(evectins)member2	
55048	55048	55048	VPS37C	vacuolarproteinsorting37homologC(S.cerevisiae)	
55049	55049	55049	C19orf60	chromosome19openreadingframe60	
55052	55052	55052	MRPL20	mitochondrialribosomalproteinL20	
55055	55055	55055	ZWILCH	Zwilch,kinetochoreassociated,homolog(Drosophila)	
55057	55057	55057	AIM1L	absentinmelanoma1-like	
5506	5506	5506	PPP1R3A	proteinphosphatase1,regulatory(inhibitor)subunit3A	
55061	55061	55061	SUSD4	sushidomaincontaining4	
55062	55062	55062	WIPI1	WDrepeatdomain,phosphoinositideinteracting1	
55063	55063	55063	ZCWPW1	zincfinger,CWtypewithPWWPdomain1	
55064	55064	55064	C9orf68	chromosome9openreadingframe68	
55065	55065	55065	GPR172B	Gprotein-coupledreceptor172B	
55066	55066	55066	PDPR	pyruvatedehydrogenasephosphataseregulatorysubunit	
55068	55068	55068	ENOX1	ecto-NOXdisulfide-thiolexchanger1	
55069	55069	55069	C7orf42	chromosome7openreadingframe42	
5507	5507	5507	PPP1R3C	proteinphosphatase1,regulatory(inhibitor)subunit3C	
55070	55070	55070	DET1	de-etiolatedhomolog1(Arabidopsis)	
55071	55071	55071	C9orf40	chromosome9openreadingframe40	
55072	55072	55072	RNF31	ringfingerprotein31	
55074	55074	55074	OXR1	oxidationresistance1	
55076	55076	55076	TMEM45A	transmembraneprotein45A	
55079	55079	55079	FEZF2	FEZfamilyzincfinger2	
55080	55080	55080	TAPBPL	TAPbindingprotein-like	
55081	55081	55081	IFT57	intraflagellartransport57homolog(Chlamydomonas)	
55082	55082	55082	ARGLU1	arginineandglutamaterich1	
55083	55083	55083	KIF26B	kinesinfamilymember26B	
55084	55084	55084	SOBP	sineoculisbindingproteinhomolog(Drosophila)	
55086	55086	55086	CXorf57	chromosomeXopenreadingframe57	
55088	55088	55088	C10orf118	chromosome10openreadingframe118	
55089	55089	55089	SLC38A4	solutecarrierfamily38,member4	
5509	5509	5509	PPP1R3D	proteinphosphatase1,regulatory(inhibitor)subunit3D	
55090	55090	55090	MED9	mediatorcomplexsubunit9	
55092	55092	55092	TMEM51	transmembraneprotein51	
55093	55093	55093	WDYHV1	WDYHVmotifcontaining1	
55094	55094	55094	GPATCH1	Gpatchdomaincontaining1	
55095	55095	55095	SAMD4B	sterilealphamotifdomaincontaining4B	
55096	55096	55096	FLJ10213	hypotheticalproteinFLJ10213	
551	551	551	AVP	argininevasopressin	
5510	5510	5510	PPP1R7	proteinphosphatase1,regulatory(inhibitor)subunit7	
55100	55100	55100	WDR70	WDrepeatdomain70	
55101	55101	55101	ATP5SL	ATP5S-like	
55102	55102	55102	ATG2B	ATG2autophagyrelated2homologB(S.cerevisiae)	
55103	55103	55103	RALGPS2	RalGEFwithPHdomainandSH3bindingmotif2	
55105	55105	55105	GPATCH2	Gpatchdomaincontaining2	
55106	55106	55106	SLFN12	schlafenfamilymember12	
55107	55107	55107	ANO1	anoctamin1,calciumactivatedchloridechannel	
55108	55108	55108	BSDC1	BSDdomaincontaining1	
55109	55109	55109	AGGF1	angiogenicfactorwithGpatchandFHAdomains1	
5511	5511	5511	PPP1R8	proteinphosphatase1,regulatory(inhibitor)subunit8	
55110	55110	55110	MAGOHB	mago-nashihomologB(Drosophila)	
55111	55111	55111	PLEKHJ1	pleckstrinhomologydomaincontaining,familyJmember1	
55112	55112	55112	WDR60	WDrepeatdomain60	
55113	55113	55113	XKR8	XK,Kellbloodgroupcomplexsubunit-relatedfamily,member8	
55114	55114	55114	ARHGAP17	RhoGTPaseactivatingprotein17	
55116	55116	55116	TMEM39B	transmembraneprotein39B	
55117	55117	55117	SLC6A15	solutecarrierfamily6(neutralaminoacidtransporter),member15	
55118	55118	55118	CRTAC1	cartilageacidicprotein1	
55119	55119	55119	PRPF38B	PRP38pre-mRNAprocessingfactor38(yeast)domaincontainingB	
55120	55120	55120	FANCL	Fanconianemia,complementationgroupL	
55124	55124	55124	PIWIL2	piwi-like2(Drosophila)	
55125	55125	55125	CEP192	centrosomalprotein192kDa	
55127	55127	55127	HEATR1	HEATrepeatcontaining1	
55128	55128	55128	TRIM68	tripartitemotif-containing68	
55129	55129	55129	ANO10	anoctamin10	
55131	55131	55131	RBM28	RNAbindingmotifprotein28	
55133	55133	55133	SRBD1	S1RNAbindingdomain1	
55135	55135	55135	WRAP53	WDrepeatcontaining,antisensetoTP53	
55138	55138	55138	FAM90A1	familywithsequencesimilarity90,memberA1	
55139	55139	55139	ANKZF1	ankyrinrepeatandzincfingerdomaincontaining1	
5514	5514	5514	PPP1R10	proteinphosphatase1,regulatory(inhibitor)subunit10	
55140	55140	55140	ELP3	elongationprotein3homolog(S.cerevisiae)	
55142	55142	55142	HAUS2	HAUSaugmin-likecomplex,subunit2	
55143	55143	55143	CDCA8	celldivisioncycleassociated8	
55144	55144	55144	LRRC8D	leucinerichrepeatcontaining8family,memberD	
55145	55145	55145	THAP1	THAPdomaincontaining,apoptosisassociatedprotein1	
55146	55146	55146	ZDHHC4	zincfinger,DHHC-typecontaining4	
55147	55147	55147	RBM23	RNAbindingmotifprotein23	
55148	55148	55148	UBR7	ubiquitinproteinligaseE3componentn-recognin7(putative)	
55149	55149	55149	MTPAP	mitochondrialpoly(A)polymerase	
5515	5515	5515	PPP2CA	proteinphosphatase2(formerly2A),catalyticsubunit,alphaisoform	
55150	55150	55150	C19orf73	chromosome19openreadingframe73	
55151	55151	55151	TMEM38B	transmembraneprotein38B	
55152	55152	55152	DALRD3	DALRanticodonbindingdomaincontaining3	
55153	55153	55153	SDAD1	SDA1domaincontaining1	
55156	55156	55156	ARMC1	armadillorepeatcontaining1	
55157	55157	55157	DARS2	aspartyl-tRNAsynthetase2,mitochondrial	
55159	55159	55159	RFWD3	ringfingerandWDrepeatdomain3	
5516	5516	5516	PPP2CB	proteinphosphatase2(formerly2A),catalyticsubunit,betaisoform	
55160	55160	55160	ARHGEF10L	Rhoguaninenucleotideexchangefactor(GEF)10-like	
55161	55161	55161	TMEM33	transmembraneprotein33	
55163	55163	55163	PNPO	pyridoxamine5'-phosphateoxidase	
55164	55164	55164	SHQ1	SHQ1homolog(S.cerevisiae)	
55165	55165	55165	CEP55	centrosomalprotein55kDa	
55166	55166	55166	CENPQ	centromereproteinQ	
55167	55167	55167	MSL2	male-specificlethal2homolog(Drosophila)	
55168	55168	55168	MRPS18A	mitochondrialribosomalproteinS18A	
55171	55171	55171	TBCCD1	TBCCdomaincontaining1	
55172	55172	55172	C14orf104	chromosome14openreadingframe104	
55175	55175	55175	KLHL11	kelch-like11(Drosophila)	
55176	55176	55176	SEC61A2	Sec61alpha2subunit(S.cerevisiae)	
55177	55177	55177	FAM82A2	familywithsequencesimilarity82,memberA2	
55178	55178	55178	RNMTL1	RNAmethyltransferaselike1	
55179	55179	55179	FAIM	Fasapoptoticinhibitorymolecule	
5518	5518	5518	PPP2R1A	proteinphosphatase2(formerly2A),regulatorysubunitA,alphaisoform	
55181	55181	55181	C17orf71	chromosome17openreadingframe71	
55182	55182	55182	RNF220	ringfingerprotein220	
55183	55183	55183	RIF1	RAP1interactingfactorhomolog(yeast)	
55184	55184	55184	C20orf12	chromosome20openreadingframe12	
55186	55186	55186	SLC25A36	solutecarrierfamily25,member36	
55187	55187	55187	VPS13D	vacuolarproteinsorting13homologD(S.cerevisiae)	
55188	55188	55188	RIC8B	resistancetoinhibitorsofcholinesterase8homologB(C.elegans)	
5519	5519	5519	PPP2R1B	proteinphosphatase2(formerly2A),regulatorysubunitA,betaisoform	
55190	55190	55190	NUDT11	nudix(nucleosidediphosphatelinkedmoietyX)-typemotif11	
55191	55191	55191	NADSYN1	NADsynthetase1	
55192	55192	55192	DNAJC17	DnaJ(Hsp40)homolog,subfamilyC,member17	
55193	55193	55193	PBRM1	polybromo1	
55194	55194	55194	FAM176B	familywithsequencesimilarity176,memberB	
55195	55195	55195	C14orf105	chromosome14openreadingframe105	
55196	55196	55196	C12orf35	chromosome12openreadingframe35	
55197	55197	55197	RPRD1A	regulationofnuclearpre-mRNAdomaincontaining1A	
55198	55198	55198	APPL2	adaptorprotein,phosphotyrosineinteraction,PHdomainandleucinezippercontaining2	
552	552	552	AVPR1A	argininevasopressinreceptor1A	
5520	5520	5520	PPP2R2A	proteinphosphatase2(formerly2A),regulatorysubunitB,alphaisoform	
55200	55200	55200	PLEKHG6	pleckstrinhomologydomaincontaining,familyG(withRhoGefdomain)member6	
55201	55201	55201	MAP1S	microtubule-associatedprotein1S	
55203	55203	55203	LGI2	leucine-richrepeatLGIfamily,member2	
55204	55204	55204	GOLPH3L	golgiphosphoprotein3-like	
55207	55207	55207	ARL8B	ADP-ribosylationfactor-like8B	
55208	55208	55208	DCUN1D2	DCN1,defectiveincullinneddylation1,domaincontaining2(S.cerevisiae)	
55209	55209	55209	SETD5	SETdomaincontaining5	
5521	5521	5521	PPP2R2B	proteinphosphatase2(formerly2A),regulatorysubunitB,betaisoform	
55210	55210	55210	ATAD3A	ATPasefamily,AAAdomaincontaining3A	
55211	55211	55211	DPPA4	developmentalpluripotencyassociated4	
55212	55212	55212	BBS7	Bardet-Biedlsyndrome7	
55213	55213	55213	RCBTB1	regulatorofchromosomecondensation(RCC1)andBTB(POZ)domaincontainingprotein1	
55214	55214	55214	LEPREL1	leprecan-like1	
55215	55215	55215	FANCI	Fanconianemia,complementationgroupI	
55216	55216	55216	C11orf57	chromosome11openreadingframe57	
55218	55218	55218	EXD2	exonuclease3'-5'domaincontaining2	
55219	55219	55219	TMEM57	transmembraneprotein57	
55220	55220	55220	KLHDC8A	kelchdomaincontaining8A	
55222	55222	55222	LRRC20	leucinerichrepeatcontaining20	
55223	55223	55223	TRIM62	tripartitemotif-containing62	
55224	55224	55224	ETNK2	ethanolaminekinase2	
55226	55226	55226	NAT10	N-acetyltransferase10(GCN5-related)	
55227	55227	55227	LRRC1	leucinerichrepeatcontaining1	
55228	55228	55228	PNMAL1	PNMA-like1	
55229	55229	55229	PANK4	pantothenatekinase4	
5523	5523	5523	PPP2R3A	proteinphosphatase2(formerly2A),regulatorysubunitB'',alpha	
55231	55231	55231	CCDC87	coiled-coildomaincontaining87	
55233	55233	55233	MOBKL1B	MOB1,MpsOneBinderkinaseactivator-like1B(yeast)	
55234	55234	55234	SMU1	smu-1suppressorofmec-8andunc-52homolog(C.elegans)	
55236	55236	55236	UBA6	ubiquitin-likemodifieractivatingenzyme6	
55237	55237	55237	C14orf115	chromosome14openreadingframe115	
55238	55238	55238	SLC38A7	solutecarrierfamily38,member7	
55239	55239	55239	OGFOD1	2-oxoglutarateandiron-dependentoxygenasedomaincontaining1	
5524	5524	5524	PPP2R4	proteinphosphatase2Aactivator,regulatorysubunit4	
55240	55240	55240	STEAP3	STEAPfamilymember3	
55243	55243	55243	KIRREL	kinofIRRElike(Drosophila)	
55244	55244	55244	SLC47A1	solutecarrierfamily47,member1	
55245	55245	55245	UQCC	ubiquinol-cytochromecreductasecomplexchaperone	
55246	55246	55246	CCDC25	coiled-coildomaincontaining25	
55247	55247	55247	NEIL3	neiendonucleaseVIII-like3(E.coli)	
55248	55248	55248	TMEM206	transmembraneprotein206	
55249	55249	55249	YY1AP1	YY1associatedprotein1	
5525	5525	5525	PPP2R5A	proteinphosphatase2,regulatorysubunitB',alphaisoform	
55251	55251	55251	PCMTD2	protein-L-isoaspartate(D-aspartate)O-methyltransferasedomaincontaining2	
55252	55252	55252	ASXL2	additionalsexcombslike2(Drosophila)	
55253	55253	55253	TYW1	tRNA-yWsynthesizingprotein1homolog(S.cerevisiae)	
55254	55254	55254	TMEM39A	transmembraneprotein39A	
55255	55255	55255	WDR41	WDrepeatdomain41	
55256	55256	55256	ADI1	acireductonedioxygenase1	
55257	55257	55257	C20orf20	chromosome20openreadingframe20	
55258	55258	55258	THNSL2	threoninesynthase-like2(S.cerevisiae)	
55259	55259	55259	CASC1	cancersusceptibilitycandidate1	
5526	5526	5526	PPP2R5B	proteinphosphatase2,regulatorysubunitB',betaisoform	
55262	55262	55262	C7orf43	chromosome7openreadingframe43	
55267	55267	55267	C22orf26	chromosome22openreadingframe26	
55268	55268	55268	ECHDC2	enoylCoenzymeAhydratasedomaincontaining2	
55269	55269	55269	PSPC1	paraspecklecomponent1	
5527	5527	5527	PPP2R5C	proteinphosphatase2,regulatorysubunitB',gammaisoform	
55270	55270	55270	NUDT15	nudix(nucleosidediphosphatelinkedmoietyX)-typemotif15	
55272	55272	55272	IMP3	IMP3,U3smallnucleolarribonucleoprotein,homolog(yeast)	
55273	55273	55273	TMEM100	transmembraneprotein100	
55274	55274	55274	PHF10	PHDfingerprotein10	
55275	55275	55275	VPS53	vacuolarproteinsorting53homolog(S.cerevisiae)	
55277	55277	55277	FGGY	FGGYcarbohydratekinasedomaincontaining	
55278	55278	55278	QRSL1	glutaminyl-tRNAsynthase(glutamine-hydrolyzing)-like1	
55279	55279	55279	ZNF654	zincfingerprotein654	
5528	5528	5528	PPP2R5D	proteinphosphatase2,regulatorysubunitB',deltaisoform	
55280	55280	55280	CWF19L1	CWF19-like1,cellcyclecontrol(S.pombe)	
55281	55281	55281	TMEM140	transmembraneprotein140	
55282	55282	55282	LRRC36	leucinerichrepeatcontaining36	
55283	55283	55283	MCOLN3	mucolipin3	
55284	55284	55284	UBE2W	ubiquitin-conjugatingenzymeE2W(putative)	
55286	55286	55286	C4orf19	chromosome4openreadingframe19	
55287	55287	55287	TMEM40	transmembraneprotein40	
55288	55288	55288	RHOT1	rashomologgenefamily,memberT1	
55289	55289	55289	ACOXL	acyl-CoenzymeAoxidase-like	
5529	5529	5529	PPP2R5E	proteinphosphatase2,regulatorysubunitB',epsilonisoform	
55290	55290	55290	BRF2	BRF2,subunitofRNApolymeraseIIItranscriptioninitiationfactor,BRF1-like	
55291	55291	55291	SAPS3	SAPSdomainfamily,member3	
55293	55293	55293	UEVLD	UEVandlactate/malatedehyrogenasedomains	
55294	55294	55294	FBXW7	F-boxandWDrepeatdomaincontaining7	
55295	55295	55295	KLHL26	kelch-like26(Drosophila)	
55296	55296	55296	TBC1D19	TBC1domainfamily,member19	
55297	55297	55297	CCDC91	coiled-coildomaincontaining91	
55298	55298	55298	RNF121	ringfingerprotein121	
55299	55299	55299	BXDC2	brixdomaincontaining2	
553	553	553	AVPR1B	argininevasopressinreceptor1B	
5530	5530	5530	PPP3CA	proteinphosphatase3(formerly2B),catalyticsubunit,alphaisoform	
55301	55301	55301	OLAH	oleoyl-ACPhydrolase	
55303	55303	55303	GIMAP4	GTPase,IMAPfamilymember4	
55304	55304	55304	SPTLC3	serinepalmitoyltransferase,longchainbasesubunit3	
55308	55308	55308	DDX19A	DEAD(Asp-Glu-Ala-As)boxpolypeptide19A	
5531	5531	5531	PPP4C	proteinphosphatase4(formerlyX),catalyticsubunit	
55311	55311	55311	ZNF444	zincfingerprotein444	
553115	553115	553115	PEF1	penta-EF-handdomaincontaining1	
55312	55312	55312	RFK	riboflavinkinase	
55313	55313	55313	CPPED1	calcineurin-likephosphoesterasedomaincontaining1	
55314	55314	55314	TMEM144	transmembraneprotein144	
55315	55315	55315	SLC29A3	solutecarrierfamily29(nucleosidetransporters),member3	
55316	55316	55316	RSAD1	radicalS-adenosylmethioninedomaincontaining1	
55317	55317	55317	C20orf29	chromosome20openreadingframe29	
55319	55319	55319	C4orf43	chromosome4openreadingframe43	
5532	5532	5532	PPP3CB	proteinphosphatase3(formerly2B),catalyticsubunit,betaisoform	
55320	55320	55320	C14orf106	chromosome14openreadingframe106	
55321	55321	55321	C20orf46	chromosome20openreadingframe46	
55323	55323	55323	LARP6	Laribonucleoproteindomainfamily,member6	
55324	55324	55324	ABCF3	ATP-bindingcassette,sub-familyF(GCN20),member3	
55325	55325	55325	UFSP2	UFM1-specificpeptidase2	
55326	55326	55326	AGPAT5	1-acylglycerol-3-phosphateO-acyltransferase5(lysophosphatidicacidacyltransferase,epsilon)	
55327	55327	55327	LIN7C	lin-7homologC(C.elegans)	
55328	55328	55328	RNLS	renalase,FAD-dependentamineoxidase	
55329	55329	55329	MNS1	meiosis-specificnuclearstructural1	
5533	5533	5533	PPP3CC	proteinphosphatase3(formerly2B),catalyticsubunit,gammaisoform	
55332	55332	55332	DRAM1	DNA-damageregulatedautophagymodulator1	
55333	55333	55333	SYNJ2BP	synaptojanin2bindingprotein	
55334	55334	55334	SLC39A9	solutecarrierfamily39(zinctransporter),member9	
55335	55335	55335	NIPSNAP3B	nipsnaphomolog3B(C.elegans)	
55336	55336	55336	FBXL8	F-boxandleucine-richrepeatprotein8	
55337	55337	55337	C19orf66	chromosome19openreadingframe66	
5534	5534	5534	PPP3R1	proteinphosphatase3(formerly2B),regulatorysubunitB,alphaisoform	
55340	55340	55340	GIMAP5	GTPase,IMAPfamilymember5	
55341	55341	55341	LSG1	largesubunitGTPase1homolog(S.cerevisiae)	
55343	55343	55343	SLC35C1	solutecarrierfamily35,memberC1	
55346	55346	55346	TCP11L1	t-complex11(mouse)-like1	
55347	55347	55347	ABHD10	abhydrolasedomaincontaining10	
55350	55350	55350	VNN3	vanin3	
55351	55351	55351	STK32B	serine/threoninekinase32B	
55353	55353	55353	LAPTM4B	lysosomalproteintransmembrane4beta	
55355	55355	55355	HJURP	Hollidayjunctionrecognitionprotein	
55357	55357	55357	TBC1D2	TBC1domainfamily,member2	
55359	55359	55359	STYK1	serine/threonine/tyrosinekinase1	
5536	5536	5536	PPP5C	proteinphosphatase5,catalyticsubunit	
55361	55361	55361	PI4K2A	phosphatidylinositol4-kinasetype2alpha	
55364	55364	55364	IMPACT	Impacthomolog(mouse)	
55365	55365	55365	TMEM176A	transmembraneprotein176A	
55366	55366	55366	LGR4	leucine-richrepeat-containingGprotein-coupledreceptor4	
55367	55367	55367	LRDD	leucine-richrepeatsanddeathdomaincontaining	
5537	5537	5537	PPP6C	proteinphosphatase6,catalyticsubunit	
55374	55374	55374	TMCO6	transmembraneandcoiled-coildomains6	
55379	55379	55379	LRRC59	leucinerichrepeatcontaining59	
5538	5538	5538	PPT1	palmitoyl-proteinthioesterase1	
55384	55384	55384	MEG3	maternallyexpressed3(non-proteincoding)	
55388	55388	55388	MCM10	minichromosomemaintenancecomplexcomponent10	
5539	5539	5539	PPY	pancreaticpolypeptide	
554	554	554	AVPR2	argininevasopressinreceptor2	
5540	5540	5540	PPYR1	pancreaticpolypeptidereceptor1	
55410	55410	55410	CYorf14	chromosomeYopenreadingframe14	
55421	55421	55421	C17orf85	chromosome17openreadingframe85	
55422	55422	55422	ZNF331	zincfingerprotein331	
55423	55423	55423	SIRPG	signal-regulatoryproteingamma	
55425	55425	55425	KIAA1704	KIAA1704	
55432	55432	55432	YOD1	YOD1OTUdeubiquinatingenzyme1homolog(S.cerevisiae)	
55435	55435	55435	C4orf16	chromosome4openreadingframe16	
5544	5544	5544	PRB3	proline-richproteinBstNIsubfamily3	
5545	5545	5545	PRB4	proline-richproteinBstNIsubfamily4	
55454	55454	55454	CSGALNACT2	chondroitinsulfateN-acetylgalactosaminyltransferase2	
5546	5546	5546	PRCC	papillaryrenalcellcarcinoma(translocation-associated)	
5547	5547	5547	PRCP	prolylcarboxypeptidase(angiotensinaseC)	
55471	55471	55471	C2orf56	chromosome2openreadingframe56	
55486	55486	55486	PARL	presenilinassociated,rhomboid-like	
5549	5549	5549	PRELP	proline/arginine-richendleucine-richrepeatprotein	
5550	5550	5550	PREP	prolylendopeptidase	
55500	55500	55500	ETNK1	ethanolaminekinase1	
55501	55501	55501	CHST12	carbohydrate(chondroitin4)sulfotransferase12	
55503	55503	55503	TRPV6	transientreceptorpotentialcationchannel,subfamilyV,member6	
55505	55505	55505	NOP10	NOP10ribonucleoproteinhomolog(yeast)	
55506	55506	55506	H2AFY2	H2Ahistonefamily,memberY2	
55507	55507	55507	GPRC5D	Gprotein-coupledreceptor,familyC,group5,memberD	
55508	55508	55508	SLC35E3	solutecarrierfamily35,memberE3	
55509	55509	55509	BATF3	basicleucinezippertranscriptionfactor,ATF-like3	
5551	5551	5551	PRF1	perforin1(poreformingprotein)	
55510	55510	55510	DDX43	DEAD(Asp-Glu-Ala-Asp)boxpolypeptide43	
55511	55511	55511	SAGE1	sarcomaantigen1	
55512	55512	55512	SMPD3	sphingomyelinphosphodiesterase3,neutralmembrane(neutralsphingomyelinaseII)	
55515	55515	55515	ACCN4	amiloride-sensitivecationchannel4,pituitary	
5552	5552	5552	SRGN	serglycin	
55520	55520	55520	ELAC1	elaChomolog1(E.coli)	
55521	55521	55521	TRIM36	tripartitemotif-containing36	
55526	55526	55526	DHTKD1	dehydrogenaseE1andtransketolasedomaincontaining1	
5553	5553	5553	PRG2	proteoglycan2,bonemarrow(naturalkillercellactivator,eosinophilgranulemajorbasicprotein)	
55532	55532	55532	SLC30A10	solutecarrierfamily30,member10	
55539	55539	55539	KCNQ1DN	KCNQ1downstreamneighbor	
55540	55540	55540	IL17RB	interleukin17receptorB	
55544	55544	55544	RBM38	RNAbindingmotifprotein38	
55554	55554	55554	KLK15	kallikrein-relatedpeptidase15	
55556	55556	55556	ENOSF1	enolasesuperfamilymember1	
55558	55558	55558	PLXNA3	plexinA3	
55559	55559	55559	HAUS7	HAUSaugmin-likecomplex,subunit7	
55565	55565	55565	ZNF821	zincfingerprotein821	
55567	55567	55567	DNAH3	dynein,axonemal,heavychain3	
55568	55568	55568	GALNT10	UDP-N-acetyl-alpha-D-galactosamine:polypeptideN-acetylgalactosaminyltransferase10(GalNAc-T10)	
5557	5557	5557	PRIM1	primase,DNA,polypeptide1(49kDa)	
55573	55573	55573	CDV3	CDV3homolog(mouse)	
55576	55576	55576	STAB2	stabilin2	
55577	55577	55577	NAGK	N-acetylglucosaminekinase	
55578	55578	55578	FAM48A	familywithsequencesimilarity48,memberA	
5558	5558	5558	PRIM2	primase,DNA,polypeptide2(58kDa)	
55584	55584	55584	CHRNA9	cholinergicreceptor,nicotinic,alpha9	
55585	55585	55585	UBE2Q1	ubiquitin-conjugatingenzymeE2Qfamilymember1	
55589	55589	55589	BMP2K	BMP2induciblekinase	
55592	55592	55592	GOLGA2L1	golgiautoantigen,golginsubfamilya,2-like1	
55596	55596	55596	ZCCHC8	zincfinger,CCHCdomaincontaining8	
55601	55601	55601	DDX60	DEAD(Asp-Glu-Ala-Asp)boxpolypeptide60	
55602	55602	55602	CDKN2AIP	CDKN2Ainteractingprotein	
55603	55603	55603	FAM46A	familywithsequencesimilarity46,memberA	
55604	55604	55604	LRRC16A	leucinerichrepeatcontaining16A	
55607	55607	55607	PPP1R9A	proteinphosphatase1,regulatory(inhibitor)subunit9A	
55608	55608	55608	ANKRD10	ankyrinrepeatdomain10	
55611	55611	55611	OTUB1	OTUdomain,ubiquitinaldehydebinding1	
55612	55612	55612	FERMT1	fermitinfamilyhomolog1(Drosophila)	
55613	55613	55613	MTMR8	myotubularinrelatedprotein8	
55614	55614	55614	KIF16B	kinesinfamilymember16B	
55615	55615	55615	PRR5	prolinerich5(renal)	
55616	55616	55616	ASAP3	ArfGAPwithSH3domain,ankyrinrepeatandPHdomain3	
55617	55617	55617	TASP1	taspase,threonineaspartase,1	
55619	55619	55619	DOCK10	dedicatorofcytokinesis10	
5562	5562	5562	PRKAA1	proteinkinase,AMP-activated,alpha1catalyticsubunit	
55620	55620	55620	STAP2	signaltransducingadaptorfamilymember2	
55621	55621	55621	TRMT1	TRM1tRNAmethyltransferase1homolog(S.cerevisiae)	
55622	55622	55622	TTC27	tetratricopeptiderepeatdomain27	
55623	55623	55623	THUMPD1	THUMPdomaincontaining1	
55624	55624	55624	POMGNT1	proteinO-linkedmannosebeta1,2-N-acetylglucosaminyltransferase	
55625	55625	55625	ZDHHC7	zincfinger,DHHC-typecontaining7	
55626	55626	55626	AMBRA1	autophagy/beclin-1regulator1	
55628	55628	55628	ZNF407	zincfingerprotein407	
55629	55629	55629	PNRC2	proline-richnuclearreceptorcoactivator2	
5563	5563	5563	PRKAA2	proteinkinase,AMP-activated,alpha2catalyticsubunit	
55630	55630	55630	SLC39A4	solutecarrierfamily39(zinctransporter),member4	
55631	55631	55631	LRRC40	leucinerichrepeatcontaining40	
55633	55633	55633	TBC1D22B	TBC1domainfamily,member22B	
55634	55634	55634	ZNF673	zincfingerfamilymember673	
55636	55636	55636	CHD7	chromodomainhelicaseDNAbindingprotein7	
55638	55638	55638	GOLSYN	Golgi-localizedprotein	
5564	5564	5564	PRKAB1	proteinkinase,AMP-activated,beta1non-catalyticsubunit	
55640	55640	55640	FLVCR2	felineleukemiavirussubgroupCcellularreceptorfamily,member2	
55643	55643	55643	BTBD2	BTB(POZ)domaincontaining2	
55644	55644	55644	OSGEP	O-sialoglycoproteinendopeptidase	
55647	55647	55647	RAB20	RAB20,memberRASoncogenefamily	
5565	5565	5565	PRKAB2	proteinkinase,AMP-activated,beta2non-catalyticsubunit	
55650	55650	55650	PIGV	phosphatidylinositolglycananchorbiosynthesis,classV	
55651	55651	55651	NHP2	NHP2ribonucleoproteinhomolog(yeast)	
55652	55652	55652	SLC48A1	solutecarrierfamily48(hemetransporter),member1	
55653	55653	55653	BCAS4	breastcarcinomaamplifiedsequence4	
55654	55654	55654	TMEM127	transmembraneprotein127	
55655	55655	55655	NLRP2	NLRfamily,pyrindomaincontaining2	
55656	55656	55656	INTS8	integratorcomplexsubunit8	
55657	55657	55657	ZNF692	zincfingerprotein692	
55658	55658	55658	RNF126	ringfingerprotein126	
5566	5566	5566	PRKACA	proteinkinase,cAMP-dependent,catalytic,alpha	
55660	55660	55660	PRPF40A	PRP40pre-mRNAprocessingfactor40homologA(S.cerevisiae)	
55661	55661	55661	DDX27	DEAD(Asp-Glu-Ala-Asp)boxpolypeptide27	
55662	55662	55662	HIF1AN	hypoxiainduciblefactor1,alphasubunitinhibitor	
55663	55663	55663	ZNF446	zincfingerprotein446	
55664	55664	55664	CDC37L1	celldivisioncycle37homolog(S.cerevisiae)-like1	
55665	55665	55665	URG4	up-regulatedgene4	
55666	55666	55666	NPLOC4	nuclearproteinlocalization4homolog(S.cerevisiae)	
55667	55667	55667	DENND4C	DENN/MADDdomaincontaining4C	
55668	55668	55668	C14orf118	chromosome14openreadingframe118	
55669	55669	55669	MFN1	mitofusin1	
5567	5567	5567	PRKACB	proteinkinase,cAMP-dependent,catalytic,beta	
55670	55670	55670	PEX26	peroxisomalbiogenesisfactor26	
55671	55671	55671	SMEK1	SMEKhomolog1,suppressorofmek1(Dictyostelium)	
55679	55679	55679	LIMS2	LIMandsenescentcellantigen-likedomains2	
5568	5568	5568	PRKACG	proteinkinase,cAMP-dependent,catalytic,gamma	
55681	55681	55681	SCYL2	SCY1-like2(S.cerevisiae)	
55683	55683	55683	KIAA1310	KIAA1310	
55686	55686	55686	MREG	melanoregulin	
55687	55687	55687	TRMU	tRNA5-methylaminomethyl-2-thiouridylatemethyltransferase	
55689	55689	55689	YEATS2	YEATSdomaincontaining2	
5569	5569	5569	PKIA	proteinkinase(cAMP-dependent,catalytic)inhibitoralpha	
55690	55690	55690	PACS1	phosphofurinacidicclustersortingprotein1	
55691	55691	55691	FRMD4A	FERMdomaincontaining4A	
55692	55692	55692	LUC7L	LUC7-like(S.cerevisiae)	
55693	55693	55693	KDM4D	lysine(K)-specificdemethylase4D	
55695	55695	55695	NSUN5	NOL1/NOP2/Sundomainfamily,member5	
55696	55696	55696	RBM22	RNAbindingmotifprotein22	
55697	55697	55697	VAC14	Vac14homolog(S.cerevisiae)	
55699	55699	55699	IARS2	isoleucyl-tRNAsynthetase2,mitochondrial	
55700	55700	55700	MAP7D1	MAP7domaincontaining1	
55701	55701	55701	FLJ10357	hypotheticalproteinFLJ10357	
55702	55702	55702	CCDC94	coiled-coildomaincontaining94	
55703	55703	55703	POLR3B	polymerase(RNA)III(DNAdirected)polypeptideB	
55704	55704	55704	CCDC88A	coiled-coildomaincontaining88A	
55706	55706	55706	TMEM48	transmembraneprotein48	
55707	55707	55707	NECAP2	NECAPendocytosisassociated2	
55709	55709	55709	KBTBD4	kelchrepeatandBTB(POZ)domaincontaining4	
5571	5571	5571	PRKAG1	proteinkinase,AMP-activated,gamma1non-catalyticsubunit	
55711	55711	55711	FAR2	fattyacylCoAreductase2	
55713	55713	55713	ZNF334	zincfingerprotein334	
55714	55714	55714	ODZ3	odz,oddOz/ten-mhomolog3(Drosophila)	
55715	55715	55715	DOK4	dockingprotein4	
55716	55716	55716	LMBR1L	limbregion1homolog(mouse)-like	
55717	55717	55717	BRWD2	bromodomainandWDrepeatdomaincontaining2	
55718	55718	55718	POLR3E	polymerase(RNA)III(DNAdirected)polypeptideE(80kD)	
55719	55719	55719	FAM178A	familywithsequencesimilarity178,memberA	
55720	55720	55720	TSR1	TSR1,20SrRNAaccumulation,homolog(S.cerevisiae)	
55721	55721	55721	IQCC	IQmotifcontainingC	
55722	55722	55722	CEP72	centrosomalprotein72kDa	
55723	55723	55723	ASF1B	ASF1anti-silencingfunction1homologB(S.cerevisiae)	
55726	55726	55726	C12orf11	chromosome12openreadingframe11	
55727	55727	55727	BTBD7	BTB(POZ)domaincontaining7	
55729	55729	55729	ATF7IP	activatingtranscriptionfactor7interactingprotein	
5573	5573	5573	PRKAR1A	proteinkinase,cAMP-dependent,regulatory,typeI,alpha(tissuespecificextinguisher1)	
55731	55731	55731	C17orf63	chromosome17openreadingframe63	
55732	55732	55732	C1orf112	chromosome1openreadingframe112	
55733	55733	55733	HHAT	hedgehogacyltransferase	
55734	55734	55734	ZFP64	zincfingerprotein64homolog(mouse)	
55735	55735	55735	DNAJC11	DnaJ(Hsp40)homolog,subfamilyC,member11	
55737	55737	55737	VPS35	vacuolarproteinsorting35homolog(S.cerevisiae)	
55738	55738	55738	ARFGAP1	ADP-ribosylationfactorGTPaseactivatingprotein1	
55739	55739	55739	CARKD	carbohydratekinasedomaincontaining	
55740	55740	55740	ENAH	enabledhomolog(Drosophila)	
55741	55741	55741	EDEM2	ERdegradationenhancer,mannosidasealpha-like2	
55742	55742	55742	PARVA	parvin,alpha	
55743	55743	55743	CHFR	checkpointwithforkheadandringfingerdomains	
55744	55744	55744	C7orf44	chromosome7openreadingframe44	
55745	55745	55745	MUDENG	MU-2/AP1M2domaincontaining,death-inducing	
55746	55746	55746	NUP133	nucleoporin133kDa	
55748	55748	55748	CNDP2	CNDPdipeptidase2(metallopeptidaseM20family)	
5575	5575	5575	PRKAR1B	proteinkinase,cAMP-dependent,regulatory,typeI,beta	
55750	55750	55750	AGK	acylglycerolkinase	
55751	55751	55751	TMEM184C	transmembraneprotein184C	
55752	55752	55752	SEPT11	septin11	
55753	55753	55753	OGDHL	oxoglutaratedehydrogenase-like	
55754	55754	55754	TMEM30A	transmembraneprotein30A	
55755	55755	55755	CDK5RAP2	CDK5regulatorysubunitassociatedprotein2	
55756	55756	55756	INTS9	integratorcomplexsubunit9	
55757	55757	55757	UGGT2	UDP-glucoseglycoproteinglucosyltransferase2	
55758	55758	55758	RCOR3	RESTcorepressor3	
55759	55759	55759	WDR12	WDrepeatdomain12	
5576	5576	5576	PRKAR2A	proteinkinase,cAMP-dependent,regulatory,typeII,alpha	
55760	55760	55760	DHX32	DEAH(Asp-Glu-Ala-His)boxpolypeptide32	
55762	55762	55762	ZNF701	zincfingerprotein701	
55763	55763	55763	EXOC1	exocystcomplexcomponent1	
55764	55764	55764	IFT122	intraflagellartransport122homolog(Chlamydomonas)	
55766	55766	55766	H2AFJ	H2Ahistonefamily,memberJ	
55768	55768	55768	NGLY1	N-glycanase1	
55769	55769	55769	ZNF83	zincfingerprotein83	
5577	5577	5577	PRKAR2B	proteinkinase,cAMP-dependent,regulatory,typeII,beta	
55770	55770	55770	EXOC2	exocystcomplexcomponent2	
55775	55775	55775	TDP1	tyrosyl-DNAphosphodiesterase1	
55776	55776	55776	C6orf64	chromosome6openreadingframe64	
55778	55778	55778	ZNF839	zincfingerprotein839	
5578	5578	5578	PRKCA	proteinkinaseC,alpha	
55781	55781	55781	RIOK2	RIOkinase2(yeast)	
55785	55785	55785	FGD6	FYVE,RhoGEFandPHdomaincontaining6	
55786	55786	55786	ZNF415	zincfingerprotein415	
55787	55787	55787	CXorf15	chromosomeXopenreadingframe15	
55788	55788	55788	LMBRD1	LMBR1domaincontaining1	
5579	5579	5579	PRKCB	proteinkinaseC,beta	
55790	55790	55790	CSGALNACT1	chondroitinsulfateN-acetylgalactosaminyltransferase1	
55791	55791	55791	C1orf103	chromosome1openreadingframe103	
55793	55793	55793	FAM63A	familywithsequencesimilarity63,memberA	
55794	55794	55794	DDX28	DEAD(Asp-Glu-Ala-Asp)boxpolypeptide28	
55795	55795	55795	PCID2	PCIdomaincontaining2	
55796	55796	55796	MBNL3	muscleblind-like3(Drosophila)	
55799	55799	55799	CACNA2D3	calciumchannel,voltage-dependent,alpha2/deltasubunit3	
558	558	558	AXL	AXLreceptortyrosinekinase	
5580	5580	5580	PRKCD	proteinkinaseC,delta	
55800	55800	55800	SCN3B	sodiumchannel,voltage-gated,typeIII,beta	
55801	55801	55801	IL26	interleukin26	
55802	55802	55802	DCP1A	DCP1decappingenzymehomologA(S.cerevisiae)	
55803	55803	55803	ADAP2	ArfGAPwithdualPHdomains2	
55805	55805	55805	LRP2BP	LRP2bindingprotein	
55806	55806	55806	HR	hairlesshomolog(mouse)	
5581	5581	5581	PRKCE	proteinkinaseC,epsilon	
55810	55810	55810	FOXJ2	forkheadboxJ2	
55811	55811	55811	ADCY10	adenylatecyclase10(soluble)	
55812	55812	55812	SPATA7	spermatogenesisassociated7	
55813	55813	55813	UTP6	UTP6,smallsubunit(SSU)processomecomponent,homolog(yeast)	
55815	55815	55815	TSNAXIP1	translin-associatedfactorXinteractingprotein1	
55816	55816	55816	DOK5	dockingprotein5	
55818	55818	55818	KDM3A	lysine(K)-specificdemethylase3A	
55819	55819	55819	RNF130	ringfingerprotein130	
5582	5582	5582	PRKCG	proteinkinaseC,gamma	
55821	55821	55821	ALLC	allantoicase	
55823	55823	55823	VPS11	vacuolarproteinsorting11homolog(S.cerevisiae)	
55825	55825	55825	PECR	peroxisomaltrans-2-enoyl-CoAreductase	
55827	55827	55827	DCAF6	DDB1andCUL4associatedfactor6	
5583	5583	5583	PRKCH	proteinkinaseC,eta	
55830	55830	55830	GLT8D1	glycosyltransferase8domaincontaining1	
55831	55831	55831	TMEM111	transmembraneprotein111	
55832	55832	55832	CAND1	cullin-associatedandneddylation-dissociated1	
55833	55833	55833	UBAP2	ubiquitinassociatedprotein2	
55835	55835	55835	CENPJ	centromereproteinJ	
55837	55837	55837	EAPP	E2F-associatedphosphoprotein	
55839	55839	55839	CENPN	centromereproteinN	
5584	5584	5584	PRKCI	proteinkinaseC,iota	
55840	55840	55840	EAF2	ELLassociatedfactor2	
55841	55841	55841	WWC3	WWCfamilymember3	
55843	55843	55843	ARHGAP15	RhoGTPaseactivatingprotein15	
55844	55844	55844	PPP2R2D	proteinphosphatase2,regulatorysubunitB,deltaisoform	
55846	55846	55846	ITFG2	integrinalphaFG-GAPrepeatcontaining2	
55847	55847	55847	CISD1	CDGSHironsulfurdomain1	
55848	55848	55848	C9orf46	chromosome9openreadingframe46	
55849	55849	55849	ALG13	asparagine-linked glycosylation 13 homolog (S. cerevisiae)	
5585	5585	5585	PKN1	proteinkinaseN1	
55850	55850	55850	USE1	unconventionalSNAREintheER1homolog(S.cerevisiae)	
55851	55851	55851	PSENEN	presenilinenhancer2homolog(C.elegans)	
55852	55852	55852	TEX2	testisexpressed2	
55853	55853	55853	C10orf110	chromosome10openreadingframe110	
55854	55854	55854	ZC3H15	zincfingerCCCH-typecontaining15	
55856	55856	55856	ACOT13	acyl-CoAthioesterase13	
55857	55857	55857	C20orf19	chromosome20openreadingframe19	
55858	55858	55858	TMEM165	transmembraneprotein165	
55859	55859	55859	BEX1	brainexpressed,X-linked1	
5586	5586	5586	PKN2	proteinkinaseN2	
55860	55860	55860	ACTR10	actin-relatedprotein10homolog(S.cerevisiae)	
55861	55861	55861	DBNDD2	dysbindin(dystrobrevinbindingprotein1)domaincontaining2	
55862	55862	55862	ECHDC1	enoylCoenzymeAhydratasedomaincontaining1	
55863	55863	55863	TMEM126B	transmembraneprotein126B	
55867	55867	55867	SLC22A11	solutecarrierfamily22(organicanion/uratetransporter),member11	
5587	5587	5587	PRKD1	proteinkinaseD1	
55870	55870	55870	ASH1L	ash1(absent,small,orhomeotic)-like(Drosophila)	
55872	55872	55872	PBK	PDZbindingkinase	
55876	55876	55876	GSDMB	gasderminB	
55879	55879	55879	GABRQ	gamma-aminobutyricacid(GABA)receptor,theta	
5588	5588	5588	PRKCQ	proteinkinaseC,theta	
55884	55884	55884	WSB2	WDrepeatandSOCSbox-containing2	
55885	55885	55885	LMO3	LIMdomainonly3(rhombotin-like2)	
55888	55888	55888	ZNF167	zincfingerprotein167	
5589	5589	5589	PRKCSH	proteinkinaseCsubstrate80K-H	
55890	55890	55890	GPRC5C	Gprotein-coupledreceptor,familyC,group5,memberC	
55891	55891	55891	LENEP	lensepithelialprotein	
55892	55892	55892	MYNN	myoneurin	
55893	55893	55893	ZNF395	zincfingerprotein395	
55898	55898	55898	UNC45A	unc-45homologA(C.elegans)	
5590	5590	5590	PRKCZ	proteinkinaseC,zeta	
55900	55900	55900	ZNF302	zincfingerprotein302	
55905	55905	55905	RNF114	ringfingerprotein114	
55906	55906	55906	ZC4H2	zincfinger,C4H2domaincontaining	
55907	55907	55907	CMAS	cytidinemonophosphateN-acetylneuraminicacidsynthetase	
55908	55908	55908	LOC55908	hepatocellularcarcinoma-associatedgeneTD26	
55909	55909	55909	BIN3	bridgingintegrator3	
5591	5591	5591	PRKDC	proteinkinase,DNA-activated,catalyticpolypeptide	
55911	55911	55911	APOB48R	apolipoproteinB48receptor	
55914	55914	55914	ERBB2IP	erbb2interactingprotein	
55915	55915	55915	LANCL2	LanClantibioticsynthetasecomponentC-like2(bacterial)	
55916	55916	55916	NXT2	nucleartransportfactor2-likeexportfactor2	
5592	5592	5592	PRKG1	proteinkinase,cGMP-dependent,typeI	
55922	55922	55922	NKRF	NFKBrepressingfactor	
55924	55924	55924	C1orf183	chromosome1openreadingframe183	
5593	5593	5593	PRKG2	proteinkinase,cGMP-dependent,typeII	
55930	55930	55930	MYO5C	myosinVC	
55937	55937	55937	APOM	apolipoproteinM	
5594	5594	5594	MAPK1	mitogen-activatedproteinkinase1	
5595	5595	5595	MAPK3	mitogen-activatedproteinkinase3	
55954	55954	55954	ZMAT5	zincfinger,matrintype5	
55957	55957	55957	LIN37	lin-37homolog(C.elegans)	
55958	55958	55958	KLHL9	kelch-like9(Drosophila)	
5596	5596	5596	MAPK4	mitogen-activatedproteinkinase4	
55966	55966	55966	AJAP1	adherensjunctionsassociatedprotein1	
55968	55968	55968	NSFL1C	NSFL1(p97)cofactor(p47)	
55969	55969	55969	C20orf24	chromosome20openreadingframe24	
5597	5597	5597	MAPK6	mitogen-activatedproteinkinase6	
55970	55970	55970	GNG12	guaninenucleotidebindingprotein(Gprotein),gamma12	
55972	55972	55972	SLC25A40	solutecarrierfamily25,member40	
55973	55973	55973	BCAP29	B-cellreceptor-associatedprotein29	
55974	55974	55974	RAG1AP1	recombinationactivatinggene1activatingprotein1	
55975	55975	55975	KLHL7	kelch-like7(Drosophila)	
5598	5598	5598	MAPK7	mitogen-activatedproteinkinase7	
5599	5599	5599	MAPK8	mitogen-activatedproteinkinase8	
56	56	56	ACRV1	acrosomalvesicleprotein1	
5600	5600	5600	MAPK11	mitogen-activatedproteinkinase11	
56000	56000	56000	NXF3	nuclearRNAexportfactor3	
56005	56005	56005	C19orf10	chromosome19openreadingframe10	
56006	56006	56006	C19orf61	chromosome19openreadingframe61	
5601	5601	5601	MAPK9	mitogen-activatedproteinkinase9	
5602	5602	5602	MAPK10	mitogen-activatedproteinkinase10	
5603	5603	5603	MAPK13	mitogen-activatedproteinkinase13	
56033	56033	56033	BARX1	BARXhomeobox1	
56034	56034	56034	PDGFC	plateletderivedgrowthfactorC	
5604	5604	5604	MAP2K1	mitogen-activatedproteinkinasekinase1	
5605	5605	5605	MAP2K2	mitogen-activatedproteinkinasekinase2	
5606	5606	5606	MAP2K3	mitogen-activatedproteinkinasekinase3	
56061	56061	56061	UBFD1	ubiquitinfamilydomaincontaining1	
56062	56062	56062	KLHL4	kelch-like4(Drosophila)	
5607	5607	5607	MAP2K5	mitogen-activatedproteinkinasekinase5	
5608	5608	5608	MAP2K6	mitogen-activatedproteinkinasekinase6	
5609	5609	5609	MAP2K7	mitogen-activatedproteinkinasekinase7	
5610	5610	5610	EIF2AK2	eukaryotictranslationinitiationfactor2-alphakinase2	
56100	56100	56100	PCDHGB6	protocadheringammasubfamilyB,6	
56101	56101	56101	PCDHGB5	protocadheringammasubfamilyB,5	
56105	56105	56105	PCDHGA11	protocadheringammasubfamilyA,11	
56106	56106	56106	PCDHGA10	protocadheringammasubfamilyA,10	
56107	56107	56107	PCDHGA9	protocadheringammasubfamilyA,9	
5611	5611	5611	DNAJC3	DnaJ(Hsp40)homolog,subfamilyC,member3	
56114	56114	56114	PCDHGA1	protocadheringammasubfamilyA,1	
5612	5612	5612	PRKRIR	protein-kinase,interferon-inducibledoublestrandedRNAdependentinhibitor,repressorof(P58repressor)	
56123	56123	56123	PCDHB13	protocadherinbeta13	
56124	56124	56124	PCDHB12	protocadherinbeta12	
56125	56125	56125	PCDHB11	protocadherinbeta11	
56128	56128	56128	PCDHB8	protocadherinbeta8	
5613	5613	5613	PRKX	proteinkinase,X-linked	
56130	56130	56130	PCDHB6	protocadherinbeta6	
56139	56139	56139	PCDHA10	protocadherinalpha10	
56142	56142	56142	PCDHA6	protocadherinalpha6	
56143	56143	56143	PCDHA5	protocadherinalpha5	
56145	56145	56145	PCDHA3	protocadherinalpha3	
56146	56146	56146	PCDHA2	protocadherinalpha2	
56154	56154	56154	TEX15	testisexpressed15	
56155	56155	56155	TEX14	testisexpressed14	
56156	56156	56156	TEX13B	testisexpressed13B	
56157	56157	56157	TEX13A	testisexpressed13A	
56158	56158	56158	TEX12	testisexpressed12	
56159	56159	56159	TEX11	testisexpressed11	
5616	5616	5616	PRKY	proteinkinase,Y-linked	
56163	56163	56163	RNF17	ringfingerprotein17	
56165	56165	56165	TDRD1	tudordomaincontaining1	
5617	5617	5617	PRL	prolactin	
56171	56171	56171	DNAH7	dynein,axonemal,heavychain7	
5618	5618	5618	PRLR	prolactinreceptor	
56180	56180	56180	MOSPD1	motilespermdomaincontaining1	
5619	5619	5619	PRM1	protamine1	
5620	5620	5620	PRM2	protamine2	
5621	5621	5621	PRNP	prionprotein	
5623	5623	5623	PSPN	persephin	
5624	5624	5624	PROC	proteinC(inactivatorofcoagulationfactorsVaandVIIIa)	
56242	56242	56242	ZNF253	zincfingerprotein253	
56244	56244	56244	BTNL2	butyrophilin-like2(MHCclassIIassociated)	
56245	56245	56245	C21orf62	chromosome21openreadingframe62	
5625	5625	5625	PRODH	prolinedehydrogenase(oxidase)1	
56252	56252	56252	YLPM1	YLPmotifcontaining1	
56253	56253	56253	CRTAM	cytotoxicandregulatoryTcellmolecule	
56255	56255	56255	TMX4	thioredoxin-relatedtransmembraneprotein4	
56257	56257	56257	MEPCE	methylphosphatecappingenzyme	
56259	56259	56259	CTNNBL1	catenin,betalike1	
5626	5626	5626	PROP1	PROPpaired-likehomeobox1	
56260	56260	56260	C8orf44	chromosome8openreadingframe44	
56267	56267	56267	CCBL2	cysteineconjugate-betalyase2	
56269	56269	56269	IRGC	immunity-relatedGTPasefamily,cinema	
5627	5627	5627	PROS1	proteinS(alpha)	
56270	56270	56270	WDR45L	WDR45-like	
56271	56271	56271	BEX4	brainexpressed,X-linked4	
56287	56287	56287	GKN1	gastrokine1	
56288	56288	56288	PARD3	par-3partitioningdefective3homolog(C.elegans)	
5629	5629	5629	PROX1	prosperohomeobox1	
563	563	563	AZGP1	alpha-2-glycoprotein1,zinc-binding	
5630	5630	5630	PRPH	peripherin	
56300	56300	56300	IL1F9	interleukin1family,member9	
56301	56301	56301	SLC7A10	solutecarrierfamily7,(neutralaminoacidtransporter,y+system)member10	
56302	56302	56302	TRPV5	transientreceptorpotentialcationchannel,subfamilyV,member5	
5631	5631	5631	PRPS1	phosphoribosylpyrophosphatesynthetase1	
56311	56311	56311	ANKRD7	ankyrinrepeatdomain7	
56339	56339	56339	METTL3	methyltransferaselike3	
5634	5634	5634	PRPS2	phosphoribosylpyrophosphatesynthetase2	
56341	56341	56341	PRMT8	proteinargininemethyltransferase8	
56342	56342	56342	PPAN	peterpanhomolog(Drosophila)	
56344	56344	56344	CABP5	calciumbindingprotein5	
5635	5635	5635	PRPSAP1	phosphoribosylpyrophosphatesynthetase-associatedprotein1	
5636	5636	5636	PRPSAP2	phosphoribosylpyrophosphatesynthetase-associatedprotein2	
5638	5638	5638	PRRG1	prolinerichGla(G-carboxyglutamicacid)1	
5639	5639	5639	PRRG2	prolinerichGla(G-carboxyglutamicacid)2	
5641	5641	5641	LGMN	legumain	
56413	56413	56413	LTB4R2	leukotrieneB4receptor2	
5644	5644	5644	PRSS1	protease,serine,1(trypsin1)	
5646	5646	5646	PRSS3	protease,serine,3	
56474	56474	56474	CTPS2	CTPsynthaseII	
56475	56475	56475	RPRM	reprimo,TP53dependentG2arrestmediatorcandidate	
56478	56478	56478	EIF4ENIF1	eukaryotictranslationinitiationfactor4Enuclearimportfactor1	
5648	5648	5648	MASP1	mannan-bindinglectinserinepeptidase1(C4/C2activatingcomponentofRa-reactivefactor)	
5649	5649	5649	RELN	reelin	
5650	5650	5650	KLK7	kallikrein-relatedpeptidase7	
5651	5651	5651	PRSS7	protease,serine,7(enterokinase)	
5652	5652	5652	PRSS8	protease,serine,8	
56521	56521	56521	DNAJC12	DnaJ(Hsp40)homolog,subfamilyC,member12	
5653	5653	5653	KLK6	kallikrein-relatedpeptidase6	
5654	5654	5654	HTRA1	HtrAserinepeptidase1	
56547	56547	56547	MMP26	matrixmetallopeptidase26	
56548	56548	56548	CHST7	carbohydrate(N-acetylglucosamine6-O)sulfotransferase7	
5655	5655	5655	KLK10	kallikrein-relatedpeptidase10	
5657	5657	5657	PRTN3	proteinase3	
566	566	566	AZU1	azurocidin1	
5660	5660	5660	PSAP	prosaposin	
56603	56603	56603	CYP26B1	cytochromeP450,family26,subfamilyB,polypeptide1	
56604	56604	56604	TUBB4Q	tubulin,betapolypeptide4,memberQ	
56605	56605	56605	ERO1LB	ERO1-likebeta(S.cerevisiae)	
56606	56606	56606	SLC2A9	solutecarrierfamily2(facilitatedglucosetransporter),member9	
56616	56616	56616	DIABLO	diablohomolog(Drosophila)	
5662	5662	5662	PSD	pleckstrinandSec7domaincontaining	
56623	56623	56623	INPP5E	inositolpolyphosphate-5-phosphatase,72kDa	
5663	5663	5663	PSEN1	presenilin1	
5664	5664	5664	PSEN2	presenilin2(Alzheimerdisease4)	
56647	56647	56647	BCCIP	BRCA2andCDKN1Ainteractingprotein	
56648	56648	56648	EIF5A2	eukaryotictranslationinitiationfactor5A2	
56649	56649	56649	TMPRSS4	transmembraneprotease,serine4	
56650	56650	56650	CLDND1	claudindomaincontaining1	
56652	56652	56652	C10orf2	chromosome10openreadingframe2	
56654	56654	56654	NPDC1	neuralproliferation,differentiationandcontrol,1	
56656	56656	56656	OR2S2	olfactoryreceptor,family2,subfamilyS,member2	
56659	56659	56659	KCNK13	potassiumchannel,subfamilyK,member13	
56660	56660	56660	KCNK12	potassiumchannel,subfamilyK,member12	
56667	56667	56667	MUC13	mucin13,cellsurfaceassociated	
56672	56672	56672	C11orf17	chromosome11openreadingframe17	
56673	56673	56673	C11orf16	chromosome11openreadingframe16	
56674	56674	56674	TMEM9B	TMEM9domainfamily,memberB	
56675	56675	56675	NRIP3	nuclearreceptorinteractingprotein3	
56676	56676	56676	ASCL3	achaete-scutecomplexhomolog3(Drosophila)	
56681	56681	56681	SAR1A	SAR1homologA(S.cerevisiae)	
56683	56683	56683	C21orf59	chromosome21openreadingframe59	
5669	5669	5669	PSG1	pregnancyspecificbeta-1-glycoprotein1	
567	567	567	B2M	beta-2-microglobulin	
5670	5670	5670	PSG2	pregnancyspecificbeta-1-glycoprotein2	
5671	5671	5671	PSG3	pregnancyspecificbeta-1-glycoprotein3	
5672	5672	5672	PSG4	pregnancyspecificbeta-1-glycoprotein4	
56729	56729	56729	RETN	resistin	
5673	5673	5673	PSG5	pregnancyspecificbeta-1-glycoprotein5	
56731	56731	56731	SLC2A4RG	SLC2A4regulator	
5675	5675	5675	PSG6	pregnancyspecificbeta-1-glycoprotein6	
5678	5678	5678	PSG9	pregnancyspecificbeta-1-glycoprotein9	
5680	5680	5680	PSG11	pregnancyspecificbeta-1-glycoprotein11	
5681	5681	5681	PSKH1	proteinserinekinaseH1	
5682	5682	5682	PSMA1	proteasome(prosome,macropain)subunit,alphatype,1	
56829	56829	56829	ZC3HAV1	zincfingerCCCH-type,antiviral1	
5683	5683	5683	PSMA2	proteasome(prosome,macropain)subunit,alphatype,2	
56833	56833	56833	SLAMF8	SLAMfamilymember8	
56834	56834	56834	GPR137	Gprotein-coupledreceptor137	
5684	5684	5684	PSMA3	proteasome(prosome,macropain)subunit,alphatype,3	
56848	56848	56848	SPHK2	sphingosinekinase2	
5685	5685	5685	PSMA4	proteasome(prosome,macropain)subunit,alphatype,4	
56851	56851	56851	C15orf24	chromosome15openreadingframe24	
5686	5686	5686	PSMA5	proteasome(prosome,macropain)subunit,alphatype,5	
5687	5687	5687	PSMA6	proteasome(prosome,macropain)subunit,alphatype,6	
5688	5688	5688	PSMA7	proteasome(prosome,macropain)subunit,alphatype,7	
56882	56882	56882	CDC42SE1	CDC42smalleffector1	
56886	56886	56886	UGGT1	UDP-glucoseglycoproteinglucosyltransferase1	
56888	56888	56888	KCMF1	potassiumchannelmodulatoryfactor1	
56889	56889	56889	TM9SF3	transmembrane9superfamilymember3	
5689	5689	5689	PSMB1	proteasome(prosome,macropain)subunit,betatype,1	
56890	56890	56890	MDM1	Mdm1nuclearproteinhomolog(mouse)	
56891	56891	56891	LGALS14	lectin,galactoside-binding,soluble,14	
56892	56892	56892	C8orf4	chromosome8openreadingframe4	
56894	56894	56894	AGPAT3	1-acylglycerol-3-phosphateO-acyltransferase3	
56895	56895	56895	AGPAT4	1-acylglycerol-3-phosphateO-acyltransferase4(lysophosphatidicacidacyltransferase,delta)	
56898	56898	56898	BDH2	3-hydroxybutyratedehydrogenase,type2	
56899	56899	56899	ANKS1B	ankyrinrepeatandsterilealphamotifdomaincontaining1B	
5690	5690	5690	PSMB2	proteasome(prosome,macropain)subunit,betatype,2	
56901	56901	56901	NDUFA4L2	NADHdehydrogenase(ubiquinone)1alphasubcomplex,4-like2	
56902	56902	56902	PNO1	partnerofNOB1homolog(S.cerevisiae)	
56903	56903	56903	PAPOLB	poly(A)polymerasebeta(testisspecific)	
56904	56904	56904	SH3GLB2	SH3-domainGRB2-likeendophilinB2	
56905	56905	56905	C15orf39	chromosome15openreadingframe39	
56906	56906	56906	THAP10	THAPdomaincontaining10	
5691	5691	5691	PSMB3	proteasome(prosome,macropain)subunit,betatype,3	
56910	56910	56910	STARD7	StAR-relatedlipidtransfer(START)domaincontaining7	
56911	56911	56911	C21orf7	chromosome21openreadingframe7	
56912	56912	56912	C11orf60	chromosome11openreadingframe60	
56913	56913	56913	C1GALT1	core1synthase,glycoprotein-N-acetylgalactosamine3-beta-galactosyltransferase,1	
56914	56914	56914	OTOR	otoraplin	
56915	56915	56915	EXOSC5	exosomecomponent5	
56918	56918	56918	C2orf83	chromosome2openreadingframe83	
5692	5692	5692	PSMB4	proteasome(prosome,macropain)subunit,betatype,4	
56920	56920	56920	SEMA3G	semadomain,immunoglobulindomain(Ig),shortbasicdomain,secreted,(semaphorin)3G	
56922	56922	56922	MCCC1	methylcrotonoyl-CoenzymeAcarboxylase1(alpha)	
56924	56924	56924	PAK6	p21protein(Cdc42/Rac)-activatedkinase6	
56925	56925	56925	LXN	latexin	
56926	56926	56926	NCLN	nicalinhomolog(zebrafish)	
56928	56928	56928	SPPL2B	signalpeptidepeptidase-like2B	
56929	56929	56929	FEM1C	fem-1homologc(C.elegans)	
5693	5693	5693	PSMB5	proteasome(prosome,macropain)subunit,betatype,5	
56934	56934	56934	CA10	carbonicanhydraseX	
56935	56935	56935	C11orf75	chromosome11openreadingframe75	
56936	56936	56936	C14orf162	chromosome14openreadingframe162	
56937	56937	56937	PMEPA1	prostatetransmembraneprotein,androgeninduced1	
56938	56938	56938	ARNTL2	arylhydrocarbonreceptornucleartranslocator-like2	
5694	5694	5694	PSMB6	proteasome(prosome,macropain)subunit,betatype,6	
56940	56940	56940	DUSP22	dualspecificityphosphatase22	
56941	56941	56941	C3orf37	chromosome3openreadingframe37	
56942	56942	56942	C16orf61	chromosome16openreadingframe61	
56943	56943	56943	ENY2	enhancerofyellow2homolog(Drosophila)	
56944	56944	56944	OLFML3	olfactomedin-like3	
56945	56945	56945	MRPS22	mitochondrialribosomalproteinS22	
56946	56946	56946	C11orf30	chromosome11openreadingframe30	
56947	56947	56947	MFF	mitochondrialfissionfactor	
56948	56948	56948	SDR39U1	shortchaindehydrogenase/reductasefamily39U,member1	
56949	56949	56949	XAB2	XPAbindingprotein2	
5695	5695	5695	PSMB7	proteasome(prosome,macropain)subunit,betatype,7	
56950	56950	56950	SMYD2	SETandMYNDdomaincontaining2	
56951	56951	56951	C5orf15	chromosome5openreadingframe15	
56953	56953	56953	NT5M	5',3'-nucleotidase,mitochondrial	
56954	56954	56954	NIT2	nitrilasefamily,member2	
56955	56955	56955	MEPE	matrixextracellularphosphoglycoprotein	
56957	56957	56957	OTUD7B	OTUdomaincontaining7B	
5696	5696	5696	PSMB8	proteasome(prosome,macropain)subunit,betatype,8(largemultifunctionalpeptidase7)	
56965	56965	56965	PARP6	poly(ADP-ribose)polymerasefamily,member6	
56967	56967	56967	C14orf132	chromosome14openreadingframe132	
56969	56969	56969	RPL23AP32	ribosomalproteinL23apseudogene32	
5697	5697	5697	PYY	peptideYY	
56979	56979	56979	PRDM9	PRdomaincontaining9	
5698	5698	5698	PSMB9	proteasome(prosome,macropain)subunit,betatype,9(largemultifunctionalpeptidase2)	
56980	56980	56980	PRDM10	PRdomaincontaining10	
56981	56981	56981	PRDM11	PRdomaincontaining11	
56983	56983	56983	KTELC1	KTEL(Lys-Tyr-Glu-Leu)containing1	
56984	56984	56984	PSMG2	proteasome(prosome,macropain)assemblychaperone2	
56985	56985	56985	C17orf48	chromosome17openreadingframe48	
56986	56986	56986	DTWD1	DTWdomaincontaining1	
56988	56988	56988	C8orf17	chromosome8openreadingframe17	
5699	5699	5699	PSMB10	proteasome(prosome,macropain)subunit,betatype,10	
56992	56992	56992	KIF15	kinesinfamilymember15	
56993	56993	56993	TOMM22	translocaseofoutermitochondrialmembrane22homolog(yeast)	
56994	56994	56994	CHPT1	cholinephosphotransferase1	
56995	56995	56995	TULP4	tubbylikeprotein4	
56996	56996	56996	SLC12A9	solutecarrierfamily12(potassium/chloridetransporters),member9	
56997	56997	56997	CABC1	chaperone,ABC1activityofbc1complexhomolog(S.pombe)	
56998	56998	56998	CTNNBIP1	catenin,betainteractingprotein1	
570	570	570	BAAT	bileacidCoenzymeA:aminoacidN-acyltransferase(glycineN-choloyltransferase)	
57001	57001	57001	ACN9	ACN9homolog(S.cerevisiae)	
57003	57003	57003	CCDC47	coiled-coildomaincontaining47	
57007	57007	57007	CXCR7	chemokine(C-X-Cmotif)receptor7	
5701	5701	5701	PSMC2	proteasome(prosome,macropain)26Ssubunit,ATPase,2	
57016	57016	57016	AKR1B10	aldo-ketoreductasefamily1,memberB10(aldosereductase)	
57017	57017	57017	COQ9	coenzymeQ9homolog(S.cerevisiae)	
57018	57018	57018	CCNL1	cyclinL1	
57019	57019	57019	CIAPIN1	cytokineinducedapoptosisinhibitor1	
5702	5702	5702	PSMC3	proteasome(prosome,macropain)26Ssubunit,ATPase,3	
57020	57020	57020	C16orf62	chromosome16openreadingframe62	
57030	57030	57030	SLC17A7	solutecarrierfamily17(sodium-dependentinorganicphosphatecotransporter),member7	
57035	57035	57035	C1orf63	chromosome1openreadingframe63	
57037	57037	57037	ANKMY2	ankyrinrepeatandMYNDdomaincontaining2	
5704	5704	5704	PSMC4	proteasome(prosome,macropain)26Ssubunit,ATPase,4	
57045	57045	57045	TWSG1	twistedgastrulationhomolog1(Drosophila)	
57047	57047	57047	PLSCR2	phospholipidscramblase2	
57048	57048	57048	PLSCR3	phospholipidscramblase3	
5705	5705	5705	PSMC5	proteasome(prosome,macropain)26Ssubunit,ATPase,5	
57050	57050	57050	UTP3	UTP3,smallsubunit(SSU)processomecomponent,homolog(S.cerevisiae)	
57051	57051	57051	NAG18	NAG18mRNA	
57053	57053	57053	CHRNA10	cholinergicreceptor,nicotinic,alpha10	
5706	5706	5706	PSMC6	proteasome(prosome,macropain)26Ssubunit,ATPase,6	
57060	57060	57060	PCBP4	poly(rC)bindingprotein4	
57061	57061	57061	HYMAI	hydatidiformmoleassociatedandimprinted(non-proteincoding)	
57062	57062	57062	DDX24	DEAD(Asp-Glu-Ala-Asp)boxpolypeptide24	
5707	5707	5707	PSMD1	proteasome(prosome,macropain)26Ssubunit,non-ATPase,1	
5708	5708	5708	PSMD2	proteasome(prosome,macropain)26Ssubunit,non-ATPase,2	
57084	57084	57084	SLC17A6	solutecarrierfamily17(sodium-dependentinorganicphosphatecotransporter),member6	
57088	57088	57088	PLSCR4	phospholipidscramblase4	
57089	57089	57089	ENTPD7	ectonucleosidetriphosphatediphosphohydrolase7	
5709	5709	5709	PSMD3	proteasome(prosome,macropain)26Ssubunit,non-ATPase,3	
57091	57091	57091	CASS4	Casscaffoldingproteinfamilymember4	
57092	57092	57092	PCNP	PESTproteolyticsignalcontainingnuclearprotein	
57096	57096	57096	RPGRIP1	retinitispigmentosaGTPaseregulatorinteractingprotein1	
57097	57097	57097	PARP11	poly(ADP-ribose)polymerasefamily,member11	
57099	57099	57099	AVEN	apoptosis,caspaseactivationinhibitor	
571	571	571	BACH1	BTBandCNChomology1,basicleucinezippertranscriptionfactor1	
5710	5710	5710	PSMD4	proteasome(prosome,macropain)26Ssubunit,non-ATPase,4	
57101	57101	57101	ANO2	anoctamin2	
57102	57102	57102	C12orf4	chromosome12openreadingframe4	
57103	57103	57103	C12orf5	chromosome12openreadingframe5	
57104	57104	57104	PNPLA2	patatin-likephospholipasedomaincontaining2	
57105	57105	57105	CYSLTR2	cysteinylleukotrienereceptor2	
57107	57107	57107	PDSS2	prenyl(decaprenyl)diphosphatesynthase,subunit2	
57109	57109	57109	REXO4	REX4,RNAexonuclease4homolog(S.cerevisiae)	
5711	5711	5711	PSMD5	proteasome(prosome,macropain)26Ssubunit,non-ATPase,5	
57110	57110	57110	HRASLS	HRAS-likesuppressor	
57111	57111	57111	RAB25	RAB25,memberRASoncogenefamily	
57113	57113	57113	TRPC7	transientreceptorpotentialcationchannel,subfamilyC,member7	
57115	57115	57115	PGLYRP4	peptidoglycanrecognitionprotein4	
57117	57117	57117	INTS12	integratorcomplexsubunit12	
57118	57118	57118	CAMK1D	calcium/calmodulin-dependentproteinkinaseID	
57119	57119	57119	SPINLW1	serinepeptidaseinhibitor-like,withKunitzandWAPdomains1(eppin)	
57122	57122	57122	NUP107	nucleoporin107kDa	
57124	57124	57124	CD248	CD248molecule,endosialin	
57125	57125	57125	PLXDC1	plexindomaincontaining1	
57126	57126	57126	CD177	CD177molecule	
57127	57127	57127	RHBG	Rhfamily,Bglycoprotein(gene/pseudogene)	
57128	57128	57128	LYRM4	LYRmotifcontaining4	
5713	5713	5713	PSMD7	proteasome(prosome,macropain)26Ssubunit,non-ATPase,7	
57130	57130	57130	ATP13A1	ATPasetype13A1	
57132	57132	57132	CHMP1B	chromatinmodifyingprotein1B	
57134	57134	57134	MAN1C1	mannosidase,alpha,class1C,member1	
57136	57136	57136	C20orf3	chromosome20openreadingframe3	
5714	5714	5714	PSMD8	proteasome(prosome,macropain)26Ssubunit,non-ATPase,8	
57140	57140	57140	RNPEPL1	arginylaminopeptidase(aminopeptidaseB)-like1	
57142	57142	57142	RTN4	reticulon4	
57144	57144	57144	PAK7	p21protein(Cdc42/Rac)-activatedkinase7	
57146	57146	57146	TMEM159	transmembraneprotein159	
57147	57147	57147	SCYL3	SCY1-like3(S.cerevisiae)	
57148	57148	57148	KIAA1219	KIAA1219	
57149	57149	57149	LYRM1	LYRmotifcontaining1	
5715	5715	5715	PSMD9	proteasome(prosome,macropain)26Ssubunit,non-ATPase,9	
57150	57150	57150	C6orf162	chromosome6openreadingframe162	
57151	57151	57151	LYZL6	lysozyme-like6	
57152	57152	57152	SLURP1	secretedLY6/PLAURdomaincontaining1	
57154	57154	57154	SMURF1	SMADspecificE3ubiquitinproteinligase1	
57157	57157	57157	PHTF2	putativehomeodomaintranscriptionfactor2	
57158	57158	57158	JPH2	junctophilin2	
5716	5716	5716	PSMD10	proteasome(prosome,macropain)26Ssubunit,non-ATPase,10	
57161	57161	57161	PELI2	pellinohomolog2(Drosophila)	
57162	57162	57162	PELI1	pellinohomolog1(Drosophila)	
57165	57165	57165	GJC2	gapjunctionprotein,gamma2,47kDa	
5717	5717	5717	PSMD11	proteasome(prosome,macropain)26Ssubunit,non-ATPase,11	
57171	57171	57171	DOLPP1	dolichylpyrophosphatephosphatase1	
57172	57172	57172	CAMK1G	calcium/calmodulin-dependentproteinkinaseIG	
57175	57175	57175	CORO1B	coronin,actinbindingprotein,1B	
57178	57178	57178	ZMIZ1	zincfinger,MIZ-typecontaining1	
5718	5718	5718	PSMD12	proteasome(prosome,macropain)26Ssubunit,non-ATPase,12	
57180	57180	57180	ACTR3B	ARP3actin-relatedprotein3homologB(yeast)	
57185	57185	57185	NIPAL3	NIPA-likedomaincontaining3	
57187	57187	57187	THOC2	THOcomplex2	
57188	57188	57188	ADAMTSL3	ADAMTS-like3	
5719	5719	5719	PSMD13	proteasome(prosome,macropain)26Ssubunit,non-ATPase,13	
57191	57191	57191	VN1R1	vomeronasal1receptor1	
57192	57192	57192	MCOLN1	mucolipin1	
57194	57194	57194	ATP10A	ATPase,classV,type10A	
57198	57198	57198	ATP8B2	ATPase,classI,type8B,member2	
572	572	572	BAD	BCL2-associatedagonistofcelldeath	
5720	5720	5720	PSME1	proteasome(prosome,macropain)activatorsubunit1(PA28alpha)	
57205	57205	57205	ATP10D	ATPase,classV,type10D	
57209	57209	57209	ZNF248	zincfingerprotein248	
5721	5721	5721	PSME2	proteasome(prosome,macropain)activatorsubunit2(PA28beta)	
57211	57211	57211	GPR126	Gprotein-coupledreceptor126	
57212	57212	57212	KIAA0495	KIAA0495	
57213	57213	57213	C13orf1	chromosome13openreadingframe1	
57214	57214	57214	KIAA1199	KIAA1199	
57215	57215	57215	THAP11	THAPdomaincontaining11	
57226	57226	57226	LYRM2	LYRmotifcontaining2	
57228	57228	57228	SMAGP	smalltrans-membraneandglycosylatedprotein	
5723	5723	5723	PSPH	phosphoserinephosphatase	
57238	57238	57238	KIAA0492	KIAA0492 protein	
5724	5724	5724	PTAFR	platelet-activatingfactorreceptor	
5725	5725	5725	PTBP1	polypyrimidinetractbindingprotein1	
5727	5727	5727	PTCH1	patchedhomolog1(Drosophila)	
5728	5728	5728	PTEN	phosphataseandtensinhomolog	
5729	5729	5729	PTGDR	prostaglandinD2receptor(DP)	
573	573	573	BAG1	BCL2-associatedathanogene	
5730	5730	5730	PTGDS	prostaglandinD2synthase21kDa(brain)	
5731	5731	5731	PTGER1	prostaglandinEreceptor1(subtypeEP1),42kDa	
5732	5732	5732	PTGER2	prostaglandinEreceptor2(subtypeEP2),53kDa	
57326	57326	57326	PBXIP1	pre-B-cellleukemiahomeoboxinteractingprotein1	
5733	5733	5733	PTGER3	prostaglandinEreceptor3(subtypeEP3)	
57332	57332	57332	CBX8	chromoboxhomolog8(Pcclasshomolog,Drosophila)	
57333	57333	57333	RCN3	reticulocalbin3,EF-handcalciumbindingdomain	
57335	57335	57335	ZNF286A	zincfingerprotein286A	
57336	57336	57336	ZNF287	zincfingerprotein287	
57337	57337	57337	SENP7	SUMO1/sentrinspecificpeptidase7	
57338	57338	57338	JPH3	junctophilin3	
5734	5734	5734	PTGER4	prostaglandinEreceptor4(subtypeEP4)	
57343	57343	57343	ZNF304	zincfingerprotein304	
57348	57348	57348	TTYH1	tweetyhomolog1(Drosophila)	
57369	57369	57369	GJD2	gapjunctionprotein,delta2,36kDa	
5737	5737	5737	PTGFR	prostaglandinFreceptor(FP)	
57379	57379	57379	AICDA	activation-inducedcytidinedeaminase	
57380	57380	57380	MRS2	MRS2magnesiumhomeostasisfactorhomolog(S.cerevisiae)	
5739	5739	5739	PTGIR	prostaglandinI2(prostacyclin)receptor(IP)	
57396	57396	57396	CLK4	CDC-likekinase4	
5740	5740	5740	PTGIS	prostaglandinI2(prostacyclin)synthase	
57402	57402	57402	S100A14	S100calciumbindingproteinA14	
57403	57403	57403	RAB22A	RAB22A,memberRASoncogenefamily	
57404	57404	57404	CYP20A1	cytochromeP450,family20,subfamilyA,polypeptide1	
57405	57405	57405	SPC25	SPC25,NDC80kinetochorecomplexcomponent,homolog(S.cerevisiae)	
57406	57406	57406	ABHD6	abhydrolasedomaincontaining6	
57408	57408	57408	LRTM1	leucine-richrepeatsandtransmembranedomains1	
5741	5741	5741	PTH	parathyroidhormone	
57415	57415	57415	C3orf14	chromosome3openreadingframe14	
57418	57418	57418	WDR18	WDrepeatdomain18	
57419	57419	57419	SLC24A3	solutecarrierfamily24(sodium/potassium/calciumexchanger),member3	
5742	5742	5742	PTGS1	prostaglandin-endoperoxidesynthase1(prostaglandinG/Hsynthaseandcyclooxygenase)	
5743	5743	5743	PTGS2	prostaglandin-endoperoxidesynthase2(prostaglandinG/Hsynthaseandcyclooxygenase)	
5744	5744	5744	PTHLH	parathyroidhormone-likehormone	
57446	57446	57446	NDRG3	NDRGfamilymember3	
57447	57447	57447	NDRG2	NDRGfamilymember2	
5745	5745	5745	PTH1R	parathyroidhormone1receptor	
5746	5746	5746	PTH2R	parathyroidhormone2receptor	
57460	57460	57460	PPM1H	proteinphosphatase1H(PP2Cdomaincontaining)	
57466	57466	57466	SFRS15	splicingfactor,arginine/serine-rich15	
57468	57468	57468	SLC12A5	solutecarrierfamily12(potassium-chloridetransporter),member5	
5747	5747	5747	PTK2	PTK2proteintyrosinekinase2	
57470	57470	57470	LRRC47	leucinerichrepeatcontaining47	
57472	57472	57472	CNOT6	CCR4-NOTtranscriptioncomplex,subunit6	
57473	57473	57473	ZNF512B	zincfingerprotein512B	
57493	57493	57493	HEG1	HEGhomolog1(zebrafish)	
57496	57496	57496	MKL2	MKL/myocardin-like2	
57498	57498	57498	KIDINS220	kinaseD-interactingsubstrate,220kDa	
575	575	575	BAI1	brain-specificangiogenesisinhibitor1	
57502	57502	57502	NLGN4X	neuroligin4,X-linked	
57509	57509	57509	MTUS1	mitochondrialtumorsuppressor1	
57513	57513	57513	CASKIN2	CASKinteractingprotein2	
57515	57515	57515	SERINC1	serineincorporator1	
57523	57523	57523	KIAA1305	KIAA1305	
5753	5753	5753	PTK6	PTK6proteintyrosinekinase6	
57538	57538	57538	ALPK3	alpha-kinase3	
5754	5754	5754	PTK7	PTK7proteintyrosinekinase7	
57553	57553	57553	MICAL3	microtubuleassociatedmonoxygenase,calponinandLIMdomaincontaining3	
57556	57556	57556	SEMA6A	semadomain,transmembranedomain(TM),andcytoplasmicdomain,(semaphorin)6A	
5757	5757	5757	PTMA	prothymosin,alpha	
57570	57570	57570	TRMT5	TRM5tRNAmethyltransferase5homolog(S.cerevisiae)	
57572	57572	57572	DOCK6	dedicatorofcytokinesis6	
57573	57573	57573	ZNF471	zincfingerprotein471	
57576	57576	57576	KIF17	kinesinfamilymember17	
57579	57579	57579	FAM135A	familywithsequencesimilarity135,memberA	
57586	57586	57586	SYT13	synaptotagminXIII	
57591	57591	57591	MKL1	megakaryoblasticleukemia(translocation)1	
57596	57596	57596	BEGAIN	brain-enrichedguanylatekinase-associatedhomolog(rat)	
57597	57597	57597	BAHCC1	BAHdomainandcoiled-coilcontaining1	
57599	57599	57599	WDR48	WDrepeatdomain48	
576	576	576	BAI2	brain-specificangiogenesisinhibitor2	
57602	57602	57602	USP36	ubiquitinspecificpeptidase36	
57604	57604	57604	C8orf79	chromosome8openreadingframe79	
57608	57608	57608	KIAA1462	KIAA1462	
57610	57610	57610	RANBP10	RANbindingprotein10	
57613	57613	57613	KIAA1467	KIAA1467	
57626	57626	57626	KLHL1	kelch-like1(Drosophila)	
5763	5763	5763	PTMS	parathymosin	
57634	57634	57634	EP400	E1Abindingproteinp400	
5764	5764	5764	PTN	pleiotrophin	
57645	57645	57645	POGK	pogotransposableelementwithKRABdomain	
57658	57658	57658	CALCOCO1	calciumbindingandcoiled-coildomain1	
57663	57663	57663	USP29	ubiquitinspecificpeptidase29	
57664	57664	57664	PLEKHA4	pleckstrinhomologydomaincontaining,familyA(phosphoinositidebindingspecific)member4	
57665	57665	57665	RDH14	retinoldehydrogenase14(all-trans/9-cis/11-cis)	
57669	57669	57669	EPB41L5	erythrocytemembraneproteinband4.1like5	
5768	5768	5768	QSOX1	quiescinQ6sulfhydryloxidase1	
57680	57680	57680	CHD8	chromodomainhelicaseDNAbindingprotein8	
57698	57698	57698	KIAA1598	KIAA1598	
577	577	577	BAI3	brain-specificangiogenesisinhibitor3	
5770	5770	5770	PTPN1	proteintyrosinephosphatase,non-receptortype1	
57706	57706	57706	DENND1A	DENN/MADDdomaincontaining1A	
57707	57707	57707	KIAA1609	KIAA1609	
5771	5771	5771	PTPN2	proteintyrosinephosphatase,non-receptortype2	
57710	57710	57710	KIAA1614	KIAA1614	
57715	57715	57715	SEMA4G	semadomain,immunoglobulindomain(Ig),transmembranedomain(TM)andshortcytoplasmicdomain,(semaphorin)4G	
57716	57716	57716	PRX	periaxin	
57718	57718	57718	PPP4R4	proteinphosphatase4,regulatorysubunit4	
57720	57720	57720	GPR107	Gprotein-coupledreceptor107	
57728	57728	57728	WDR19	WDrepeatdomain19	
57731	57731	57731	SPTBN4	spectrin,beta,non-erythrocytic4	
57733	57733	57733	GBA3	glucosidase,beta,acid3(cytosolic)	
5774	5774	5774	PTPN3	proteintyrosinephosphatase,non-receptortype3	
5775	5775	5775	PTPN4	proteintyrosinephosphatase,non-receptortype4(megakaryocyte)	
57758	57758	57758	SCUBE2	signalpeptide,CUBdomain,EGF-like2	
57761	57761	57761	TRIB3	tribbleshomolog3(Drosophila)	
57763	57763	57763	ANKRA2	ankyrinrepeat,familyA(RFXANK-like),2	
5777	5777	5777	PTPN6	proteintyrosinephosphatase,non-receptortype6	
5778	5778	5778	PTPN7	proteintyrosinephosphatase,non-receptortype7	
57787	57787	57787	MARK4	MAP/microtubuleaffinity-regulatingkinase4	
57794	57794	57794	SF4	splicingfactor4	
57795	57795	57795	FAM5B	familywithsequencesimilarity5,memberB	
57798	57798	57798	GATAD1	GATAzincfingerdomaincontaining1	
57799	57799	57799	RAB40C	RAB40C,memberRASoncogenefamily	
578	578	578	BAK1	BCL2-antagonist/killer1	
5780	5780	5780	PTPN9	proteintyrosinephosphatase,non-receptortype9	
57804	57804	57804	POLD4	polymerase(DNA-directed),delta4	
5781	5781	5781	PTPN11	proteintyrosinephosphatase,non-receptortype11	
57817	57817	57817	HAMP	hepcidinantimicrobialpeptide	
57818	57818	57818	G6PC2	glucose-6-phosphatase,catalytic,2	
57819	57819	57819	LSM2	LSM2homolog,U6smallnuclearRNAassociated(S.cerevisiae)	
5782	5782	5782	PTPN12	proteintyrosinephosphatase,non-receptortype12	
57820	57820	57820	CCNB1IP1	cyclinB1interactingprotein1	
57821	57821	57821	C1orf114	chromosome1openreadingframe114	
57823	57823	57823	SLAMF7	SLAMfamilymember7	
57824	57824	57824	HMHB1	histocompatibility(minor)HB-1	
57826	57826	57826	RAP2C	RAP2C,memberofRASoncogenefamily	
57827	57827	57827	C6orf47	chromosome6openreadingframe47	
57828	57828	57828	CATSPERG	cationchannel,sperm-associated,gamma	
5783	5783	5783	PTPN13	proteintyrosinephosphatase,non-receptortype13(APO-1/CD95(Fas)-associatedphosphatase)	
57834	57834	57834	CYP4F11	cytochromeP450,family4,subfamilyF,polypeptide11	
57835	57835	57835	SLC4A5	solutecarrierfamily4,sodiumbicarbonatecotransporter,member5	
5784	5784	5784	PTPN14	proteintyrosinephosphatase,non-receptortype14	
5786	5786	5786	PTPRA	proteintyrosinephosphatase,receptortype,A	
57862	57862	57862	ZNF410	zincfingerprotein410	
57863	57863	57863	CADM3	celladhesionmolecule3	
5787	5787	5787	PTPRB	proteintyrosinephosphatase,receptortype,B	
5788	5788	5788	PTPRC	proteintyrosinephosphatase,receptortype,C	
5789	5789	5789	PTPRD	proteintyrosinephosphatase,receptortype,D	
579	579	579	NKX3-2	NK3homeobox2	
5790	5790	5790	PTPRCAP	proteintyrosinephosphatase,receptortype,C-associatedprotein	
5791	5791	5791	PTPRE	proteintyrosinephosphatase,receptortype,E	
5792	5792	5792	PTPRF	proteintyrosinephosphatase,receptortype,F	
5793	5793	5793	PTPRG	proteintyrosinephosphatase,receptortype,G	
5794	5794	5794	PTPRH	proteintyrosinephosphatase,receptortype,H	
5795	5795	5795	PTPRJ	proteintyrosinephosphatase,receptortype,J	
5796	5796	5796	PTPRK	proteintyrosinephosphatase,receptortype,K	
5797	5797	5797	PTPRM	proteintyrosinephosphatase,receptortype,M	
5798	5798	5798	PTPRN	proteintyrosinephosphatase,receptortype,N	
5799	5799	5799	PTPRN2	proteintyrosinephosphatase,receptortype,Npolypeptide2	
58	58	58	ACTA1	actin,alpha1,skeletalmuscle	
580	580	580	BARD1	BRCA1associatedRINGdomain1	
5800	5800	5800	PTPRO	proteintyrosinephosphatase,receptortype,O	
5801	5801	5801	PTPRR	proteintyrosinephosphatase,receptortype,R	
5802	5802	5802	PTPRS	proteintyrosinephosphatase,receptortype,S	
5803	5803	5803	PTPRZ1	proteintyrosinephosphatase,receptor-type,Zpolypeptide1	
5805	5805	5805	PTS	6-pyruvoyltetrahydropterinsynthase	
5806	5806	5806	PTX3	pentraxin-relatedgene,rapidlyinducedbyIL-1beta	
581	581	581	BAX	BCL2-associatedXprotein	
5810	5810	5810	RAD1	RAD1homolog(S.pombe)	
5813	5813	5813	PURA	purine-richelementbindingproteinA	
58155	58155	58155	PTBP2	polypyrimidinetractbindingprotein2	
58157	58157	58157	NGB	neuroglobin	
58158	58158	58158	NEUROD4	neurogenicdifferentiation4	
5816	5816	5816	PVALB	parvalbumin	
5817	5817	5817	PVR	poliovirusreceptor	
5818	5818	5818	PVRL1	poliovirusreceptor-related1(herpesvirusentrymediatorC)	
58189	58189	58189	WFDC1	WAPfour-disulfidecoredomain1	
5819	5819	5819	PVRL2	poliovirusreceptor-related2(herpesvirusentrymediatorB)	
58190	58190	58190	CTDSP1	CTD(carboxy-terminaldomain,RNApolymeraseII,polypeptideA)smallphosphatase1	
582	582	582	BBS1	Bardet-Biedlsyndrome1	
5820	5820	5820	PVT1	Pvt1oncogene(non-proteincoding)	
5822	5822	5822	PWP2	PWP2periodictryptophanproteinhomolog(yeast)	
5824	5824	5824	PEX19	peroxisomalbiogenesisfactor19	
5825	5825	5825	ABCD3	ATP-bindingcassette,sub-familyD(ALD),member3	
5826	5826	5826	ABCD4	ATP-bindingcassette,sub-familyD(ALD),member4	
5827	5827	5827	PXMP2	peroxisomalmembraneprotein2,22kDa	
5828	5828	5828	PXMP3	peroxisomalmembraneprotein3,35kDa	
5829	5829	5829	PXN	paxillin	
5830	5830	5830	PEX5	peroxisomalbiogenesisfactor5	
5831	5831	5831	PYCR1	pyrroline-5-carboxylatereductase1	
5832	5832	5832	ALDH18A1	aldehydedehydrogenase18family,memberA1	
5833	5833	5833	PCYT2	phosphatecytidylyltransferase2,ethanolamine	
5834	5834	5834	PYGB	phosphorylase,glycogen;brain	
5836	5836	5836	PYGL	phosphorylase,glycogen,liver	
5837	5837	5837	PYGM	phosphorylase,glycogen,muscle	
58472	58472	58472	SQRDL	sulfidequinonereductase-like(yeast)	
58473	58473	58473	PLEKHB1	pleckstrinhomologydomaincontaining,familyB(evectins)member1	
58477	58477	58477	SRPRB	signalrecognitionparticlereceptor,Bsubunit	
58478	58478	58478	ENOPH1	enolase-phosphatase1	
58483	58483	58483	C9orf27	chromosome9openreadingframe27	
58486	58486	58486	ZBED5	zincfinger,BED-typecontaining5	
58487	58487	58487	CREBZF	CREB/ATFbZIPtranscriptionfactor	
58488	58488	58488	PCTP	phosphatidylcholinetransferprotein	
58494	58494	58494	JAM2	junctionaladhesionmolecule2	
58495	58495	58495	OVOL2	ovo-like2(Drosophila)	
58497	58497	58497	PRUNE	prunehomolog(Drosophila)	
58498	58498	58498	MYL7	myosin,lightchain7,regulatory	
585	585	585	BBS4	Bardet-Biedlsyndrome4	
58500	58500	58500	ZNF250	zincfingerprotein250	
58503	58503	58503	PROL1	prolinerich,lacrimal1	
58504	58504	58504	ARHGAP22	RhoGTPaseactivatingprotein22	
58509	58509	58509	C19orf29	chromosome19openreadingframe29	
58510	58510	58510	PRODH2	prolinedehydrogenase(oxidase)2	
58511	58511	58511	DNASE2B	deoxyribonucleaseIIbeta	
58513	58513	58513	EPS15L1	epidermalgrowthfactorreceptorpathwaysubstrate15-like1	
58517	58517	58517	RBM25	RNAbindingmotifprotein25	
58525	58525	58525	WIZ	widelyinterspacedzincfingermotifs	
58526	58526	58526	MID1IP1	MID1interactingprotein1(gastrulationspecificG12homolog(zebrafish))	
58528	58528	58528	RRAGD	Ras-relatedGTPbindingD	
58529	58529	58529	MYOZ1	myozenin1	
58530	58530	58530	LY6G6D	lymphocyteantigen6complex,locusG6D	
5858	5858	5858	PZP	pregnancy-zoneprotein	
5859	5859	5859	QARS	glutaminyl-tRNAsynthetase	
586	586	586	BCAT1	branchedchainaminotransferase1,cytosolic	
5860	5860	5860	QDPR	quinoiddihydropteridinereductase	
5861	5861	5861	RAB1A	RAB1A,memberRASoncogenefamily	
5862	5862	5862	RAB2A	RAB2A,memberRASoncogenefamily	
5863	5863	5863	RGL2	ralguaninenucleotidedissociationstimulator-like2	
5864	5864	5864	RAB3A	RAB3A,memberRASoncogenefamily	
5865	5865	5865	RAB3B	RAB3B,memberRASoncogenefamily	
5866	5866	5866	RAB3IL1	RAB3Ainteractingprotein(rabin3)-like1	
5867	5867	5867	RAB4A	RAB4A,memberRASoncogenefamily	
5868	5868	5868	RAB5A	RAB5A,memberRASoncogenefamily	
5869	5869	5869	RAB5B	RAB5B,memberRASoncogenefamily	
587	587	587	BCAT2	branchedchainaminotransferase2,mitochondrial	
5870	5870	5870	RAB6A	RAB6A,memberRASoncogenefamily	
5871	5871	5871	MAP4K2	mitogen-activatedproteinkinasekinasekinasekinase2	
5873	5873	5873	RAB27A	RAB27A,memberRASoncogenefamily	
5874	5874	5874	RAB27B	RAB27B,memberRASoncogenefamily	
5875	5875	5875	RABGGTA	Rabgeranylgeranyltransferase,alphasubunit	
5876	5876	5876	RABGGTB	Rabgeranylgeranyltransferase,betasubunit	
5877	5877	5877	RABIF	RABinteractingfactor	
5878	5878	5878	RAB5C	RAB5C,memberRASoncogenefamily	
5879	5879	5879	RAC1	ras-relatedC3botulinumtoxinsubstrate1(rhofamily,smallGTPbindingproteinRac1)	
5880	5880	5880	RAC2	ras-relatedC3botulinumtoxinsubstrate2(rhofamily,smallGTPbindingproteinRac2)	
5881	5881	5881	RAC3	ras-relatedC3botulinumtoxinsubstrate3(rhofamily,smallGTPbindingproteinRac3)	
5883	5883	5883	RAD9A	RAD9homologA(S.pombe)	
5884	5884	5884	RAD17	RAD17homolog(S.pombe)	
5885	5885	5885	RAD21	RAD21homolog(S.pombe)	
5886	5886	5886	RAD23A	RAD23homologA(S.cerevisiae)	
5887	5887	5887	RAD23B	RAD23homologB(S.cerevisiae)	
5888	5888	5888	RAD51	RAD51homolog(RecAhomolog,E.coli)(S.cerevisiae)	
5889	5889	5889	RAD51C	RAD51homologC(S.cerevisiae)	
5890	5890	5890	RAD51L1	RAD51-like1(S.cerevisiae)	
5891	5891	5891	RAGE	renaltumorantigen	
5892	5892	5892	RAD51L3	RAD51-like3(S.cerevisiae)	
5893	5893	5893	RAD52	RAD52homolog(S.cerevisiae)	
5894	5894	5894	RAF1	v-raf-1murineleukemiaviraloncogenehomolog1	
5896	5896	5896	RAG1	recombinationactivatinggene1	
5897	5897	5897	RAG2	recombinationactivatinggene2	
5898	5898	5898	RALA	v-ralsimianleukemiaviraloncogenehomologA(rasrelated)	
58985	58985	58985	IL22RA1	interleukin22receptor,alpha1	
58986	58986	58986	TMEM8A	transmembraneprotein8A	
5899	5899	5899	RALB	v-ralsimianleukemiaviraloncogenehomologB(rasrelated;GTPbindingprotein)	
59	59	59	ACTA2	actin,alpha2,smoothmuscle,aorta	
590	590	590	BCHE	butyrylcholinesterase	
5900	5900	5900	RALGDS	ralguaninenucleotidedissociationstimulator	
5902	5902	5902	RANBP1	RANbindingprotein1	
5903	5903	5903	RANBP2	RANbindingprotein2	
5905	5905	5905	RANGAP1	RanGTPaseactivatingprotein1	
5906	5906	5906	RAP1A	RAP1A,memberofRASoncogenefamily	
59067	59067	59067	IL21	interleukin21	
5909	5909	5909	RAP1GAP	RAP1GTPaseactivatingprotein	
5910	5910	5910	RAP1GDS1	RAP1,GTP-GDPdissociationstimulator1	
5911	5911	5911	RAP2A	RAP2A,memberofRASoncogenefamily	
5912	5912	5912	RAP2B	RAP2B,memberofRASoncogenefamily	
5913	5913	5913	RAPSN	receptor-associatedproteinofthesynapse	
5914	5914	5914	RARA	retinoicacidreceptor,alpha	
5915	5915	5915	RARB	retinoicacidreceptor,beta	
5916	5916	5916	RARG	retinoicacidreceptor,gamma	
5917	5917	5917	RARS	arginyl-tRNAsynthetase	
5918	5918	5918	RARRES1	retinoicacidreceptorresponder(tazaroteneinduced)1	
5919	5919	5919	RARRES2	retinoicacidreceptorresponder(tazaroteneinduced)2	
5920	5920	5920	RARRES3	retinoicacidreceptorresponder(tazaroteneinduced)3	
5921	5921	5921	RASA1	RASp21proteinactivator(GTPaseactivatingprotein)1	
5922	5922	5922	RASA2	RASp21proteinactivator2	
5923	5923	5923	RASGRF1	Rasprotein-specificguaninenucleotide-releasingfactor1	
5925	5925	5925	RB1	retinoblastoma1	
5926	5926	5926	ARID4A	ATrichinteractivedomain4A(RBP1-like)	
59269	59269	59269	HIVEP3	humanimmunodeficiencyvirustypeIenhancerbindingprotein3	
5927	5927	5927	KDM5A	lysine(K)-specificdemethylase5A	
59272	59272	59272	ACE2	angiotensinIconvertingenzyme(peptidyl-dipeptidaseA)2	
5928	5928	5928	RBBP4	retinoblastomabindingprotein4	
5929	5929	5929	RBBP5	retinoblastomabindingprotein5	
593	593	593	BCKDHA	branchedchainketoaciddehydrogenaseE1,alphapolypeptide	
5930	5930	5930	RBBP6	retinoblastomabindingprotein6	
59307	59307	59307	SIGIRR	singleimmunoglobulinandtoll-interleukin1receptor(TIR)domain	
5931	5931	5931	RBBP7	retinoblastomabindingprotein7	
5932	5932	5932	RBBP8	retinoblastomabindingprotein8	
59335	59335	59335	PRDM12	PRdomaincontaining12	
59336	59336	59336	PRDM13	PRdomaincontaining13	
59338	59338	59338	PLEKHA1	pleckstrinhomologydomaincontaining,familyA(phosphoinositidebindingspecific)member1	
5934	5934	5934	RBL2	retinoblastoma-like2(p130)	
59340	59340	59340	HRH4	histaminereceptorH4	
59341	59341	59341	TRPV4	transientreceptorpotentialcationchannel,subfamilyV,member4	
59342	59342	59342	SCPEP1	serinecarboxypeptidase1	
59343	59343	59343	SENP2	SUMO1/sentrin/SMT3specificpeptidase2	
59344	59344	59344	ALOXE3	arachidonatelipoxygenase3	
59347	59347	59347	FKSG2	apoptosisinhibitor	
59348	59348	59348	ZNF350	zincfingerprotein350	
59349	59349	59349	KLHL12	kelch-like12(Drosophila)	
5935	5935	5935	RBM3	RNAbindingmotif(RNP1,RRM)protein3	
59351	59351	59351	PBOV1	prostateandbreastcanceroverexpressed1	
59353	59353	59353	TMEM35	transmembraneprotein35	
5936	5936	5936	RBM4	RNAbindingmotifprotein4	
5937	5937	5937	RBMS1	RNAbindingmotif,singlestrandedinteractingprotein1	
5939	5939	5939	RBMS2	RNAbindingmotif,singlestrandedinteractingprotein2	
594	594	594	BCKDHB	branchedchainketoaciddehydrogenaseE1,betapolypeptide	
5947	5947	5947	RBP1	retinolbindingprotein1,cellular	
594855	594855	594855	CPLX3	complexin3	
5949	5949	5949	RBP3	retinolbindingprotein3,interstitial	
595	595	595	CCND1	cyclinD1	
5950	5950	5950	RBP4	retinolbindingprotein4,plasma	
5954	5954	5954	RCN1	reticulocalbin1,EF-handcalciumbindingdomain	
5955	5955	5955	RCN2	reticulocalbin2,EF-handcalciumbindingdomain	
5957	5957	5957	RCVRN	recoverin	
5959	5959	5959	RDH5	retinoldehydrogenase5(11-cis/9-cis)	
596	596	596	BCL2	B-cellCLL/lymphoma2	
5961	5961	5961	PRPH2	peripherin2(retinaldegeneration,slow)	
5962	5962	5962	RDX	radixin	
5965	5965	5965	RECQL	RecQprotein-like(DNAhelicaseQ1-like)	
5966	5966	5966	REL	v-relreticuloendotheliosisviraloncogenehomolog(avian)	
5967	5967	5967	REG1A	regeneratingislet-derived1alpha	
5968	5968	5968	REG1B	regeneratingislet-derived1beta	
5969	5969	5969	REG1P	regeneratingislet-derived1pseudogene	
597	597	597	BCL2A1	BCL2-relatedproteinA1	
5970	5970	5970	RELA	v-relreticuloendotheliosisviraloncogenehomologA(avian)	
5971	5971	5971	RELB	v-relreticuloendotheliosisviraloncogenehomologB	
5972	5972	5972	REN	renin	
5973	5973	5973	RENBP	reninbindingprotein	
5976	5976	5976	UPF1	UPF1regulatorofnonsensetranscriptshomolog(yeast)	
5977	5977	5977	DPF2	D4,zincanddoublePHDfingersfamily2	
5978	5978	5978	REST	RE1-silencingtranscriptionfactor	
5979	5979	5979	RET	retproto-oncogene	
598	598	598	BCL2L1	BCL2-like1	
5980	5980	5980	REV3L	REV3-like,catalyticsubunitofDNApolymerasezeta(yeast)	
5981	5981	5981	RFC1	replicationfactorC(activator1)1,145kDa	
5982	5982	5982	RFC2	replicationfactorC(activator1)2,40kDa	
5983	5983	5983	RFC3	replicationfactorC(activator1)3,38kDa	
5984	5984	5984	RFC4	replicationfactorC(activator1)4,37kDa	
5985	5985	5985	RFC5	replicationfactorC(activator1)5,36.5kDa	
5986	5986	5986	RFNG	RFNGO-fucosylpeptide3-beta-N-acetylglucosaminyltransferase	
5987	5987	5987	TRIM27	tripartitemotif-containing27	
5988	5988	5988	RFPL1	retfingerprotein-like1	
5989	5989	5989	RFX1	regulatoryfactorX,1(influencesHLAclassIIexpression)	
599	599	599	BCL2L2	BCL2-like2	
5990	5990	5990	RFX2	regulatoryfactorX,2(influencesHLAclassIIexpression)	
5991	5991	5991	RFX3	regulatoryfactorX,3(influencesHLAclassIIexpression)	
5993	5993	5993	RFX5	regulatoryfactorX,5(influencesHLAclassIIexpression)	
5994	5994	5994	RFXAP	regulatoryfactorX-associatedprotein	
5995	5995	5995	RGR	retinalGproteincoupledreceptor	
5996	5996	5996	RGS1	regulatorofG-proteinsignaling1	
5997	5997	5997	RGS2	regulatorofG-proteinsignaling2,24kDa	
5998	5998	5998	RGS3	regulatorofG-proteinsignaling3	
5999	5999	5999	RGS4	regulatorofG-proteinsignaling4	
60	60	60	ACTB	actin,beta	
6000	6000	6000	RGS7	regulatorofG-proteinsignaling7	
6001	6001	6001	RGS10	regulatorofG-proteinsignaling10	
6002	6002	6002	RGS12	regulatorofG-proteinsignaling12	
6003	6003	6003	RGS13	regulatorofG-proteinsignaling13	
6004	6004	6004	RGS16	regulatorofG-proteinsignaling16	
6005	6005	6005	RHAG	Rh-associatedglycoprotein	
6006	6006	6006	RHCE	Rhbloodgroup,CcEeantigens	
6007	6007	6007	RHD	Rhbloodgroup,Dantigen	
6009	6009	6009	RHEB	Rashomologenrichedinbrain	
6010	6010	6010	RHO	rhodopsin	
6013	6013	6013	RLN1	relaxin1	
6014	6014	6014	RIT2	Ras-likewithoutCAAX2	
6015	6015	6015	RING1	ringfingerprotein1	
6016	6016	6016	RIT1	Ras-likewithoutCAAX1	
6017	6017	6017	RLBP1	retinaldehydebindingprotein1	
6018	6018	6018	RLF	rearrangedL-mycfusion	
6019	6019	6019	RLN2	relaxin2	
602	602	602	BCL3	B-cellCLL/lymphoma3	
60312	60312	60312	AFAP1	actinfilamentassociatedprotein1	
60313	60313	60313	GPBP1L1	GC-richpromoterbindingprotein1-like1	
60314	60314	60314	C12orf10	chromosome12openreadingframe10	
60343	60343	60343	FAM3A	familywithsequencesimilarity3,memberA	
6035	6035	6035	RNASE1	ribonuclease,RNaseAfamily,1(pancreatic)	
6036	6036	6036	RNASE2	ribonuclease,RNaseAfamily,2(liver,eosinophil-derivedneurotoxin)	
6037	6037	6037	RNASE3	ribonuclease,RNaseAfamily,3(eosinophilcationicprotein)	
60370	60370	60370	AVPI1	argininevasopressin-induced1	
6038	6038	6038	RNASE4	ribonuclease,RNaseAfamily,4	
60385	60385	60385	TSKS	testis-specificserinekinasesubstrate	
6039	6039	6039	RNASE6	ribonuclease,RNaseAfamily,k6	
604	604	604	BCL6	B-cellCLL/lymphoma6	
60401	60401	60401	EDA2R	ectodysplasinA2receptor	
6041	6041	6041	RNASEL	ribonucleaseL(2',5'-oligoisoadenylatesynthetase-dependent)	
60436	60436	60436	TGIF2	TGFB-inducedfactorhomeobox2	
6045	6045	6045	RNF2	ringfingerprotein2	
6046	6046	6046	BRD2	bromodomaincontaining2	
60468	60468	60468	BACH2	BTBandCNChomology1,basicleucinezippertranscriptionfactor2	
6047	6047	6047	RNF4	ringfingerprotein4	
6048	6048	6048	RNF5	ringfingerprotein5	
60481	60481	60481	ELOVL5	ELOVLfamilymember5,elongationoflongchainfattyacids(FEN1/Elo2,SUR4/Elo3-like,yeast)	
60482	60482	60482	SLC5A7	solutecarrierfamily5(cholinetransporter),member7	
60484	60484	60484	HAPLN2	hyaluronanandproteoglycanlinkprotein2	
60485	60485	60485	SAV1	salvadorhomolog1(Drosophila)	
60487	60487	60487	TRMT11	tRNAmethyltransferase11homolog(S.cerevisiae)	
60488	60488	60488	MRPS35	mitochondrialribosomalproteinS35	
60489	60489	60489	APOBEC3G	apolipoproteinBmRNAeditingenzyme,catalyticpolypeptide-like3G	
6049	6049	6049	RNF6	ringfingerprotein(C3H2C3type)6	
60490	60490	60490	PPCDC	phosphopantothenoylcysteinedecarboxylase	
60491	60491	60491	NIF3L1	NIF3NGG1interactingfactor3-like1(S.pombe)	
60492	60492	60492	CCDC90B	coiled-coildomaincontaining90B	
60493	60493	60493	FASTKD5	FASTkinasedomains5	
60494	60494	60494	CCDC81	coiled-coildomaincontaining81	
60495	60495	60495	HPSE2	heparanase2	
60496	60496	60496	AASDHPPT	aminoadipate-semialdehydedehydrogenase-phosphopantetheinyltransferase	
605	605	605	BCL7A	B-cellCLL/lymphoma7A	
6050	6050	6050	RNH1	ribonuclease/angiogenininhibitor1	
60506	60506	60506	NYX	nyctalopin	
60509	60509	60509	AGBL5	ATP/GTPbindingprotein-like5	
6051	6051	6051	RNPEP	arginylaminopeptidase(aminopeptidaseB)	
60526	60526	60526	C2orf43	chromosome2openreadingframe43	
60528	60528	60528	ELAC2	elaChomolog2(E.coli)	
60529	60529	60529	ALX4	ALXhomeobox4	
60558	60558	60558	GUF1	GUF1GTPasehomolog(S.cerevisiae)	
60559	60559	60559	SPCS3	signalpeptidasecomplexsubunit3homolog(S.cerevisiae)	
60560	60560	60560	MAK10	MAK10homolog,amino-acidN-acetyltransferasesubunit(S.cerevisiae)	
60561	60561	60561	RINT1	RAD50interactor1	
6059	6059	6059	ABCE1	ATP-bindingcassette,sub-familyE(OABP),member1	
60598	60598	60598	KCNK15	potassiumchannel,subfamilyK,member15	
60625	60625	60625	DHX35	DEAH(Asp-Glu-Ala-His)boxpolypeptide35	
60626	60626	60626	RIC8A	resistancetoinhibitorsofcholinesterase8homologA(C.elegans)	
60672	60672	60672	MIIP	migrationandinvasioninhibitoryprotein	
60673	60673	60673	C12orf44	chromosome12openreadingframe44	
60676	60676	60676	PAPPA2	pappalysin2	
60681	60681	60681	FKBP10	FK506bindingprotein10,65kDa	
60682	60682	60682	SMAP1	smallArfGAP1	
60684	60684	60684	C4orf41	chromosome4openreadingframe41	
60685	60685	60685	ZFAND3	zincfinger,AN1-typedomain3	
60686	60686	60686	C14orf93	chromosome14openreadingframe93	
607	607	607	BCL9	B-cellCLL/lymphoma9	
608	608	608	TNFRSF17	tumornecrosisfactorreceptorsuperfamily,member17	
6091	6091	6091	ROBO1	roundabout,axonguidancereceptor,homolog1(Drosophila)	
6094	6094	6094	ROM1	retinaloutersegmentmembraneprotein1	
6095	6095	6095	RORA	RAR-relatedorphanreceptorA	
6096	6096	6096	RORB	RAR-relatedorphanreceptorB	
6097	6097	6097	RORC	RAR-relatedorphanreceptorC	
6098	6098	6098	ROS1	c-rosoncogene1,receptortyrosinekinase	
610	610	610	HCN2	hyperpolarizationactivatedcyclicnucleotide-gatedpotassiumchannel2	
6102	6102	6102	RP2	retinitispigmentosa2(X-linkedrecessive)	
6103	6103	6103	RPGR	retinitispigmentosaGTPaseregulator	
611	611	611	OPN1SW	opsin1(conepigments),short-wave-sensitive	
6117	6117	6117	RPA1	replicationproteinA1,70kDa	
6118	6118	6118	RPA2	replicationproteinA2,32kDa	
6119	6119	6119	RPA3	replicationproteinA3,14kDa	
6120	6120	6120	RPE	ribulose-5-phosphate-3-epimerase	
6121	6121	6121	RPE65	retinalpigmentepithelium-specificprotein65kDa	
6122	6122	6122	RPL3	ribosomalproteinL3	
6123	6123	6123	RPL3L	ribosomalproteinL3-like	
6124	6124	6124	RPL4	ribosomalproteinL4	
6125	6125	6125	RPL5	ribosomalproteinL5	
613	613	613	BCR	breakpointclusterregion	
6132	6132	6132	RPL8	ribosomalproteinL8	
6134	6134	6134	RPL10	ribosomalproteinL10	
6135	6135	6135	RPL11	ribosomalproteinL11	
6136	6136	6136	RPL12	ribosomalproteinL12	
6137	6137	6137	RPL13	ribosomalproteinL13	
6138	6138	6138	RPL15	ribosomalproteinL15	
6141	6141	6141	RPL18	ribosomalproteinL18	
6143	6143	6143	RPL19	ribosomalproteinL19	
6146	6146	6146	RPL22	ribosomalproteinL22	
6150	6150	6150	MRPL23	mitochondrialribosomalproteinL23	
6152	6152	6152	RPL24	ribosomalproteinL24	
6155	6155	6155	RPL27	ribosomalproteinL27	
6156	6156	6156	RPL30	ribosomalproteinL30	
6158	6158	6158	RPL28	ribosomalproteinL28	
6165	6165	6165	RPL35A	ribosomalproteinL35a	
6166	6166	6166	RPL36AL	ribosomalproteinL36a-like	
6167	6167	6167	RPL37	ribosomalproteinL37	
6168	6168	6168	RPL37A	ribosomalproteinL37a	
6169	6169	6169	RPL38	ribosomalproteinL38	
617	617	617	BCS1L	BCS1-like(yeast)	
6176	6176	6176	RPLP1	ribosomalprotein,large,P1	
6181	6181	6181	RPLP2	ribosomalprotein,large,P2	
6182	6182	6182	MRPL12	mitochondrialribosomalproteinL12	
6183	6183	6183	MRPS12	mitochondrialribosomalproteinS12	
6184	6184	6184	RPN1	ribophorinI	
6185	6185	6185	RPN2	ribophorinII	
6187	6187	6187	RPS2	ribosomalproteinS2	
6188	6188	6188	RPS3	ribosomalproteinS3	
6191	6191	6191	RPS4X	ribosomalproteinS4,X-linked	
6192	6192	6192	RPS4Y1	ribosomalproteinS4,Y-linked1	
6193	6193	6193	RPS5	ribosomalproteinS5	
6194	6194	6194	RPS6	ribosomalproteinS6	
6195	6195	6195	RPS6KA1	ribosomalproteinS6kinase,90kDa,polypeptide1	
6196	6196	6196	RPS6KA2	ribosomalproteinS6kinase,90kDa,polypeptide2	
6197	6197	6197	RPS6KA3	ribosomalproteinS6kinase,90kDa,polypeptide3	
6198	6198	6198	RPS6KB1	ribosomalproteinS6kinase,70kDa,polypeptide1	
6199	6199	6199	RPS6KB2	ribosomalproteinS6kinase,70kDa,polypeptide2	
6203	6203	6203	RPS9	ribosomalproteinS9	
6205	6205	6205	RPS11	ribosomalproteinS11	
6207	6207	6207	RPS13	ribosomalproteinS13	
6208	6208	6208	RPS14	ribosomalproteinS14	
6217	6217	6217	RPS16	ribosomalproteinS16	
622	622	622	BDH1	3-hydroxybutyratedehydrogenase,type1	
6223	6223	6223	RPS19	ribosomalproteinS19	
6224	6224	6224	RPS20	ribosomalproteinS20	
6227	6227	6227	RPS21	ribosomalproteinS21	
6228	6228	6228	RPS23	ribosomalproteinS23	
6229	6229	6229	RPS24	ribosomalproteinS24	
623	623	623	BDKRB1	bradykininreceptorB1	
6236	6236	6236	RRAD	Ras-relatedassociatedwithdiabetes	
6237	6237	6237	RRAS	relatedRASviral(r-ras)oncogenehomolog	
6238	6238	6238	RRBP1	ribosomebindingprotein1homolog180kDa(dog)	
6239	6239	6239	RREB1	rasresponsiveelementbindingprotein1	
624	624	624	BDKRB2	bradykininreceptorB2	
6240	6240	6240	RRM1	ribonucleotidereductaseM1	
6241	6241	6241	RRM2	ribonucleotidereductaseM2	
6247	6247	6247	RS1	retinoschisin1	
6249	6249	6249	CLIP1	CAP-GLYdomaincontaininglinkerprotein1	
6251	6251	6251	RSU1	Rassuppressorprotein1	
6252	6252	6252	RTN1	reticulon1	
6253	6253	6253	RTN2	reticulon2	
6256	6256	6256	RXRA	retinoidXreceptor,alpha	
6257	6257	6257	RXRB	retinoidXreceptor,beta	
6258	6258	6258	RXRG	retinoidXreceptor,gamma	
6259	6259	6259	RYK	RYKreceptor-liketyrosinekinase	
6261	6261	6261	RYR1	ryanodinereceptor1(skeletal)	
6262	6262	6262	RYR2	ryanodinereceptor2(cardiac)	
6263	6263	6263	RYR3	ryanodinereceptor3	
627	627	627	BDNF	brain-derivedneurotrophicfactor	
6271	6271	6271	S100A1	S100calciumbindingproteinA1	
6272	6272	6272	SORT1	sortilin1	
6273	6273	6273	S100A2	S100calciumbindingproteinA2	
6274	6274	6274	S100A3	S100calciumbindingproteinA3	
6275	6275	6275	S100A4	S100calciumbindingproteinA4	
6276	6276	6276	S100A5	S100calciumbindingproteinA5	
6277	6277	6277	S100A6	S100calciumbindingproteinA6	
6278	6278	6278	S100A7	S100calciumbindingproteinA7	
6279	6279	6279	S100A8	S100calciumbindingproteinA8	
6280	6280	6280	S100A9	S100calciumbindingproteinA9	
6281	6281	6281	S100A10	S100calciumbindingproteinA10	
6282	6282	6282	S100A11	S100calciumbindingproteinA11	
6283	6283	6283	S100A12	S100calciumbindingproteinA12	
6284	6284	6284	S100A13	S100calciumbindingproteinA13	
6285	6285	6285	S100B	S100calciumbindingproteinB	
6286	6286	6286	S100P	S100calciumbindingproteinP	
629	629	629	CFB	complementfactorB	
6291	6291	6291	SAA4	serumamyloidA4,constitutive	
6293	6293	6293	VPS52	vacuolarproteinsorting52homolog(S.cerevisiae)	
6294	6294	6294	SAFB	scaffoldattachmentfactorB	
6295	6295	6295	SAG	S-antigen;retinaandpinealgland(arrestin)	
6296	6296	6296	ACSM3	acyl-CoAsynthetasemedium-chainfamilymember3	
6297	6297	6297	SALL2	sal-like2(Drosophila)	
6299	6299	6299	SALL1	sal-like1(Drosophila)	
6300	6300	6300	MAPK12	mitogen-activatedproteinkinase12	
6301	6301	6301	SARS	seryl-tRNAsynthetase	
6302	6302	6302	TSPAN31	tetraspanin31	
6303	6303	6303	SAT1	spermidine/spermineN1-acetyltransferase1	
63035	63035	63035	BCORL1	BCL6co-repressor-like1	
63036	63036	63036	CELA2A	chymotrypsin-likeelastasefamily,member2A	
6304	6304	6304	SATB1	SATBhomeobox1	
6305	6305	6305	SBF1	SETbindingfactor1	
6307	6307	6307	SC4MOL	sterol-C4-methyloxidase-like	
6309	6309	6309	SC5DL	sterol-C5-desaturase(ERG3delta-5-desaturasehomolog,S.cerevisiae)-like	
631	631	631	BFSP1	beadedfilamentstructuralprotein1,filensin	
6310	6310	6310	ATXN1	ataxin1	
6311	6311	6311	ATXN2	ataxin2	
6314	6314	6314	ATXN7	ataxin7	
6315	6315	6315	ATXN8OS	ATXN8oppositestrand(non-proteincoding)	
6317	6317	6317	SERPINB3	serpinpeptidaseinhibitor,cladeB(ovalbumin),member3	
6318	6318	6318	SERPINB4	serpinpeptidaseinhibitor,cladeB(ovalbumin),member4	
6319	6319	6319	SCD	stearoyl-CoAdesaturase(delta-9-desaturase)	
632	632	632	BGLAP	bonegamma-carboxyglutamate(gla)protein	
6320	6320	6320	CLEC11A	C-typelectindomainfamily11,memberA	
6322	6322	6322	SCML1	sexcombonmidleg-like1(Drosophila)	
6323	6323	6323	SCN1A	sodiumchannel,voltage-gated,typeI,alphasubunit	
6324	6324	6324	SCN1B	sodiumchannel,voltage-gated,typeI,beta	
6326	6326	6326	SCN2A	sodiumchannel,voltage-gated,typeII,alphasubunit	
6327	6327	6327	SCN2B	sodiumchannel,voltage-gated,typeII,beta	
6328	6328	6328	SCN3A	sodiumchannel,voltage-gated,typeIII,alphasubunit	
6329	6329	6329	SCN4A	sodiumchannel,voltage-gated,typeIV,alphasubunit	
633	633	633	BGN	biglycan	
6331	6331	6331	SCN5A	sodiumchannel,voltage-gated,typeV,alphasubunit	
6332	6332	6332	SCN7A	sodiumchannel,voltage-gated,typeVII,alpha	
6334	6334	6334	SCN8A	sodiumchannel,voltagegated,typeVIII,alphasubunit	
6335	6335	6335	SCN9A	sodiumchannel,voltage-gated,typeIX,alphasubunit	
6336	6336	6336	SCN10A	sodiumchannel,voltage-gated,typeX,alphasubunit	
6337	6337	6337	SCNN1A	sodiumchannel,nonvoltage-gated1alpha	
6338	6338	6338	SCNN1B	sodiumchannel,nonvoltage-gated1,beta	
6339	6339	6339	SCNN1D	sodiumchannel,nonvoltage-gated1,delta	
634	634	634	CEACAM1	carcinoembryonicantigen-relatedcelladhesionmolecule1(biliaryglycoprotein)	
6342	6342	6342	SCP2	sterolcarrierprotein2	
6343	6343	6343	SCT	secretin	
6344	6344	6344	SCTR	secretinreceptor	
6346	6346	6346	CCL1	chemokine(C-Cmotif)ligand1	
6347	6347	6347	CCL2	chemokine(C-Cmotif)ligand2	
635	635	635	BHMT	betaine-homocysteinemethyltransferase	
6351	6351	6351	CCL4	chemokine(C-Cmotif)ligand4	
6352	6352	6352	CCL5	chemokine(C-Cmotif)ligand5	
6354	6354	6354	CCL7	chemokine(C-Cmotif)ligand7	
6355	6355	6355	CCL8	chemokine(C-Cmotif)ligand8	
6356	6356	6356	CCL11	chemokine(C-Cmotif)ligand11	
6357	6357	6357	CCL13	chemokine(C-Cmotif)ligand13	
6358	6358	6358	CCL14	chemokine(C-Cmotif)ligand14	
6359	6359	6359	CCL15	chemokine(C-Cmotif)ligand15	
636	636	636	BICD1	bicaudalDhomolog1(Drosophila)	
6360	6360	6360	CCL16	chemokine(C-Cmotif)ligand16	
6361	6361	6361	CCL17	chemokine(C-Cmotif)ligand17	
6362	6362	6362	CCL18	chemokine(C-Cmotif)ligand18(pulmonaryandactivation-regulated)	
6363	6363	6363	CCL19	chemokine(C-Cmotif)ligand19	
6364	6364	6364	CCL20	chemokine(C-Cmotif)ligand20	
6366	6366	6366	CCL21	chemokine(C-Cmotif)ligand21	
6367	6367	6367	CCL22	chemokine(C-Cmotif)ligand22	
6368	6368	6368	CCL23	chemokine(C-Cmotif)ligand23	
6369	6369	6369	CCL24	chemokine(C-Cmotif)ligand24	
637	637	637	BID	BH3interactingdomaindeathagonist	
6370	6370	6370	CCL25	chemokine(C-Cmotif)ligand25	
6372	6372	6372	CXCL6	chemokine(C-X-Cmotif)ligand6(granulocytechemotacticprotein2)	
6373	6373	6373	CXCL11	chemokine(C-X-Cmotif)ligand11	
6374	6374	6374	CXCL5	chemokine(C-X-Cmotif)ligand5	
6375	6375	6375	XCL1	chemokine(Cmotif)ligand1	
6376	6376	6376	CX3CL1	chemokine(C-X3-Cmotif)ligand1	
638	638	638	BIK	BCL2-interactingkiller(apoptosis-inducing)	
6382	6382	6382	SDC1	syndecan1	
63826	63826	63826	SRR	serineracemase	
63827	63827	63827	BCAN	brevican	
6383	6383	6383	SDC2	syndecan2	
6385	6385	6385	SDC4	syndecan4	
6386	6386	6386	SDCBP	syndecanbindingprotein(syntenin)	
6387	6387	6387	CXCL12	chemokine(C-X-Cmotif)ligand12(stromalcell-derivedfactor1)	
63874	63874	63874	ABHD4	abhydrolasedomaincontaining4	
63875	63875	63875	MRPL17	mitochondrialribosomalproteinL17	
63876	63876	63876	PKNOX2	PBX/knotted1homeobox2	
63877	63877	63877	C10orf84	chromosome10openreadingframe84	
6388	6388	6388	SDF2	stromalcell-derivedfactor2	
6389	6389	6389	SDHA	succinatedehydrogenasecomplex,subunitA,flavoprotein(Fp)	
63891	63891	63891	RNF123	ringfingerprotein123	
63892	63892	63892	THADA	thyroidadenomaassociated	
63893	63893	63893	UBE2O	ubiquitin-conjugatingenzymeE2O	
63894	63894	63894	C14orf133	chromosome14openreadingframe133	
63895	63895	63895	FAM38B	familywithsequencesimilarity38,memberB	
63897	63897	63897	HEATR6	HEATrepeatcontaining6	
63898	63898	63898	SH2D4A	SH2domaincontaining4A	
63899	63899	63899	NSUN3	NOL1/NOP2/Sundomainfamily,member3	
639	639	639	PRDM1	PRdomaincontaining1,withZNFdomain	
6390	6390	6390	SDHB	succinatedehydrogenasecomplex,subunitB,ironsulfur(Ip)	
63901	63901	63901	FAM111A	familywithsequencesimilarity111,memberA	
63904	63904	63904	DUSP21	dualspecificityphosphatase21	
63906	63906	63906	GPATCH3	Gpatchdomaincontaining3	
6391	6391	6391	SDHC	succinatedehydrogenasecomplex,subunitC,integralmembraneprotein,15kDa	
63910	63910	63910	SLC17A9	solutecarrierfamily17,member9	
63916	63916	63916	ELMO2	engulfmentandcellmotility2	
63917	63917	63917	GALNT11	UDP-N-acetyl-alpha-D-galactosamine:polypeptideN-acetylgalactosaminyltransferase11(GalNAc-T11)	
6392	6392	6392	SDHD	succinatedehydrogenasecomplex,subunitD,integralmembraneprotein	
63920	63920	63920	C5orf54	chromosome5openreadingframe54	
63923	63923	63923	TNN	tenascinN	
63924	63924	63924	CIDEC	celldeath-inducingDFFA-likeeffectorc	
63925	63925	63925	ZNF335	zincfingerprotein335	
63926	63926	63926	ANKRD5	ankyrinrepeatdomain5	
63928	63928	63928	CHP2	calcineurinBhomologousprotein2	
63929	63929	63929	XPNPEP3	X-prolylaminopeptidase(aminopeptidaseP)3,putative	
63931	63931	63931	MRPS14	mitochondrialribosomalproteinS14	
63933	63933	63933	CCDC90A	coiled-coildomaincontaining90A	
63934	63934	63934	ZNF667	zincfingerprotein667	
63935	63935	63935	PCIF1	PDX1C-terminalinhibitingfactor1	
63940	63940	63940	GPSM3	G-proteinsignalingmodulator3(AGS3-like,C.elegans)	
63941	63941	63941	NECAB3	N-terminalEF-handcalciumbindingprotein3	
63943	63943	63943	FKBPL	FK506bindingproteinlike	
6396	6396	6396	SEC13	SEC13homolog(S.cerevisiae)	
6397	6397	6397	SEC14L1	SEC14-like1(S.cerevisiae)	
63970	63970	63970	TP53AIP1	tumorproteinp53regulatedapoptosisinducingprotein1	
63973	63973	63973	NEUROG2	neurogenin2	
63974	63974	63974	NEUROD6	neurogenicdifferentiation6	
63976	63976	63976	PRDM16	PRdomaincontaining16	
63978	63978	63978	PRDM14	PRdomaincontaining14	
6398	6398	6398	SECTM1	secretedandtransmembrane1	
63982	63982	63982	ANO3	anoctamin3	
6399	6399	6399	TRAPPC2	traffickingproteinparticlecomplex2	
640	640	640	BLK	Blymphoidtyrosinekinase	
6400	6400	6400	SEL1L	sel-1suppressoroflin-12-like(C.elegans)	
6401	6401	6401	SELE	selectinE	
6402	6402	6402	SELL	selectinL	
6403	6403	6403	SELP	selectinP(granulemembraneprotein140kDa,antigenCD62)	
6404	6404	6404	SELPLG	selectinPligand	
6405	6405	6405	SEMA3F	semadomain,immunoglobulindomain(Ig),shortbasicdomain,secreted,(semaphorin)3F	
6406	6406	6406	SEMG1	semenogelinI	
64061	64061	64061	TSPYL2	TSPY-like2	
64062	64062	64062	RBM26	RNAbindingmotifprotein26	
64063	64063	64063	PRSS22	protease,serine,22	
64065	64065	64065	PERP	PERP,TP53apoptosiseffector	
64066	64066	64066	MMP27	matrixmetallopeptidase27	
64067	64067	64067	NPAS3	neuronalPASdomainprotein3	
6407	6407	6407	SEMG2	semenogelinII	
64077	64077	64077	LHPP	phospholysinephosphohistidineinorganicpyrophosphatephosphatase	
64078	64078	64078	SLC28A3	solutecarrierfamily28(sodium-couplednucleosidetransporter),member3	
64080	64080	64080	RBKS	ribokinase	
64081	64081	64081	PBLD	phenazinebiosynthesis-likeproteindomaincontaining	
64083	64083	64083	GOLPH3	golgiphosphoprotein3(coat-protein)	
64084	64084	64084	CLSTN2	calsyntenin2	
64087	64087	64087	MCCC2	methylcrotonoyl-CoenzymeAcarboxylase2(beta)	
64089	64089	64089	SNX16	sortingnexin16	
64091	64091	64091	POPDC2	popeyedomaincontaining2	
64092	64092	64092	SAMSN1	SAMdomain,SH3domainandnuclearlocalizationsignals1	
64096	64096	64096	GFRA4	GDNFfamilyreceptoralpha4	
64097	64097	64097	EPB41L4A	erythrocytemembraneproteinband4.1like4A	
641	641	641	BLM	Bloomsyndrome,RecQhelicase-like	
64100	64100	64100	ELSPBP1	epididymalspermbindingprotein1	
64102	64102	64102	TNMD	tenomodulin	
64106	64106	64106	NPFFR1	neuropeptideFFreceptor1	
64108	64108	64108	RTP4	receptor(chemosensory)transporterprotein4	
64110	64110	64110	MAGEF1	melanomaantigenfamilyF,1	
64111	64111	64111	NPVF	neuropeptideVFprecursor	
64112	64112	64112	MOAP1	modulatorofapoptosis1	
64114	64114	64114	TMBIM1	transmembraneBAXinhibitormotifcontaining1	
64116	64116	64116	SLC39A8	solutecarrierfamily39(zinctransporter),member8	
64118	64118	64118	DUS1L	dihydrouridinesynthase1-like(S.cerevisiae)	
64121	64121	64121	RRAGC	Ras-relatedGTPbindingC	
64122	64122	64122	FN3K	fructosamine3kinase	
64127	64127	64127	NOD2	nucleotide-bindingoligomerizationdomaincontaining2	
64129	64129	64129	TINAGL1	tubulointerstitialnephritisantigen-like1	
64130	64130	64130	LIN7B	lin-7homologB(C.elegans)	
64132	64132	64132	XYLT2	xylosyltransferaseII	
641339	641339	641339	ZNF674	zincfingerfamilymember674	
64135	64135	64135	IFIH1	interferoninducedwithhelicaseCdomain1	
64137	64137	64137	ABCG4	ATP-bindingcassette,sub-familyG(WHITE),member4	
6414	6414	6414	SEPP1	selenoproteinP,plasma,1	
64149	64149	64149	C17orf75	chromosome17openreadingframe75	
6415	6415	6415	SEPW1	selenoproteinW,1	
64151	64151	64151	NCAPG	non-SMCcondensinIcomplex,subunitG	
6416	6416	6416	MAP2K4	mitogen-activatedproteinkinasekinase4	
64167	64167	64167	ERAP2	endoplasmicreticulumaminopeptidase2	
64170	64170	64170	CARD9	caspaserecruitmentdomainfamily,member9	
64172	64172	64172	OSGEPL1	O-sialoglycoproteinendopeptidase-like1	
64173	64173	64173	SPATA1	spermatogenesisassociated1	
64174	64174	64174	DPEP2	dipeptidase2	
64175	64175	64175	LEPRE1	leucineproline-enrichedproteoglycan(leprecan)1	
6418	6418	6418	SET	SETnuclearoncogene	
64180	64180	64180	DPEP3	dipeptidase3	
64184	64184	64184	FAM12B	familywithsequencesimilarity12,memberB(epididymal)	
6419	6419	6419	SETMAR	SETdomainandmarinertransposasefusiongene	
642	642	642	BLMH	bleomycinhydrolase	
64208	64208	64208	POPDC3	popeyedomaincontaining3	
6421	6421	6421	SFPQ	splicingfactorproline/glutamine-rich(polypyrimidinetractbindingproteinassociated)	
64210	64210	64210	MMS19	MMS19nucleotideexcisionrepairhomolog(S.cerevisiae)	
64211	64211	64211	LHX5	LIMhomeobox5	
64215	64215	64215	DNAJC1	DnaJ(Hsp40)homolog,subfamilyC,member1	
64216	64216	64216	TFB2M	transcriptionfactorB2,mitochondrial	
64218	64218	64218	SEMA4A	semadomain,immunoglobulindomain(Ig),transmembranedomain(TM)andshortcytoplasmicdomain,(semaphorin)4A	
64219	64219	64219	PJA1	prajaringfinger1	
6422	6422	6422	SFRP1	secretedfrizzled-relatedprotein1	
64220	64220	64220	STRA6	stimulatedbyretinoicacidgene6homolog(mouse)	
64221	64221	64221	ROBO3	roundabout,axonguidancereceptor,homolog3(Drosophila)	
64222	64222	64222	TOR3A	torsinfamily3,memberA	
64223	64223	64223	MLST8	MTORassociatedprotein,LST8homolog(S.cerevisiae)	
64231	64231	64231	MS4A6A	membrane-spanning4-domains,subfamilyA,member6A	
64232	64232	64232	MS4A5	membrane-spanning4-domains,subfamilyA,member5	
64236	64236	64236	PDLIM2	PDZandLIMdomain2(mystique)	
6424	6424	6424	SFRP4	secretedfrizzled-relatedprotein4	
64240	64240	64240	ABCG5	ATP-bindingcassette,sub-familyG(WHITE),member5	
6425	6425	6425	SFRP5	secretedfrizzled-relatedprotein5	
642533	642533	642533	LOC642533	hypotheticalLOC642533	
642559	642559	642559	POU5F1P3	POUclass5homeobox1pseudogene3	
6426	6426	6426	SFRS1	splicingfactor,arginine/serine-rich1	
6427	6427	6427	SFRS2	splicingfactor,arginine/serine-rich2	
642741	642741	642741	RPL3P7	ribosomalproteinL3pseudogene7	
6428	6428	6428	SFRS3	splicingfactor,arginine/serine-rich3	
64283	64283	64283	RGNEF	Rho-guaninenucleotideexchangefactor	
64284	64284	64284	RAB17	RAB17,memberRASoncogenefamily	
64285	64285	64285	RHBDF1	rhomboid5homolog1(Drosophila)	
64288	64288	64288	ZNF323	zincfingerprotein323	
6429	6429	6429	SFRS4	splicingfactor,arginine/serine-rich4	
643	643	643	CXCR5	chemokine(C-X-Cmotif)receptor5	
6430	6430	6430	SFRS5	splicingfactor,arginine/serine-rich5	
6431	6431	6431	SFRS6	splicingfactor,arginine/serine-rich6	
64318	64318	64318	NOC3L	nucleolarcomplexassociated3homolog(S.cerevisiae)	
64319	64319	64319	FBRS	fibrosin	
6432	6432	6432	SFRS7	splicingfactor,arginine/serine-rich7,35kDa	
64320	64320	64320	RNF25	ringfingerprotein25	
64321	64321	64321	SOX17	SRY(sexdeterminingregionY)-box17	
643224	643224	643224	TUBBP5	tubulin,betapseudogene5	
64324	64324	64324	NSD1	nuclearreceptorbindingSETdomainprotein1	
64328	64328	64328	XPO4	exportin4	
6433	6433	6433	SFRS8	splicingfactor,arginine/serine-rich8(suppressor-of-white-apricothomolog,Drosophila)	
643314	643314	643314	KIAA0754	KIAA0754	
643332	643332	643332	LOC643332	similartoNonsecretoryribonucleaseprecursor(RibonucleaseUS)(Eosinophil-derivedneurotoxin)(RNaseUpI-2)(Ribonuclease2)(RNase2)	
6434	6434	6434	TRA2B	transformer2betahomolog(Drosophila)	
64342	64342	64342	HS1BP3	HCLS1bindingprotein3	
64343	64343	64343	AZI2	5-azacytidineinduced2	
64344	64344	64344	HIF3A	hypoxiainduciblefactor3,alphasubunit	
643503	643503	643503	TARDBPL	TARDNAbindingprotein-like	
64359	64359	64359	NXN	nucleoredoxin	
643641	643641	643641	ZNF862	zincfingerprotein862	
643653	643653	643653	RPL35P8	ribosomalproteinL35pseudogene8	
64374	64374	64374	SIL1	SIL1homolog,endoplasmicreticulumchaperone(S.cerevisiae)	
64375	64375	64375	IKZF4	IKAROSfamilyzincfinger4(Eos)	
64376	64376	64376	IKZF5	IKAROSfamilyzincfinger5(Pegasus)	
64377	64377	64377	CHST8	carbohydrate(N-acetylgalactosamine4-0)sulfotransferase8	
64386	64386	64386	MMP25	matrixmetallopeptidase25	
643875	643875	643875	LOC643875	similartocalponin3	
64388	64388	64388	GREM2	gremlin2,cysteineknotsuperfamily,homolog(Xenopuslaevis)	
6439	6439	6439	SFTPB	surfactantproteinB	
64393	64393	64393	ZMAT3	zincfinger,matrintype3	
64397	64397	64397	ZFP106	zincfingerprotein106homolog(mouse)	
64398	64398	64398	MPP5	membraneprotein,palmitoylated5(MAGUKp55subfamilymember5)	
644	644	644	BLVRA	biliverdinreductaseA	
6440	6440	6440	SFTPC	surfactantproteinC	
64400	64400	64400	AKTIP	AKTinteractingprotein	
644035	644035	644035	LOC644035	non-POUdomaincontaining,octamer-bindingpseudogene	
64405	64405	64405	CDH22	cadherin-like22	
644096	644096	644096	SDHAF1	succinatedehydrogenasecomplexassemblyfactor1	
6441	6441	6441	SFTPD	surfactantproteinD	
64410	64410	64410	KLHL25	kelch-like25(Drosophila)	
64411	64411	64411	ARAP3	ArfGAPwithRhoGAPdomain,ankyrinrepeatandPHdomain3	
64417	64417	64417	C5orf28	chromosome5openreadingframe28	
64418	64418	64418	TMEM168	transmembraneprotein168	
644181	644181	644181	LOC644181	similar to 3 beta-hydroxysteroid dehydrogenase/delta 5-->4-isomerase type I (3Beta-HSD I) (Trophoblast antigen FDO161G)	
64419	64419	64419	MTMR14	myotubularinrelatedprotein14	
6442	6442	6442	SGCA	sarcoglycan,alpha(50kDadystrophin-associatedglycoprotein)	
64421	64421	64421	DCLRE1C	DNAcross-linkrepair1C(PSO2homolog,S.cerevisiae)	
64422	64422	64422	ATG3	ATG3autophagyrelated3homolog(S.cerevisiae)	
64423	64423	64423	INF2	invertedformin,FH2andWH2domaincontaining	
64425	64425	64425	POLR1E	polymerase(RNA)IpolypeptideE,53kDa	
64427	64427	64427	TTC31	tetratricopeptiderepeatdomain31	
64428	64428	64428	NARFL	nuclearprelaminArecognitionfactor-like	
64429	64429	64429	ZDHHC6	zincfinger,DHHC-typecontaining6	
6443	6443	6443	SGCB	sarcoglycan,beta(43kDadystrophin-associatedglycoprotein)	
64430	64430	64430	C14orf135	chromosome14openreadingframe135	
64431	64431	64431	ACTR6	ARP6actin-relatedprotein6homolog(yeast)	
6444	6444	6444	SGCD	sarcoglycan,delta(35kDadystrophin-associatedglycoprotein)	
64446	64446	64446	DNAI2	dynein,axonemal,intermediatechain2	
6445	6445	6445	SGCG	sarcoglycan,gamma(35kDadystrophin-associatedglycoprotein)	
644540	644540	644540	TCEB1P3	transcriptionelongationfactorB(SIII),polypeptide1(15kDa,elonginC)pseudogene3	
6446	6446	6446	SGK1	serum/glucocorticoidregulatedkinase1	
6447	6447	6447	SCG5	secretograninV(7B2protein)	
6448	6448	6448	SGSH	N-sulfoglucosaminesulfohydrolase	
6449	6449	6449	SGTA	smallglutamine-richtetratricopeptiderepeat(TPR)-containing,alpha	
645	645	645	BLVRB	biliverdinreductaseB(flavinreductase(NADPH))	
6450	6450	6450	SH3BGR	SH3domainbindingglutamicacid-richprotein	
6451	6451	6451	SH3BGRL	SH3domainbindingglutamicacid-richproteinlike	
645139	645139	645139	LOC645139	similartopoly(A)bindingproteininteractingprotein1	
6452	6452	6452	SH3BP2	SH3-domainbindingprotein2	
645226	645226	645226	LOC645226	similar to melanoma antigen family C, 3 isoform 2	
6453	6453	6453	ITSN1	intersectin1(SH3domainprotein)	
645452	645452	645452	RPL21P68	ribosomalproteinL21pseudogene68	
645468	645468	645468	LOC645468	insulin-likegrowthfactor2mRNAbindingprotein3pseudogene	
6455	6455	6455	SH3GL1	SH3-domainGRB2-like1	
645538	645538	645538	GOT2L1	glutamic-oxaloacetictransaminase2-like1pseudogene	
6456	6456	6456	SH3GL2	SH3-domainGRB2-like2	
645682	645682	645682	POU5F1P4	POUclass5homeobox1pseudogene4	
6457	6457	6457	SH3GL3	SH3-domainGRB2-like3	
645745	645745	645745	MT1P2	metallothionein1pseudogene2	
645749	645749	645749	LOC645749	similartoZincfingerprotein131	
64577	64577	64577	ALDH8A1	aldehydedehydrogenase8family,memberA1	
64579	64579	64579	NDST4	N-deacetylase/N-sulfotransferase(heparanglucosaminyl)4	
64581	64581	64581	CLEC7A	C-typelectindomainfamily7,memberA	
64582	64582	64582	GPR135	Gprotein-coupledreceptor135	
64595	64595	64595	TTTY15	testis-specifictranscript,Y-linked15	
64598	64598	64598	MOSPD3	motilespermdomaincontaining3	
646	646	646	BNC1	basonuclin1	
64600	64600	64600	PLA2G2F	phospholipaseA2,groupIIF	
64601	64601	64601	VPS16	vacuolarproteinsorting16homolog(S.cerevisiae)	
6461	6461	6461	SHB	Srchomology2domaincontainingadaptorproteinB	
6462	6462	6462	SHBG	sexhormone-bindingglobulin	
646282	646282	646282	AZGP1P1	alpha-2-glycoprotein1,zinc-bindingpseudogene1	
6464	6464	6464	SHC1	SHC(Srchomology2domaincontaining)transformingprotein1	
64641	64641	64641	EBF2	earlyB-cellfactor2	
646417	646417	646417	RPL29P5	ribosomalproteinL29pseudogene5	
646702	646702	646702	HLA-DPA2	majorhistocompatibilitycomplex,classII,DPalpha2(pseudogene)	
646756	646756	646756	LOC646756	Hermansky-Pudlaksyndrome1proteinpseudogene	
6468	6468	6468	FBXW4	F-boxandWDrepeatdomaincontaining4	
646808	646808	646808	LOC646808	similartoLantigenfamily,member3	
64689	64689	64689	GORASP1	golgireassemblystackingprotein1,65kDa	
6469	6469	6469	SHH	sonichedgehoghomolog(Drosophila)	
646912	646912	646912	RPL7P52	ribosomalproteinL7pseudogene52	
64693	64693	64693	CTAGE1	cutaneousT-celllymphoma-associatedantigen1	
64699	64699	64699	TMPRSS3	transmembraneprotease,serine3	
6470	6470	6470	SHMT1	serinehydroxymethyltransferase1(soluble)	
647070	647070	647070	LOC647070	hypotheticalLOC647070	
64708	64708	64708	COPS7B	COP9constitutivephotomorphogenichomologsubunit7B(Arabidopsis)	
64714	64714	64714	PDIA2	proteindisulfideisomerasefamilyA,member2	
6472	6472	6472	SHMT2	serinehydroxymethyltransferase2(mitochondrial)	
647288	647288	647288	RP11-159J2.1	CTAGEfamily,member5pseudogene	
6474	6474	6474	SHOX2	shortstaturehomeobox2	
64743	64743	64743	WDR13	WDrepeatdomain13	
64745	64745	64745	METT11D1	methyltransferase11domaincontaining1	
64746	64746	64746	ACBD3	acyl-CoenzymeAbindingdomaincontaining3	
64747	64747	64747	MFSD1	majorfacilitatorsuperfamilydomaincontaining1	
64748	64748	64748	LPPR2	lipidphosphatephosphatase-relatedproteintype2	
64750	64750	64750	SMURF2	SMADspecificE3ubiquitinproteinligase2	
64754	64754	64754	SMYD3	SETandMYNDdomaincontaining3	
64755	64755	64755	C16orf58	chromosome16openreadingframe58	
64757	64757	64757	MOSC1	MOCOsulphuraseC-terminaldomaincontaining1	
64759	64759	64759	TNS3	tensin3	
6476	6476	6476	SI	sucrase-isomaltase(alpha-glucosidase)	
64760	64760	64760	FAM160B2	familywithsequencesimilarity160,memberB2	
64761	64761	64761	PARP12	poly(ADP-ribose)polymerasefamily,member12	
64762	64762	64762	FAM59A	familywithsequencesimilarity59,memberA	
64763	64763	64763	ZNF574	zincfingerprotein574	
64764	64764	64764	CREB3L2	cAMPresponsiveelementbindingprotein3-like2	
64766	64766	64766	S100PBP	S100Pbindingprotein	
64768	64768	64768	IPPK	inositol1,3,4,5,6-pentakisphosphate2-kinase	
64769	64769	64769	MEAF6	MYST/Esa1-associatedfactor6	
6477	6477	6477	SIAH1	seveninabsentiahomolog1(Drosophila)	
64771	64771	64771	C6orf106	chromosome6openreadingframe106	
64772	64772	64772	ENGASE	endo-beta-N-acetylglucosaminidase	
64776	64776	64776	C11orf1	chromosome11openreadingframe1	
64777	64777	64777	RMND5B	requiredformeioticnucleardivision5homologB(S.cerevisiae)	
64778	64778	64778	FNDC3B	fibronectintypeIIIdomaincontaining3B	
64779	64779	64779	MTHFSD	methenyltetrahydrofolatesynthetasedomaincontaining	
6478	6478	6478	SIAH2	seveninabsentiahomolog2(Drosophila)	
64780	64780	64780	MICAL1	microtubuleassociatedmonoxygenase,calponinandLIMdomaincontaining1	
64781	64781	64781	CERK	ceramidekinase	
64782	64782	64782	AEN	apoptosisenhancingnuclease	
64783	64783	64783	RBM15	RNAbindingmotifprotein15	
64785	64785	64785	GINS3	GINScomplexsubunit3(Psf3homolog)	
64786	64786	64786	TBC1D15	TBC1domainfamily,member15	
64787	64787	64787	EPS8L2	EPS8-like2	
64788	64788	64788	LMF1	lipasematurationfactor1	
64789	64789	64789	DEM1	defectsinmorphology1homolog(S.cerevisiae)	
64792	64792	64792	RABL5	RAB,memberRASoncogenefamily-like5	
64793	64793	64793	CCDC21	coiled-coildomaincontaining21	
64794	64794	64794	DDX31	DEAD(Asp-Glu-Ala-Asp)boxpolypeptide31	
64795	64795	64795	RMND5A	requiredformeioticnucleardivision5homologA(S.cerevisiae)	
64798	64798	64798	DEPDC6	DEPdomaincontaining6	
64799	64799	64799	IQCH	IQmotifcontainingH	
648	648	648	BMI1	BMI1polycombringfingeroncogene	
6480	6480	6480	ST6GAL1	ST6beta-galactosamidealpha-2,6-sialyltranferase1	
64800	64800	64800	EFCAB6	EF-handcalciumbindingdomain6	
64806	64806	64806	IL25	interleukin25	
64816	64816	64816	CYP3A43	cytochromeP450,family3,subfamilyA,polypeptide43	
6482	6482	6482	ST3GAL1	ST3beta-galactosidealpha-2,3-sialyltransferase1	
6483	6483	6483	ST3GAL2	ST3beta-galactosidealpha-2,3-sialyltransferase2	
64834	64834	64834	ELOVL1	elongationofverylongchainfattyacids(FEN1/Elo2,SUR4/Elo3,yeast)-like1	
64837	64837	64837	KLC2	kinesinlightchain2	
64838	64838	64838	FNDC4	fibronectintypeIIIdomaincontaining4	
6484	6484	6484	ST3GAL4	ST3beta-galactosidealpha-2,3-sialyltransferase4	
64840	64840	64840	PORCN	porcupinehomolog(Drosophila)	
64844	64844	64844	MARCH7	membrane-associatedringfinger(C3HC4)7	
64847	64847	64847	SPATA20	spermatogenesisassociated20	
64848	64848	64848	YTHDC2	YTHdomaincontaining2	
64849	64849	64849	SLC13A3	solutecarrierfamily13(sodium-dependentdicarboxylatetransporter),member3	
64850	64850	64850	AGXT2L1	alanine-glyoxylateaminotransferase2-like1	
64852	64852	64852	TUT1	terminaluridylyltransferase1,U6snRNA-specific	
64853	64853	64853	AIDA	axininteractor,dorsalizationassociated	
64854	64854	64854	USP46	ubiquitinspecificpeptidase46	
64856	64856	64856	VWA1	vonWillebrandfactorAdomaincontaining1	
64858	64858	64858	DCLRE1B	DNAcross-linkrepair1B(PSO2homolog,S.cerevisiae)	
64860	64860	64860	ARMCX5	armadillorepeatcontaining,X-linked5	
64863	64863	64863	METTL4	methyltransferaselike4	
64864	64864	64864	RFX7	regulatoryfactorX,7	
64866	64866	64866	CDCP1	CUBdomaincontainingprotein1	
6489	6489	6489	ST8SIA1	ST8alpha-N-acetyl-neuraminidealpha-2,8-sialyltransferase1	
64895	64895	64895	PAPOLG	poly(A)polymerasegamma	
64897	64897	64897	C12orf43	chromosome12openreadingframe43	
649	649	649	BMP1	bonemorphogeneticprotein1	
6490	6490	6490	SILV	silverhomolog(mouse)	
64901	64901	64901	RANBP17	RANbindingprotein17	
6491	6491	6491	STIL	SCL/TAL1interruptinglocus	
64919	64919	64919	BCL11B	B-cellCLL/lymphoma11B(zincfingerprotein)	
64921	64921	64921	CASD1	CAS1domaincontaining1	
64922	64922	64922	LRRC19	leucinerichrepeatcontaining19	
64924	64924	64924	SLC30A5	solutecarrierfamily30(zinctransporter),member5	
64927	64927	64927	TTC23	tetratricopeptiderepeatdomain23	
6493	6493	6493	SIM2	single-mindedhomolog2(Drosophila)	
6494	6494	6494	SIPA1	signal-inducedproliferation-associated1	
64940	64940	64940	STAG3L4	stromalantigen3-like4	
64943	64943	64943	NT5DC2	5'-nucleotidasedomaincontaining2	
6495	6495	6495	SIX1	SIXhomeobox1	
6496	6496	6496	SIX3	SIXhomeobox3	
64960	64960	64960	MRPS15	mitochondrialribosomalproteinS15	
64963	64963	64963	MRPS11	mitochondrialribosomalproteinS11	
64976	64976	64976	MRPL40	mitochondrialribosomalproteinL40	
6498	6498	6498	SKIL	SKI-likeoncogene	
64981	64981	64981	MRPL34	mitochondrialribosomalproteinL34	
6499	6499	6499	SKIV2L	superkillerviralicidicactivity2-like(S.cerevisiae)	
650	650	650	BMP2	bonemorphogeneticprotein2	
6500	6500	6500	SKP1	S-phasekinase-associatedprotein1	
65003	65003	65003	MRPL11	mitochondrialribosomalproteinL11	
65005	65005	65005	MRPL9	mitochondrialribosomalproteinL9	
65009	65009	65009	NDRG4	NDRGfamilymember4	
65010	65010	65010	SLC26A6	solutecarrierfamily26,member6	
65012	65012	65012	SLC26A10	solutecarrierfamily26,member10	
65018	65018	65018	PINK1	PTENinducedputativekinase1	
6502	6502	6502	SKP2	S-phasekinase-associatedprotein2(p45)	
6503	6503	6503	SLA	Src-like-adaptor	
6504	6504	6504	SLAMF1	signalinglymphocyticactivationmoleculefamilymember1	
6505	6505	6505	SLC1A1	solutecarrierfamily1(neuronal/epithelialhighaffinityglutamatetransporter,systemXag),member1	
65055	65055	65055	REEP1	receptoraccessoryprotein1	
65057	65057	65057	ACD	adrenocorticaldysplasiahomolog(mouse)	
6506	6506	6506	SLC1A2	solutecarrierfamily1(glialhighaffinityglutamatetransporter),member2	
6507	6507	6507	SLC1A3	solutecarrierfamily1(glialhighaffinityglutamatetransporter),member3	
6508	6508	6508	SLC4A3	solutecarrierfamily4,anionexchanger,member3	
65080	65080	65080	MRPL44	mitochondrialribosomalproteinL44	
65082	65082	65082	VPS33A	vacuolarproteinsorting33homologA(S.cerevisiae)	
65083	65083	65083	NOL6	nucleolarproteinfamily6(RNA-associated)	
65084	65084	65084	TMEM135	transmembraneprotein135	
6509	6509	6509	SLC1A4	solutecarrierfamily1(glutamate/neutralaminoacidtransporter),member4	
65094	65094	65094	JMJD4	jumonjidomaincontaining4	
65095	65095	65095	KRI1	KRI1homolog(S.cerevisiae)	
651	651	651	BMP3	bonemorphogeneticprotein3	
6510	6510	6510	SLC1A5	solutecarrierfamily1(neutralaminoacidtransporter),member5	
65108	65108	65108	MARCKSL1	MARCKS-like1	
65109	65109	65109	UPF3B	UPF3regulatorofnonsensetranscriptshomologB(yeast)	
6511	6511	6511	SLC1A6	solutecarrierfamily1(highaffinityaspartate/glutamatetransporter),member6	
65110	65110	65110	UPF3A	UPF3regulatorofnonsensetranscriptshomologA(yeast)	
65117	65117	65117	RSRC2	arginine/serine-richcoiled-coil2	
6512	6512	6512	SLC1A7	solutecarrierfamily1(glutamatetransporter),member7	
65123	65123	65123	INTS3	integratorcomplexsubunit3	
65124	65124	65124	ANKRD57	ankyrinrepeatdomain57	
65125	65125	65125	WNK1	WNKlysinedeficientproteinkinase1	
6513	6513	6513	SLC2A1	solutecarrierfamily2(facilitatedglucosetransporter),member1	
6514	6514	6514	SLC2A2	solutecarrierfamily2(facilitatedglucosetransporter),member2	
6515	6515	6515	SLC2A3	solutecarrierfamily2(facilitatedglucosetransporter),member3	
6517	6517	6517	SLC2A4	solutecarrierfamily2(facilitatedglucosetransporter),member4	
6518	6518	6518	SLC2A5	solutecarrierfamily2(facilitatedglucose/fructosetransporter),member5	
6519	6519	6519	SLC3A1	solutecarrierfamily3(cystine,dibasicandneutralaminoacidtransporters,activatorofcystine,dibasicandneutralaminoacidtransport),member1	
652	652	652	BMP4	bonemorphogeneticprotein4	
6520	6520	6520	SLC3A2	solutecarrierfamily3(activatorsofdibasicandneutralaminoacidtransport),member2	
6522	6522	6522	SLC4A2	solutecarrierfamily4,anionexchanger,member2(erythrocytemembraneproteinband3-like1)	
65220	65220	65220	NADK	NADkinase	
6523	6523	6523	SLC5A1	solutecarrierfamily5(sodium/glucosecotransporter),member1	
6524	6524	6524	SLC5A2	solutecarrierfamily5(sodium/glucosecotransporter),member2	
65243	65243	65243	ZNF643	zincfingerprotein643	
65244	65244	65244	SPATS2	spermatogenesisassociated,serine-rich2	
6525	6525	6525	SMTN	smoothelin	
65250	65250	65250	C5orf42	chromosome5openreadingframe42	
65258	65258	65258	MPPE1	metallophosphoesterase1	
65259	65259	65259	C16orf28	chromosome 16 open reading frame 28	
65260	65260	65260	C1orf163	chromosome1openreadingframe163	
65263	65263	65263	PYCRL	pyrroline-5-carboxylatereductase-like	
65264	65264	65264	UBE2Z	ubiquitin-conjugatingenzymeE2Z	
65265	65265	65265	C8orf33	chromosome8openreadingframe33	
6527	6527	6527	SLC5A4	solutecarrierfamily5(lowaffinityglucosecotransporter),member4	
6528	6528	6528	SLC5A5	solutecarrierfamily5(sodiumiodidesymporter),member5	
6529	6529	6529	SLC6A1	solutecarrierfamily6(neurotransmittertransporter,GABA),member1	
653	653	653	BMP5	bonemorphogeneticprotein5	
6530	6530	6530	SLC6A2	solutecarrierfamily6(neurotransmittertransporter,noradrenalin),member2	
6531	6531	6531	SLC6A3	solutecarrierfamily6(neurotransmittertransporter,dopamine),member3	
6532	6532	6532	SLC6A4	solutecarrierfamily6(neurotransmittertransporter,serotonin),member4	
6533	6533	6533	SLC6A6	solutecarrierfamily6(neurotransmittertransporter,taurine),member6	
6534	6534	6534	SLC6A7	solutecarrierfamily6(neurotransmittertransporter,L-proline),member7	
6535	6535	6535	SLC6A8	solutecarrierfamily6(neurotransmittertransporter,creatine),member8	
6536	6536	6536	SLC6A9	solutecarrierfamily6(neurotransmittertransporter,glycine),member9	
653639	653639	653639	LYPLA2P1	lysophospholipaseIIpseudogene1	
6538	6538	6538	SLC6A11	solutecarrierfamily6(neurotransmittertransporter,GABA),member11	
653808	653808	653808	ZG16	zymogengranuleprotein16homolog(rat)	
6539	6539	6539	SLC6A12	solutecarrierfamily6(neurotransmittertransporter,betaine/GABA),member12	
654	654	654	BMP6	bonemorphogeneticprotein6	
6540	6540	6540	SLC6A13	solutecarrierfamily6(neurotransmittertransporter,GABA),member13	
6541	6541	6541	SLC7A1	solutecarrierfamily7(cationicaminoacidtransporter,y+system),member1	
6542	6542	6542	SLC7A2	solutecarrierfamily7(cationicaminoacidtransporter,y+system),member2	
6543	6543	6543	SLC8A2	solutecarrierfamily8(sodium/calciumexchanger),member2	
6545	6545	6545	SLC7A4	solutecarrierfamily7(cationicaminoacidtransporter,y+system),member4	
6546	6546	6546	SLC8A1	solutecarrierfamily8(sodium/calciumexchanger),member1	
654787	654787	654787	DPH1-OVCA2	region containing DPH1 and OVCA2	
6548	6548	6548	SLC9A1	solutecarrierfamily9(sodium/hydrogenexchanger),member1	
6549	6549	6549	SLC9A2	solutecarrierfamily9(sodium/hydrogenexchanger),member2	
655	655	655	BMP7	bonemorphogeneticprotein7	
6550	6550	6550	SLC9A3	solutecarrierfamily9(sodium/hydrogenexchanger),member3	
6553	6553	6553	SLC9A5	solutecarrierfamily9(sodium/hydrogenexchanger),member5	
6554	6554	6554	SLC10A1	solutecarrierfamily10(sodium/bileacidcotransporterfamily),member1	
6555	6555	6555	SLC10A2	solutecarrierfamily10(sodium/bileacidcotransporterfamily),member2	
6556	6556	6556	SLC11A1	solutecarrierfamily11(proton-coupleddivalentmetaliontransporters),member1	
6558	6558	6558	SLC12A2	solutecarrierfamily12(sodium/potassium/chloridetransporters),member2	
6559	6559	6559	SLC12A3	solutecarrierfamily12(sodium/chloridetransporters),member3	
656	656	656	BMP8B	bonemorphogeneticprotein8b	
6560	6560	6560	SLC12A4	solutecarrierfamily12(potassium/chloridetransporters),member4	
6561	6561	6561	SLC13A1	solutecarrierfamily13(sodium/sulfatesymporters),member1	
6563	6563	6563	SLC14A1	solutecarrierfamily14(ureatransporter),member1(Kiddbloodgroup)	
6564	6564	6564	SLC15A1	solutecarrierfamily15(oligopeptidetransporter),member1	
6565	6565	6565	SLC15A2	solutecarrierfamily15(H+/peptidetransporter),member2	
6566	6566	6566	SLC16A1	solutecarrierfamily16,member1(monocarboxylicacidtransporter1)	
6567	6567	6567	SLC16A2	solutecarrierfamily16,member2(monocarboxylicacidtransporter8)	
6568	6568	6568	SLC17A1	solutecarrierfamily17(sodiumphosphate),member1	
6569	6569	6569	SLC34A1	solutecarrierfamily34(sodiumphosphate),member1	
657	657	657	BMPR1A	bonemorphogeneticproteinreceptor,typeIA	
6570	6570	6570	SLC18A1	solutecarrierfamily18(vesicularmonoamine),member1	
6572	6572	6572	SLC18A3	solutecarrierfamily18(vesicularacetylcholine),member3	
6573	6573	6573	SLC19A1	solutecarrierfamily19(folatetransporter),member1	
6574	6574	6574	SLC20A1	solutecarrierfamily20(phosphatetransporter),member1	
6575	6575	6575	SLC20A2	solutecarrierfamily20(phosphatetransporter),member2	
6576	6576	6576	SLC25A1	solutecarrierfamily25(mitochondrialcarrier;citratetransporter),member1	
6578	6578	6578	SLCO2A1	solutecarrierorganicaniontransporterfamily,member2A1	
6579	6579	6579	SLCO1A2	solutecarrierorganicaniontransporterfamily,member1A2	
658	658	658	BMPR1B	bonemorphogeneticproteinreceptor,typeIB	
6580	6580	6580	SLC22A1	solutecarrierfamily22(organiccationtransporter),member1	
6581	6581	6581	SLC22A3	solutecarrierfamily22(extraneuronalmonoaminetransporter),member3	
6582	6582	6582	SLC22A2	solutecarrierfamily22(organiccationtransporter),member2	
6583	6583	6583	SLC22A4	solutecarrierfamily22(organiccation/ergothioneinetransporter),member4	
6584	6584	6584	SLC22A5	solutecarrierfamily22(organiccation/carnitinetransporter),member5	
6585	6585	6585	SLIT1	slithomolog1(Drosophila)	
6586	6586	6586	SLIT3	slithomolog3(Drosophila)	
6588	6588	6588	SLN	sarcolipin	
659	659	659	BMPR2	bonemorphogeneticproteinreceptor,typeII(serine/threoninekinase)	
6590	6590	6590	SLPI	secretoryleukocytepeptidaseinhibitor	
6591	6591	6591	SNAI2	snailhomolog2(Drosophila)	
6594	6594	6594	SMARCA1	SWI/SNFrelated,matrixassociated,actindependentregulatorofchromatin,subfamilya,member1	
6595	6595	6595	SMARCA2	SWI/SNFrelated,matrixassociated,actindependentregulatorofchromatin,subfamilya,member2	
6596	6596	6596	HLTF	helicase-liketranscriptionfactor	
6597	6597	6597	SMARCA4	SWI/SNFrelated,matrixassociated,actindependentregulatorofchromatin,subfamilya,member4	
65979	65979	65979	PHACTR4	phosphataseandactinregulator4	
6598	6598	6598	SMARCB1	SWI/SNFrelated,matrixassociated,actindependentregulatorofchromatin,subfamilyb,member1	
65980	65980	65980	BRD9	bromodomaincontaining9	
65981	65981	65981	CAPRIN2	caprinfamilymember2	
65982	65982	65982	ZSCAN18	zincfingerandSCANdomaincontaining18	
65983	65983	65983	GRAMD3	GRAMdomaincontaining3	
65985	65985	65985	AACS	acetoacetyl-CoAsynthetase	
65987	65987	65987	KCTD14	potassiumchanneltetramerisationdomaincontaining14	
65988	65988	65988	ZNF747	zincfingerprotein747	
65989	65989	65989	DLK2	delta-like2homolog(Drosophila)	
6599	6599	6599	SMARCC1	SWI/SNFrelated,matrixassociated,actindependentregulatorofchromatin,subfamilyc,member1	
65990	65990	65990	FAM173A	familywithsequencesimilarity173,memberA	
65992	65992	65992	DDRGK1	DDRGKdomaincontaining1	
65993	65993	65993	MRPS34	mitochondrialribosomalproteinS34	
65996	65996	65996	MGC2752	hypotheticalLOC65996	
65997	65997	65997	RASL11B	RAS-like,family11,memberB	
65998	65998	65998	LOC65998	hypotheticalproteinLOC65998	
65999	65999	65999	LRRC61	leucinerichrepeatcontaining61	
660	660	660	BMX	BMXnon-receptortyrosinekinase	
66002	66002	66002	CYP4F12	cytochromeP450,family4,subfamilyF,polypeptide12	
66008	66008	66008	TRAK2	traffickingprotein,kinesinbinding2	
6601	6601	6601	SMARCC2	SWI/SNFrelated,matrixassociated,actindependentregulatorofchromatin,subfamilyc,member2	
6602	6602	6602	SMARCD1	SWI/SNFrelated,matrixassociated,actindependentregulatorofchromatin,subfamilyd,member1	
6603	6603	6603	SMARCD2	SWI/SNFrelated,matrixassociated,actindependentregulatorofchromatin,subfamilyd,member2	
66035	66035	66035	SLC2A11	solutecarrierfamily2(facilitatedglucosetransporter),member11	
66036	66036	66036	MTMR9	myotubularinrelatedprotein9	
6604	6604	6604	SMARCD3	SWI/SNFrelated,matrixassociated,actindependentregulatorofchromatin,subfamilyd,member3	
6605	6605	6605	SMARCE1	SWI/SNFrelated,matrixassociated,actindependentregulatorofchromatin,subfamilye,member1	
6608	6608	6608	SMO	smoothenedhomolog(Drosophila)	
6609	6609	6609	SMPD1	sphingomyelinphosphodiesterase1,acidlysosomal	
661	661	661	POLR3D	polymerase(RNA)III(DNAdirected)polypeptideD,44kDa	
6610	6610	6610	SMPD2	sphingomyelinphosphodiesterase2,neutralmembrane(neutralsphingomyelinase)	
6612	6612	6612	SUMO3	SMT3suppressorofmiftwo3homolog3(S.cerevisiae)	
6614	6614	6614	SIGLEC1	sialicacidbindingIg-likelectin1,sialoadhesin	
6615	6615	6615	SNAI1	snailhomolog1(Drosophila)	
6616	6616	6616	SNAP25	synaptosomal-associatedprotein,25kDa	
6617	6617	6617	SNAPC1	smallnuclearRNAactivatingcomplex,polypeptide1,43kDa	
6618	6618	6618	SNAPC2	smallnuclearRNAactivatingcomplex,polypeptide2,45kDa	
6619	6619	6619	SNAPC3	smallnuclearRNAactivatingcomplex,polypeptide3,50kDa	
662	662	662	BNIP1	BCL2/adenovirusE1B19kDainteractingprotein1	
6620	6620	6620	SNCB	synuclein,beta	
6621	6621	6621	SNAPC4	smallnuclearRNAactivatingcomplex,polypeptide4,190kDa	
6622	6622	6622	SNCA	synuclein,alpha(nonA4componentofamyloidprecursor)	
6623	6623	6623	SNCG	synuclein,gamma(breastcancer-specificprotein1)	
6624	6624	6624	FSCN1	fascinhomolog1,actin-bundlingprotein(Strongylocentrotuspurpuratus)	
6625	6625	6625	SNRNP70	smallnuclearribonucleoprotein70kDa(U1)	
6626	6626	6626	SNRPA	smallnuclearribonucleoproteinpolypeptideA	
6628	6628	6628	SNRPB	smallnuclearribonucleoproteinpolypeptidesBandB1	
6629	6629	6629	SNRPB2	smallnuclearribonucleoproteinpolypeptideB''	
663	663	663	BNIP2	BCL2/adenovirusE1B19kDainteractingprotein2	
6631	6631	6631	SNRPC	smallnuclearribonucleoproteinpolypeptideC	
6632	6632	6632	SNRPD1	smallnuclearribonucleoproteinD1polypeptide16kDa	
6633	6633	6633	SNRPD2	smallnuclearribonucleoproteinD2polypeptide16.5kDa	
6634	6634	6634	SNRPD3	smallnuclearribonucleoproteinD3polypeptide18kDa	
6636	6636	6636	SNRPF	smallnuclearribonucleoproteinpolypeptideF	
664	664	664	BNIP3	BCL2/adenovirusE1B19kDainteractingprotein3	
6640	6640	6640	SNTA1	syntrophin,alpha1(dystrophin-associatedproteinA1,59kDa,acidiccomponent)	
6641	6641	6641	SNTB1	syntrophin,beta1(dystrophin-associatedproteinA1,59kDa,basiccomponent1)	
6642	6642	6642	SNX1	sortingnexin1	
6643	6643	6643	SNX2	sortingnexin2	
6645	6645	6645	SNTB2	syntrophin,beta2(dystrophin-associatedproteinA1,59kDa,basiccomponent2)	
6646	6646	6646	SOAT1	sterolO-acyltransferase1	
6647	6647	6647	SOD1	superoxidedismutase1,soluble	
6648	6648	6648	SOD2	superoxidedismutase2,mitochondrial	
6649	6649	6649	SOD3	superoxidedismutase3,extracellular	
665	665	665	BNIP3L	BCL2/adenovirusE1B19kDainteractingprotein3-like	
6650	6650	6650	SOLH	smallopticlobeshomolog(Drosophila)	
6651	6651	6651	SON	SONDNAbindingprotein	
6653	6653	6653	SORL1	sortilin-relatedreceptor,L(DLRclass)Arepeats-containing	
6654	6654	6654	SOS1	sonofsevenlesshomolog1(Drosophila)	
6655	6655	6655	SOS2	sonofsevenlesshomolog2(Drosophila)	
6656	6656	6656	SOX1	SRY(sexdeterminingregionY)-box1	
6657	6657	6657	SOX2	SRY(sexdeterminingregionY)-box2	
6658	6658	6658	SOX3	SRY(sexdeterminingregionY)-box3	
6659	6659	6659	SOX4	SRY(sexdeterminingregionY)-box4	
6660	6660	6660	SOX5	SRY(sexdeterminingregionY)-box5	
6662	6662	6662	SOX9	SRY(sexdeterminingregionY)-box9	
6663	6663	6663	SOX10	SRY(sexdeterminingregionY)-box10	
6664	6664	6664	SOX11	SRY(sexdeterminingregionY)-box11	
6665	6665	6665	SOX15	SRY(sexdeterminingregionY)-box15	
6666	6666	6666	SOX12	SRY(sexdeterminingregionY)-box12	
6667	6667	6667	SP1	Sp1transcriptionfactor	
6668	6668	6668	SP2	Sp2transcriptionfactor	
667	667	667	DST	dystonin	
6670	6670	6670	SP3	Sp3transcriptionfactor	
6671	6671	6671	SP4	Sp4transcriptionfactor	
6672	6672	6672	SP100	SP100nuclearantigen	
6674	6674	6674	SPAG1	spermassociatedantigen1	
6675	6675	6675	UAP1	UDP-N-acteylglucosaminepyrophosphorylase1	
6676	6676	6676	SPAG4	spermassociatedantigen4	
6677	6677	6677	SPAM1	spermadhesionmolecule1(PH-20hyaluronidase,zonapellucidabinding)	
6678	6678	6678	SPARC	secretedprotein,acidic,cysteine-rich(osteonectin)	
668	668	668	FOXL2	forkheadboxL2	
6683	6683	6683	SPAST	spastin	
6687	6687	6687	SPG7	spasticparaplegia7(pureandcomplicatedautosomalrecessive)	
6688	6688	6688	SPI1	spleenfocusformingvirus(SFFV)proviralintegrationoncogenespi1	
6689	6689	6689	SPIB	Spi-Btranscriptionfactor(Spi-1/PU.1related)	
669	669	669	BPGM	2,3-bisphosphoglyceratemutase	
6690	6690	6690	SPINK1	serinepeptidaseinhibitor,Kazaltype1	
6691	6691	6691	SPINK2	serinepeptidaseinhibitor,Kazaltype2(acrosin-trypsininhibitor)	
6692	6692	6692	SPINT1	serinepeptidaseinhibitor,Kunitztype1	
6693	6693	6693	SPN	sialophorin	
6694	6694	6694	SPP2	secretedphosphoprotein2,24kDa	
6695	6695	6695	SPOCK1	sparc/osteonectin,cwcvandkazal-likedomainsproteoglycan(testican)1	
6696	6696	6696	SPP1	secretedphosphoprotein1	
6697	6697	6697	SPR	sepiapterinreductase(7,8-dihydrobiopterin:NADP+oxidoreductase)	
6698	6698	6698	SPRR1A	smallproline-richprotein1A	
6699	6699	6699	SPRR1B	smallproline-richprotein1B(cornifin)	
670	670	670	BPHL	biphenylhydrolase-like(serinehydrolase)	
6707	6707	6707	SPRR3	smallproline-richprotein3	
6708	6708	6708	SPTA1	spectrin,alpha,erythrocytic1(elliptocytosis2)	
6709	6709	6709	SPTAN1	spectrin,alpha,non-erythrocytic1(alpha-fodrin)	
671	671	671	BPI	bactericidal/permeability-increasingprotein	
6710	6710	6710	SPTB	spectrin,beta,erythrocytic	
6711	6711	6711	SPTBN1	spectrin,beta,non-erythrocytic1	
6712	6712	6712	SPTBN2	spectrin,beta,non-erythrocytic2	
6713	6713	6713	SQLE	squaleneepoxidase	
6714	6714	6714	SRC	v-srcsarcoma(Schmidt-RuppinA-2)viraloncogenehomolog(avian)	
6715	6715	6715	SRD5A1	steroid-5-alpha-reductase,alphapolypeptide1(3-oxo-5alpha-steroiddelta4-dehydrogenasealpha1)	
6716	6716	6716	SRD5A2	steroid-5-alpha-reductase,alphapolypeptide2(3-oxo-5alpha-steroiddelta4-dehydrogenasealpha2)	
6717	6717	6717	SRI	sorcin	
6718	6718	6718	AKR1D1	aldo-ketoreductasefamily1,memberD1(delta4-3-ketosteroid-5-beta-reductase)	
672	672	672	BRCA1	breastcancer1,earlyonset	
6720	6720	6720	SREBF1	sterolregulatoryelementbindingtranscriptionfactor1	
6721	6721	6721	SREBF2	sterolregulatoryelementbindingtranscriptionfactor2	
6722	6722	6722	SRF	serumresponsefactor(c-fosserumresponseelement-bindingtranscriptionfactor)	
6723	6723	6723	SRM	spermidinesynthase	
6726	6726	6726	SRP9	signalrecognitionparticle9kDa	
6727	6727	6727	SRP14	signalrecognitionparticle14kDa(homologousAluRNAbindingprotein)	
6728	6728	6728	SRP19	signalrecognitionparticle19kDa	
6729	6729	6729	SRP54	signalrecognitionparticle54kDa	
673	673	673	BRAF	v-rafmurinesarcomaviraloncogenehomologB1	
6731	6731	6731	SRP72	signalrecognitionparticle72kDa	
6732	6732	6732	SRPK1	SFRSproteinkinase1	
6733	6733	6733	SRPK2	SFRSproteinkinase2	
6734	6734	6734	SRPR	signalrecognitionparticlereceptor(dockingprotein)	
6736	6736	6736	SRY	sexdeterminingregionY	
6737	6737	6737	TRIM21	tripartitemotif-containing21	
6738	6738	6738	TROVE2	TROVEdomainfamily,member2	
6741	6741	6741	SSB	SjogrensyndromeantigenB(autoantigenLa)	
6742	6742	6742	SSBP1	single-strandedDNAbindingprotein1	
6744	6744	6744	SSFA2	spermspecificantigen2	
6745	6745	6745	SSR1	signalsequencereceptor,alpha	
6746	6746	6746	SSR2	signalsequencereceptor,beta(translocon-associatedproteinbeta)	
6747	6747	6747	SSR3	signalsequencereceptor,gamma(translocon-associatedproteingamma)	
6748	6748	6748	SSR4	signalsequencereceptor,delta(translocon-associatedproteindelta)	
6749	6749	6749	SSRP1	structurespecificrecognitionprotein1	
675	675	675	BRCA2	breastcancer2,earlyonset	
6750	6750	6750	SST	somatostatin	
6751	6751	6751	SSTR1	somatostatinreceptor1	
6752	6752	6752	SSTR2	somatostatinreceptor2	
6753	6753	6753	SSTR3	somatostatinreceptor3	
6754	6754	6754	SSTR4	somatostatinreceptor4	
6755	6755	6755	SSTR5	somatostatinreceptor5	
6756	6756	6756	SSX1	synovialsarcoma,Xbreakpoint1	
6758	6758	6758	SSX5	synovialsarcoma,Xbreakpoint5	
676	676	676	BRDT	bromodomain,testis-specific	
6760	6760	6760	SS18	synovialsarcomatranslocation,chromosome18	
6764	6764	6764	ST5	suppressionoftumorigenicity5	
6767	6767	6767	ST13	suppressionoftumorigenicity13(coloncarcinoma)(Hsp70interactingprotein)	
6768	6768	6768	ST14	suppressionoftumorigenicity14(coloncarcinoma)	
6769	6769	6769	STAC	SH3andcysteinerichdomain	
677	677	677	ZFP36L1	zincfingerprotein36,C3Htype-like1	
6770	6770	6770	STAR	steroidogenicacuteregulatoryprotein	
6772	6772	6772	STAT1	signaltransducerandactivatoroftranscription1,91kDa	
6773	6773	6773	STAT2	signaltransducerandactivatoroftranscription2,113kDa	
6774	6774	6774	STAT3	signaltransducerandactivatoroftranscription3(acute-phaseresponsefactor)	
6775	6775	6775	STAT4	signaltransducerandactivatoroftranscription4	
6776	6776	6776	STAT5A	signaltransducerandactivatoroftranscription5A	
6777	6777	6777	STAT5B	signaltransducerandactivatoroftranscription5B	
6778	6778	6778	STAT6	signaltransducerandactivatoroftranscription6,interleukin-4induced	
6779	6779	6779	STATH	statherin	
678	678	678	ZFP36L2	zincfingerprotein36,C3Htype-like2	
6780	6780	6780	STAU1	staufen,RNAbindingprotein,homolog1(Drosophila)	
6781	6781	6781	STC1	stanniocalcin1	
6782	6782	6782	HSPA13	heatshockprotein70kDafamily,member13	
6783	6783	6783	SULT1E1	sulfotransferasefamily1E,estrogen-preferring,member1	
6785	6785	6785	ELOVL4	elongationofverylongchainfattyacids(FEN1/Elo2,SUR4/Elo3,yeast)-like4	
6786	6786	6786	STIM1	stromalinteractionmolecule1	
6787	6787	6787	NEK4	NIMA(neverinmitosisgenea)-relatedkinase4	
6788	6788	6788	STK3	serine/threoninekinase3(STE20homolog,yeast)	
6789	6789	6789	STK4	serine/threoninekinase4	
6790	6790	6790	AURKA	aurorakinaseA	
6792	6792	6792	CDKL5	cyclin-dependentkinase-like5	
6793	6793	6793	STK10	serine/threoninekinase10	
6794	6794	6794	STK11	serine/threoninekinase11	
6795	6795	6795	AURKC	aurorakinaseC	
6799	6799	6799	SULT1A2	sulfotransferasefamily,cytosolic,1A,phenol-preferring,member2	
6801	6801	6801	STRN	striatin,calmodulinbindingprotein	
6804	6804	6804	STX1A	syntaxin1A(brain)	
6809	6809	6809	STX3	syntaxin3	
6810	6810	6810	STX4	syntaxin4	
6811	6811	6811	STX5	syntaxin5	
6812	6812	6812	STXBP1	syntaxinbindingprotein1	
6813	6813	6813	STXBP2	syntaxinbindingprotein2	
6814	6814	6814	STXBP3	syntaxinbindingprotein3	
6817	6817	6817	SULT1A1	sulfotransferasefamily,cytosolic,1A,phenol-preferring,member1	
6819	6819	6819	SULT1C2	sulfotransferasefamily,cytosolic,1C,member2	
682	682	682	BSG	basigin(Okbloodgroup)	
6820	6820	6820	SULT2B1	sulfotransferasefamily,cytosolic,2B,member1	
6821	6821	6821	SUOX	sulfiteoxidase	
6822	6822	6822	SULT2A1	sulfotransferasefamily,cytosolic,2A,dehydroepiandrosterone(DHEA)-preferring,member1	
6827	6827	6827	SUPT4H1	suppressorofTy4homolog1(S.cerevisiae)	
6829	6829	6829	SUPT5H	suppressorofTy5homolog(S.cerevisiae)	
683	683	683	BST1	bonemarrowstromalcellantigen1	
6830	6830	6830	SUPT6H	suppressorofTy6homolog(S.cerevisiae)	
6832	6832	6832	SUPV3L1	suppressorofvar1,3-like1(S.cerevisiae)	
6833	6833	6833	ABCC8	ATP-bindingcassette,sub-familyC(CFTR/MRP),member8	
6834	6834	6834	SURF1	surfeit1	
6835	6835	6835	SURF2	surfeit2	
6837	6837	6837	MED22	mediatorcomplexsubunit22	
6839	6839	6839	SUV39H1	suppressorofvariegation3-9homolog1(Drosophila)	
684	684	684	BST2	bonemarrowstromalcellantigen2	
6840	6840	6840	SVIL	supervillin	
6843	6843	6843	VAMP1	vesicle-associatedmembraneprotein1(synaptobrevin1)	
6844	6844	6844	VAMP2	vesicle-associatedmembraneprotein2(synaptobrevin2)	
6847	6847	6847	SYCP1	synaptonemalcomplexprotein1	
685	685	685	BTC	betacellulin	
6850	6850	6850	SYK	spleentyrosinekinase	
6853	6853	6853	SYN1	synapsinI	
6854	6854	6854	SYN2	synapsinII	
6855	6855	6855	SYP	synaptophysin	
6856	6856	6856	SYPL1	synaptophysin-like1	
6857	6857	6857	SYT1	synaptotagminI	
686	686	686	BTD	biotinidase	
6861	6861	6861	SYT5	synaptotagminV	
6862	6862	6862	T	T,brachyuryhomolog(mouse)	
6863	6863	6863	TAC1	tachykinin,precursor1	
6865	6865	6865	TACR2	tachykininreceptor2	
6866	6866	6866	TAC3	tachykinin3	
6867	6867	6867	TACC1	transforming,acidiccoiled-coilcontainingprotein1	
6868	6868	6868	ADAM17	ADAMmetallopeptidasedomain17	
6869	6869	6869	TACR1	tachykininreceptor1	
687	687	687	KLF9	Kruppel-likefactor9	
6870	6870	6870	TACR3	tachykininreceptor3	
6871	6871	6871	TADA2L	transcriptionaladaptor2(ADA2homolog,yeast)-like	
6872	6872	6872	TAF1	TAF1RNApolymeraseII,TATAboxbindingprotein(TBP)-associatedfactor,250kDa	
6873	6873	6873	TAF2	TAF2RNApolymeraseII,TATAboxbindingprotein(TBP)-associatedfactor,150kDa	
6874	6874	6874	TAF4	TAF4RNApolymeraseII,TATAboxbindingprotein(TBP)-associatedfactor,135kDa	
6875	6875	6875	TAF4B	TAF4bRNApolymeraseII,TATAboxbindingprotein(TBP)-associatedfactor,105kDa	
6876	6876	6876	TAGLN	transgelin	
6877	6877	6877	TAF5	TAF5RNApolymeraseII,TATAboxbindingprotein(TBP)-associatedfactor,100kDa	
6878	6878	6878	TAF6	TAF6RNApolymeraseII,TATAboxbindingprotein(TBP)-associatedfactor,80kDa	
6879	6879	6879	TAF7	TAF7RNApolymeraseII,TATAboxbindingprotein(TBP)-associatedfactor,55kDa	
688	688	688	KLF5	Kruppel-likefactor5(intestinal)	
6880	6880	6880	TAF9	TAF9RNApolymeraseII,TATAboxbindingprotein(TBP)-associatedfactor,32kDa	
6881	6881	6881	TAF10	TAF10RNApolymeraseII,TATAboxbindingprotein(TBP)-associatedfactor,30kDa	
6882	6882	6882	TAF11	TAF11RNApolymeraseII,TATAboxbindingprotein(TBP)-associatedfactor,28kDa	
6883	6883	6883	TAF12	TAF12RNApolymeraseII,TATAboxbindingprotein(TBP)-associatedfactor,20kDa	
6884	6884	6884	TAF13	TAF13RNApolymeraseII,TATAboxbindingprotein(TBP)-associatedfactor,18kDa	
6885	6885	6885	MAP3K7	mitogen-activatedproteinkinasekinasekinase7	
6886	6886	6886	TAL1	T-cellacutelymphocyticleukemia1	
6888	6888	6888	TALDO1	transaldolase1	
689	689	689	BTF3	basictranscriptionfactor3	
6890	6890	6890	TAP1	transporter1,ATP-bindingcassette,sub-familyB(MDR/TAP)	
6891	6891	6891	TAP2	transporter2,ATP-bindingcassette,sub-familyB(MDR/TAP)	
6892	6892	6892	TAPBP	TAPbindingprotein(tapasin)	
6894	6894	6894	TARBP1	TAR(HIV-1)RNAbindingprotein1	
6895	6895	6895	TARBP2	TAR(HIV-1)RNAbindingprotein2	
6897	6897	6897	TARS	threonyl-tRNAsynthetase	
6898	6898	6898	TAT	tyrosineaminotransferase	
6899	6899	6899	TBX1	T-box1	
6900	6900	6900	CNTN2	contactin2(axonal)	
6901	6901	6901	TAZ	tafazzin	
6902	6902	6902	TBCA	tubulinfoldingcofactorA	
6903	6903	6903	TBCC	tubulinfoldingcofactorC	
6904	6904	6904	TBCD	tubulinfoldingcofactorD	
6905	6905	6905	TBCE	tubulinfoldingcofactorE	
6906	6906	6906	SERPINA7	serpinpeptidaseinhibitor,cladeA(alpha-1antiproteinase,antitrypsin),member7	
6907	6907	6907	TBL1X	transducin(beta)-like1X-linked	
6908	6908	6908	TBP	TATAboxbindingprotein	
6909	6909	6909	TBX2	T-box2	
6910	6910	6910	TBX5	T-box5	
6911	6911	6911	TBX6	T-box6	
6915	6915	6915	TBXA2R	thromboxaneA2receptor	
6916	6916	6916	TBXAS1	thromboxaneAsynthase1(platelet)	
6919	6919	6919	TCEA2	transcriptionelongationfactorA(SII),2	
6921	6921	6921	TCEB1	transcriptionelongationfactorB(SIII),polypeptide1(15kDa,elonginC)	
6923	6923	6923	TCEB2	transcriptionelongationfactorB(SIII),polypeptide2(18kDa,elonginB)	
6924	6924	6924	TCEB3	transcriptionelongationfactorB(SIII),polypeptide3(110kDa,elonginA)	
6925	6925	6925	TCF4	transcriptionfactor4	
6926	6926	6926	TBX3	T-box3	
6927	6927	6927	HNF1A	HNF1homeoboxA	
6928	6928	6928	HNF1B	HNF1homeoboxB	
6929	6929	6929	TCF3	transcriptionfactor3(E2AimmunoglobulinenhancerbindingfactorsE12/E47)	
6932	6932	6932	TCF7	transcriptionfactor7(T-cellspecific,HMG-box)	
6934	6934	6934	TCF7L2	transcriptionfactor7-like2(T-cellspecific,HMG-box)	
6935	6935	6935	ZEB1	zincfingerE-boxbindinghomeobox1	
6936	6936	6936	C2orf3	chromosome2openreadingframe3	
6938	6938	6938	TCF12	transcriptionfactor12	
6939	6939	6939	TCF15	transcriptionfactor15(basichelix-loop-helix)	
694	694	694	BTG1	B-celltranslocationgene1,anti-proliferative	
6940	6940	6940	ZNF354A	zincfingerprotein354A	
6942	6942	6942	TCF20	transcriptionfactor20(AR1)	
6943	6943	6943	TCF21	transcriptionfactor21	
6944	6944	6944	VPS72	vacuolarproteinsorting72homolog(S.cerevisiae)	
6945	6945	6945	MLX	MAX-likeproteinX	
6947	6947	6947	TCN1	transcobalaminI(vitaminB12bindingprotein,Rbinderfamily)	
6948	6948	6948	TCN2	transcobalaminII;macrocyticanemia	
6949	6949	6949	TCOF1	TreacherCollins-Franceschettisyndrome1	
695	695	695	BTK	Brutonagammaglobulinemiatyrosinekinase	
6950	6950	6950	TCP1	t-complex1	
6953	6953	6953	TCP10	t-complex10homolog(mouse)	
6954	6954	6954	TCP11	t-complex11homolog(mouse)	
696	696	696	BTN1A1	butyrophilin,subfamily1,memberA1	
6979	6979	6979	TRGV5P	Tcellreceptorgammavariable5Ppseudogene	
6981	6981	6981	TRGV7	Tcellreceptorgammavariable7pseudogene	
6988	6988	6988	TCTA	T-cellleukemiatranslocationalteredgene	
699	699	699	BUB1	buddinguninhibitedbybenzimidazoles1homolog(yeast)	
6990	6990	6990	DYNLT3	dynein,lightchain,Tctex-type3	
6992	6992	6992	PPP1R11	proteinphosphatase1,regulatory(inhibitor)subunit11	
6993	6993	6993	DYNLT1	dynein,lightchain,Tctex-type1	
6999	6999	6999	TDO2	tryptophan2,3-dioxygenase	
70	70	70	ACTC1	actin,alpha,cardiacmuscle1	
7001	7001	7001	PRDX2	peroxiredoxin2	
7003	7003	7003	TEAD1	TEAdomainfamilymember1(SV40transcriptionalenhancerfactor)	
7004	7004	7004	TEAD4	TEAdomainfamilymember4	
7005	7005	7005	TEAD3	TEAdomainfamilymember3	
7006	7006	7006	TEC	tecproteintyrosinekinase	
7007	7007	7007	TECTA	tectorinalpha	
7008	7008	7008	TEF	thyrotrophicembryonicfactor	
7009	7009	7009	TMBIM6	transmembraneBAXinhibitormotifcontaining6	
701	701	701	BUB1B	buddinguninhibitedbybenzimidazoles1homologbeta(yeast)	
7010	7010	7010	TEK	TEKtyrosinekinase,endothelial	
7011	7011	7011	TEP1	telomerase-associatedprotein1	
7013	7013	7013	TERF1	telomericrepeatbindingfactor(NIMA-interacting)1	
7014	7014	7014	TERF2	telomericrepeatbindingfactor2	
7015	7015	7015	TERT	telomerasereversetranscriptase	
7016	7016	7016	TESK1	testis-specifickinase1	
7018	7018	7018	TF	transferrin	
7019	7019	7019	TFAM	transcriptionfactorA,mitochondrial	
7020	7020	7020	TFAP2A	transcriptionfactorAP-2alpha(activatingenhancerbindingprotein2alpha)	
7021	7021	7021	TFAP2B	transcriptionfactorAP-2beta(activatingenhancerbindingprotein2beta)	
7022	7022	7022	TFAP2C	transcriptionfactorAP-2gamma(activatingenhancerbindingprotein2gamma)	
7023	7023	7023	TFAP4	transcriptionfactorAP-4(activatingenhancerbindingprotein4)	
7024	7024	7024	TFCP2	transcriptionfactorCP2	
7025	7025	7025	NR2F1	nuclearreceptorsubfamily2,groupF,member1	
7026	7026	7026	NR2F2	nuclearreceptorsubfamily2,groupF,member2	
7027	7027	7027	TFDP1	transcriptionfactorDp-1	
7029	7029	7029	TFDP2	transcriptionfactorDp-2(E2Fdimerizationpartner2)	
7030	7030	7030	TFE3	transcriptionfactorbindingtoIGHMenhancer3	
7031	7031	7031	TFF1	trefoilfactor1	
7032	7032	7032	TFF2	trefoilfactor2	
7033	7033	7033	TFF3	trefoilfactor3(intestinal)	
7035	7035	7035	TFPI	tissuefactorpathwayinhibitor(lipoprotein-associatedcoagulationinhibitor)	
7036	7036	7036	TFR2	transferrinreceptor2	
7037	7037	7037	TFRC	transferrinreceptor(p90,CD71)	
7038	7038	7038	TG	thyroglobulin	
7039	7039	7039	TGFA	transforminggrowthfactor,alpha	
7040	7040	7040	TGFB1	transforminggrowthfactor,beta1	
7041	7041	7041	TGFB1I1	transforminggrowthfactorbeta1inducedtranscript1	
7042	7042	7042	TGFB2	transforminggrowthfactor,beta2	
7043	7043	7043	TGFB3	transforminggrowthfactor,beta3	
7044	7044	7044	LEFTY2	left-rightdeterminationfactor2	
7045	7045	7045	TGFBI	transforminggrowthfactor,beta-induced,68kDa	
7046	7046	7046	TGFBR1	transforminggrowthfactor,betareceptor1	
7047	7047	7047	TGM4	transglutaminase4(prostate)	
7048	7048	7048	TGFBR2	transforminggrowthfactor,betareceptorII(70/80kDa)	
7049	7049	7049	TGFBR3	transforminggrowthfactor,betareceptorIII	
705	705	705	BYSL	bystin-like	
7050	7050	7050	TGIF1	TGFB-inducedfactorhomeobox1	
7051	7051	7051	TGM1	transglutaminase1(KpolypeptideepidermaltypeI,protein-glutamine-gamma-glutamyltransferase)	
7052	7052	7052	TGM2	transglutaminase2(Cpolypeptide,protein-glutamine-gamma-glutamyltransferase)	
7053	7053	7053	TGM3	transglutaminase3(Epolypeptide,protein-glutamine-gamma-glutamyltransferase)	
7054	7054	7054	TH	tyrosinehydroxylase	
7056	7056	7056	THBD	thrombomodulin	
7057	7057	7057	THBS1	thrombospondin1	
7058	7058	7058	THBS2	thrombospondin2	
7059	7059	7059	THBS3	thrombospondin3	
706	706	706	TSPO	translocatorprotein(18kDa)	
7060	7060	7060	THBS4	thrombospondin4	
7064	7064	7064	THOP1	thimetoligopeptidase1	
7066	7066	7066	THPO	thrombopoietin	
7067	7067	7067	THRA	thyroidhormonereceptor,alpha(erythroblasticleukemiaviral(v-erb-a)oncogenehomolog,avian)	
7068	7068	7068	THRB	thyroidhormonereceptor,beta(erythroblasticleukemiaviral(v-erb-a)oncogenehomolog2,avian)	
7070	7070	7070	THY1	Thy-1cellsurfaceantigen	
7071	7071	7071	KLF10	Kruppel-likefactor10	
7072	7072	7072	TIA1	TIA1cytotoxicgranule-associatedRNAbindingprotein	
7073	7073	7073	TIAL1	TIA1cytotoxicgranule-associatedRNAbindingprotein-like1	
7074	7074	7074	TIAM1	T-celllymphomainvasionandmetastasis1	
7075	7075	7075	TIE1	tyrosinekinasewithimmunoglobulin-likeandEGF-likedomains1	
7076	7076	7076	TIMP1	TIMPmetallopeptidaseinhibitor1	
7077	7077	7077	TIMP2	TIMPmetallopeptidaseinhibitor2	
7078	7078	7078	TIMP3	TIMPmetallopeptidaseinhibitor3	
7079	7079	7079	TIMP4	TIMPmetallopeptidaseinhibitor4	
708	708	708	C1QBP	complementcomponent1,qsubcomponentbindingprotein	
7080	7080	7080	NKX2-1	NK2homeobox1	
7082	7082	7082	TJP1	tightjunctionprotein1(zonaoccludens1)	
7083	7083	7083	TK1	thymidinekinase1,soluble	
7084	7084	7084	TK2	thymidinekinase2,mitochondrial	
7086	7086	7086	TKT	transketolase	
7087	7087	7087	ICAM5	intercellularadhesionmolecule5,telencephalin	
7088	7088	7088	TLE1	transducin-likeenhancerofsplit1(E(sp1)homolog,Drosophila)	
7089	7089	7089	TLE2	transducin-likeenhancerofsplit2(E(sp1)homolog,Drosophila)	
7090	7090	7090	TLE3	transducin-likeenhancerofsplit3(E(sp1)homolog,Drosophila)	
7091	7091	7091	TLE4	transducin-likeenhancerofsplit4(E(sp1)homolog,Drosophila)	
7093	7093	7093	TLL2	tolloid-like2	
7094	7094	7094	TLN1	talin1	
7095	7095	7095	SEC62	SEC62homolog(S.cerevisiae)	
7096	7096	7096	TLR1	toll-likereceptor1	
7097	7097	7097	TLR2	toll-likereceptor2	
7098	7098	7098	TLR3	toll-likereceptor3	
7099	7099	7099	TLR4	toll-likereceptor4	
71	71	71	ACTG1	actin,gamma1	
710	710	710	SERPING1	serpinpeptidaseinhibitor,cladeG(C1inhibitor),member1	
7100	7100	7100	TLR5	toll-likereceptor5	
7101	7101	7101	NR2E1	nuclearreceptorsubfamily2,groupE,member1	
7102	7102	7102	TSPAN7	tetraspanin7	
7103	7103	7103	TSPAN8	tetraspanin8	
7104	7104	7104	TM4SF4	transmembrane4Lsixfamilymember4	
7105	7105	7105	TSPAN6	tetraspanin6	
7106	7106	7106	TSPAN4	tetraspanin4	
7107	7107	7107	GPR137B	Gprotein-coupledreceptor137B	
7108	7108	7108	TM7SF2	transmembrane7superfamilymember2	
7109	7109	7109	TRAPPC10	traffickingproteinparticlecomplex10	
7111	7111	7111	TMOD1	tropomodulin1	
7112	7112	7112	TMPO	thymopoietin	
7113	7113	7113	TMPRSS2	transmembraneprotease,serine2	
712	712	712	C1QA	complementcomponent1,qsubcomponent,Achain	
7122	7122	7122	CLDN5	claudin5	
7123	7123	7123	CLEC3B	C-typelectindomainfamily3,memberB	
7124	7124	7124	TNF	tumornecrosisfactor(TNFsuperfamily,member2)	
7125	7125	7125	TNNC2	troponinCtype2(fast)	
7126	7126	7126	TNFAIP1	tumornecrosisfactor,alpha-inducedprotein1(endothelial)	
7127	7127	7127	TNFAIP2	tumornecrosisfactor,alpha-inducedprotein2	
7128	7128	7128	TNFAIP3	tumornecrosisfactor,alpha-inducedprotein3	
713	713	713	C1QB	complementcomponent1,qsubcomponent,Bchain	
7130	7130	7130	TNFAIP6	tumornecrosisfactor,alpha-inducedprotein6	
7132	7132	7132	TNFRSF1A	tumornecrosisfactorreceptorsuperfamily,member1A	
7133	7133	7133	TNFRSF1B	tumornecrosisfactorreceptorsuperfamily,member1B	
7134	7134	7134	TNNC1	troponinCtype1(slow)	
7135	7135	7135	TNNI1	troponinItype1(skeletal,slow)	
7136	7136	7136	TNNI2	troponinItype2(skeletal,fast)	
7137	7137	7137	TNNI3	troponinItype3(cardiac)	
7138	7138	7138	TNNT1	troponinTtype1(skeletal,slow)	
7139	7139	7139	TNNT2	troponinTtype2(cardiac)	
7140	7140	7140	TNNT3	troponinTtype3(skeletal,fast)	
7141	7141	7141	TNP1	transitionprotein1(duringhistonetoprotaminereplacement)	
7142	7142	7142	TNP2	transitionprotein2(duringhistonetoprotaminereplacement)	
7143	7143	7143	TNR	tenascinR(restrictin,janusin)	
7145	7145	7145	TNS1	tensin1	
7148	7148	7148	TNXB	tenascinXB	
715	715	715	C1R	complementcomponent1,rsubcomponent	
7150	7150	7150	TOP1	topoisomerase(DNA)I	
7153	7153	7153	TOP2A	topoisomerase(DNA)IIalpha170kDa	
7155	7155	7155	TOP2B	topoisomerase(DNA)IIbeta180kDa	
7156	7156	7156	TOP3A	topoisomerase(DNA)IIIalpha	
7157	7157	7157	TP53	tumorproteinp53	
7158	7158	7158	TP53BP1	tumorproteinp53bindingprotein1	
7159	7159	7159	TP53BP2	tumorproteinp53bindingprotein,2	
716	716	716	C1S	complementcomponent1,ssubcomponent	
7161	7161	7161	TP73	tumorproteinp73	
7162	7162	7162	TPBG	trophoblastglycoprotein	
7163	7163	7163	TPD52	tumorproteinD52	
7164	7164	7164	TPD52L1	tumorproteinD52-like1	
7165	7165	7165	TPD52L2	tumorproteinD52-like2	
7167	7167	7167	TPI1	triosephosphateisomerase1	
7168	7168	7168	TPM1	tropomyosin1(alpha)	
7169	7169	7169	TPM2	tropomyosin2(beta)	
717	717	717	C2	complementcomponent2	
7170	7170	7170	TPM3	tropomyosin3	
7171	7171	7171	TPM4	tropomyosin4	
7172	7172	7172	TPMT	thiopurineS-methyltransferase	
7173	7173	7173	TPO	thyroidperoxidase	
7174	7174	7174	TPP2	tripeptidylpeptidaseII	
7175	7175	7175	TPR	translocatedpromoterregion(toactivatedMEToncogene)	
7177	7177	7177	TPSAB1	tryptasealpha/beta1	
7178	7178	7178	TPT1	tumorprotein,translationally-controlled1	
7179	7179	7179	TPTE	transmembranephosphatasewithtensinhomology	
718	718	718	C3	complementcomponent3	
7180	7180	7180	CRISP2	cysteine-richsecretoryprotein2	
7181	7181	7181	NR2C1	nuclearreceptorsubfamily2,groupC,member1	
7182	7182	7182	NR2C2	nuclearreceptorsubfamily2,groupC,member2	
7184	7184	7184	HSP90B1	heatshockprotein90kDabeta(Grp94),member1	
7185	7185	7185	TRAF1	TNFreceptor-associatedfactor1	
7186	7186	7186	TRAF2	TNFreceptor-associatedfactor2	
7187	7187	7187	TRAF3	TNFreceptor-associatedfactor3	
7188	7188	7188	TRAF5	TNFreceptor-associatedfactor5	
7189	7189	7189	TRAF6	TNFreceptor-associatedfactor6	
719	719	719	C3AR1	complementcomponent3areceptor1	
72	72	72	ACTG2	actin,gamma2,smoothmuscle,enteric	
7200	7200	7200	TRH	thyrotropin-releasinghormone	
7201	7201	7201	TRHR	thyrotropin-releasinghormonereceptor	
7203	7203	7203	CCT3	chaperonincontainingTCP1,subunit3(gamma)	
7204	7204	7204	TRIO	triplefunctionaldomain(PTPRFinteracting)	
7205	7205	7205	TRIP6	thyroidhormonereceptorinteractor6	
7216	7216	7216	TRO	trophinin	
722	722	722	C4BPA	complementcomponent4bindingprotein,alpha	
7220	7220	7220	TRPC1	transientreceptorpotentialcationchannel,subfamilyC,member1	
7221	7221	7221	TRPC2	transientreceptorpotentialcationchannel,subfamilyC,member2(pseudogene)	
7222	7222	7222	TRPC3	transientreceptorpotentialcationchannel,subfamilyC,member3	
7223	7223	7223	TRPC4	transientreceptorpotentialcationchannel,subfamilyC,member4	
7224	7224	7224	TRPC5	transientreceptorpotentialcationchannel,subfamilyC,member5	
7225	7225	7225	TRPC6	transientreceptorpotentialcationchannel,subfamilyC,member6	
7226	7226	7226	TRPM2	transientreceptorpotentialcationchannel,subfamilyM,member2	
7227	7227	7227	TRPS1	trichorhinophalangealsyndromeI	
7247	7247	7247	TSN	translin	
7248	7248	7248	TSC1	tuberoussclerosis1	
7249	7249	7249	TSC2	tuberoussclerosis2	
725	725	725	C4BPB	complementcomponent4bindingprotein,beta	
7251	7251	7251	TSG101	tumorsusceptibilitygene101	
7252	7252	7252	TSHB	thyroidstimulatinghormone,beta	
7253	7253	7253	TSHR	thyroidstimulatinghormonereceptor	
7257	7257	7257	TSNAX	translin-associatedfactorX	
7259	7259	7259	TSPYL1	TSPY-like1	
726	726	726	CAPN5	calpain5	
7260	7260	7260	TSSC1	tumorsuppressingsubtransferablecandidate1	
7262	7262	7262	PHLDA2	pleckstrinhomology-likedomain,familyA,member2	
7263	7263	7263	TST	thiosulfatesulfurtransferase(rhodanese)	
7264	7264	7264	TSTA3	tissuespecifictransplantationantigenP35B	
7265	7265	7265	TTC1	tetratricopeptiderepeatdomain1	
7266	7266	7266	DNAJC7	DnaJ(Hsp40)homolog,subfamilyC,member7	
7267	7267	7267	TTC3	tetratricopeptiderepeatdomain3	
7268	7268	7268	TTC4	tetratricopeptiderepeatdomain4	
727	727	727	C5	complementcomponent5	
7270	7270	7270	TTF1	transcriptionterminationfactor,RNApolymeraseI	
7272	7272	7272	TTK	TTKproteinkinase	
7273	7273	7273	TTN	titin	
7274	7274	7274	TTPA	tocopherol(alpha)transferprotein	
7275	7275	7275	TUB	tubbyhomolog(mouse)	
7276	7276	7276	TTR	transthyretin	
7277	7277	7277	TUBA4A	tubulin,alpha4a	
727722	727722	727722	LOC727722	homogentisate 1,2-dioxygenase like	
727726	727726	727726	LOC727726	similartopoly(ADP-ribose)glycohydrolase	
727729	727729	727729	LOC727729	similar to gamma-aminobutyric acid (GABA) A receptor, alpha 5	
727742	727742	727742	LOC727742	similar to Kinesin heavy chain isoform 5C (Kinesin heavy chain neuron-specific 2)	
7278	7278	7278	TUBA3C	tubulin,alpha3c	
727842	727842	727842	LOC727842	similartoretinoblastomabindingprotein4	
727897	727897	727897	MUC5B	mucin5B,oligomericmucus/gel-forming	
728	728	728	C5AR1	complementcomponent5areceptor1	
7280	7280	7280	TUBB2A	tubulin,beta2A	
728025	728025	728025	LOC728025	similar to Fibrinogen silencer-binding protein	
728185	728185	728185	LOC728185	similar to Gamma-2-syntrophin (G2SYN) (Syntrophin 5) (SYN5)	
728215	728215	728215	FAM155A	familywithsequencesimilarity155,memberA	
728225	728225	728225	LOC728225	similar to Myosin-15 (Myosin XV) (Unconventional myosin-15)	
7283	7283	7283	TUBG1	tubulin,gamma1	
728344	728344	728344	LOC728344	similartothioredoxin-likeprotein	
728361	728361	728361	LOC728361	similartoOVOhomolog-like1	
7284	7284	7284	TUFM	Tutranslationelongationfactor,mitochondrial	
728448	728448	728448	LOC728448	peptidylprolylisomeraseEpseudogene	
728453	728453	728453	RPS28P6	ribosomalproteinS28pseudogene6	
728560	728560	728560	LOC728560	similar to neighbor of BRCA1 gene 1	
7286	7286	7286	TUFT1	tuftelin1	
728642	728642	728642	CDC2L2	celldivisioncycle2-like2(PITSLREproteins)	
7287	7287	7287	TULP1	tubbylikeprotein1	
7288	7288	7288	TULP2	tubbylikeprotein2	
728844	728844	728844	LOC728844	hypothetical LOC728844	
728882	728882	728882	FAM182B	familywithsequencesimilarity182,memberB	
7289	7289	7289	TULP3	tubbylikeprotein3	
728985	728985	728985	LOC728985	hypothetical protein LOC728985	
728999	728999	728999	hCG_1783052	hCG1783052	
729	729	729	C6	complementcomponent6	
7290	7290	7290	HIRA	HIRhistonecellcycleregulationdefectivehomologA(S.cerevisiae)	
7291	7291	7291	TWIST1	twisthomolog1(Drosophila)	
729105	729105	729105	LOC729105	similar to OTTHUMP00000017090	
729164	729164	729164	hCG_1732469	hCG1732469	
7292	7292	7292	TNFSF4	tumornecrosisfactor(ligand)superfamily,member4	
729230	729230	729230	CCR2	chemokine(C-Cmotif)receptor2	
7293	7293	7293	TNFRSF4	tumornecrosisfactorreceptorsuperfamily,member4	
729343	729343	729343	LOC729343	similar to PRAME family member 6	
729362	729362	729362	RPL36AP37	ribosomalproteinL36apseudogene37	
7294	7294	7294	TXK	TXKtyrosinekinase	
7295	7295	7295	TXN	thioredoxin	
729515	729515	729515	C6orf35	chromosome6openreadingframe35	
729518	729518	729518	LOC729518	hypothetical protein LOC729518	
729559	729559	729559	LOC729559	similar to ciliary rootlet coiled-coil, rootletin	
729580	729580	729580	LOC729580	hypotheticalLOC729580	
729599	729599	729599	LOC729599	similar to transmembrane protein 97	
7296	7296	7296	TXNRD1	thioredoxinreductase1	
729659	729659	729659	S100A11P	S100calcium-bindingproteinA14(calgizzarin)	
7297	7297	7297	TYK2	tyrosinekinase2	
729799	729799	729799	LOC729799	SEC14-like1pseudogene	
7298	7298	7298	TYMS	thymidylatesynthetase	
729806	729806	729806	LOC729806	similartohCG1725380	
729875	729875	729875	LOC729875	similar to titin isoform N2-B	
7299	7299	7299	TYR	tyrosinase(oculocutaneousalbinismIA)	
730	730	730	C7	complementcomponent7	
730062	730062	730062	LOC730062	hypothetical protein LOC730062	
7301	7301	7301	TYRO3	TYRO3proteintyrosinekinase	
730101	730101	730101	LOC730101	hypotheticalLOC730101	
7305	7305	7305	TYROBP	TYROproteintyrosinekinasebindingprotein	
7306	7306	7306	TYRP1	tyrosinase-relatedprotein1	
7307	7307	7307	U2AF1	U2smallnuclearRNAauxiliaryfactor1	
731	731	731	C8A	complementcomponent8,alphapolypeptide	
7311	7311	7311	UBA52	ubiquitinA-52residueribosomalproteinfusionproduct1	
7314	7314	7314	UBB	ubiquitinB	
7316	7316	7316	UBC	ubiquitinC	
7317	7317	7317	UBA1	ubiquitin-likemodifieractivatingenzyme1	
7318	7318	7318	UBA7	ubiquitin-likemodifieractivatingenzyme7	
7319	7319	7319	UBE2A	ubiquitin-conjugatingenzymeE2A(RAD6homolog)	
732	732	732	C8B	complementcomponent8,betapolypeptide	
7320	7320	7320	UBE2B	ubiquitin-conjugatingenzymeE2B(RAD6homolog)	
7321	7321	7321	UBE2D1	ubiquitin-conjugatingenzymeE2D1(UBC4/5homolog,yeast)	
7322	7322	7322	UBE2D2	ubiquitin-conjugatingenzymeE2D2(UBC4/5homolog,yeast)	
7323	7323	7323	UBE2D3	ubiquitin-conjugatingenzymeE2D3(UBC4/5homolog,yeast)	
7324	7324	7324	UBE2E1	ubiquitin-conjugatingenzymeE2E1(UBC4/5homolog,yeast)	
7326	7326	7326	UBE2G1	ubiquitin-conjugatingenzymeE2G1(UBC7homolog,yeast)	
7327	7327	7327	UBE2G2	ubiquitin-conjugatingenzymeE2G2(UBC7homolog,yeast)	
7328	7328	7328	UBE2H	ubiquitin-conjugatingenzymeE2H(UBC8homolog,yeast)	
7329	7329	7329	UBE2I	ubiquitin-conjugatingenzymeE2I(UBC9homolog,yeast)	
733	733	733	C8G	complementcomponent8,gammapolypeptide	
7332	7332	7332	UBE2L3	ubiquitin-conjugatingenzymeE2L3	
7334	7334	7334	UBE2N	ubiquitin-conjugatingenzymeE2N(UBC13homolog,yeast)	
7336	7336	7336	UBE2V2	ubiquitin-conjugatingenzymeE2variant2	
7337	7337	7337	UBE3A	ubiquitinproteinligaseE3A	
734	734	734	OSGIN2	oxidativestressinducedgrowthinhibitorfamilymember2	
7341	7341	7341	SUMO1	SMT3suppressorofmiftwo3homolog1(S.cerevisiae)	
7342	7342	7342	UBP1	upstreambindingprotein1(LBP-1a)	
7343	7343	7343	UBTF	upstreambindingtranscriptionfactor,RNApolymeraseI	
7345	7345	7345	UCHL1	ubiquitincarboxyl-terminalesteraseL1(ubiquitinthiolesterase)	
7347	7347	7347	UCHL3	ubiquitincarboxyl-terminalesteraseL3(ubiquitinthiolesterase)	
7348	7348	7348	UPK1B	uroplakin1B	
7349	7349	7349	UCN	urocortin	
7350	7350	7350	UCP1	uncouplingprotein1(mitochondrial,protoncarrier)	
7351	7351	7351	UCP2	uncouplingprotein2(mitochondrial,protoncarrier)	
7352	7352	7352	UCP3	uncouplingprotein3(mitochondrial,protoncarrier)	
7353	7353	7353	UFD1L	ubiquitinfusiondegradation1like(yeast)	
7355	7355	7355	SLC35A2	solutecarrierfamily35(UDP-galactosetransporter),memberA2	
7356	7356	7356	SCGB1A1	secretoglobin,family1A,member1(uteroglobin)	
7357	7357	7357	UGCG	UDP-glucoseceramideglucosyltransferase	
7358	7358	7358	UGDH	UDP-glucosedehydrogenase	
7360	7360	7360	UGP2	UDP-glucosepyrophosphorylase2	
7363	7363	7363	UGT2B4	UDPglucuronosyltransferase2family,polypeptideB4	
7367	7367	7367	UGT2B17	UDPglucuronosyltransferase2family,polypeptideB17	
7368	7368	7368	UGT8	UDPglycosyltransferase8	
7369	7369	7369	UMOD	uromodulin	
7371	7371	7371	UCK2	uridine-cytidinekinase2	
7372	7372	7372	UMPS	uridinemonophosphatesynthetase	
7373	7373	7373	COL14A1	collagen,typeXIV,alpha1	
7374	7374	7374	UNG	uracil-DNAglycosylase	
7375	7375	7375	USP4	ubiquitinspecificpeptidase4(proto-oncogene)	
7376	7376	7376	NR1H2	nuclearreceptorsubfamily1,groupH,member2	
7378	7378	7378	UPP1	uridinephosphorylase1	
7379	7379	7379	UPK2	uroplakin2	
738	738	738	C11orf2	chromosome11openreadingframe2	
7380	7380	7380	UPK3A	uroplakin3A	
7381	7381	7381	UQCRB	ubiquinol-cytochromecreductasebindingprotein	
7384	7384	7384	UQCRC1	ubiquinol-cytochromecreductasecoreproteinI	
7385	7385	7385	UQCRC2	ubiquinol-cytochromecreductasecoreproteinII	
7386	7386	7386	UQCRFS1	ubiquinol-cytochromecreductase,Rieskeiron-sulfurpolypeptide1	
7388	7388	7388	UQCRH	ubiquinol-cytochromecreductasehingeprotein	
7389	7389	7389	UROD	uroporphyrinogendecarboxylase	
7390	7390	7390	UROS	uroporphyrinogenIIIsynthase	
7392	7392	7392	USF2	upstreamtranscriptionfactor2,c-fosinteracting	
7398	7398	7398	USP1	ubiquitinspecificpeptidase1	
7399	7399	7399	USH2A	Ushersyndrome2A(autosomalrecessive,mild)	
740	740	740	MRPL49	mitochondrialribosomalproteinL49	
7402	7402	7402	UTRN	utrophin	
7403	7403	7403	KDM6A	lysine(K)-specificdemethylase6A	
7404	7404	7404	UTY	ubiquitouslytranscribedtetratricopeptiderepeatgene,Y-linked	
7405	7405	7405	UVRAG	UVradiationresistanceassociatedgene	
7407	7407	7407	VARS	valyl-tRNAsynthetase	
7408	7408	7408	VASP	vasodilator-stimulatedphosphoprotein	
7409	7409	7409	VAV1	vav1guaninenucleotideexchangefactor	
741	741	741	ZNHIT2	zincfinger,HITtype2	
7410	7410	7410	VAV2	vav2guaninenucleotideexchangefactor	
7411	7411	7411	VBP1	vonHippel-Lindaubindingprotein1	
7412	7412	7412	VCAM1	vascularcelladhesionmolecule1	
7414	7414	7414	VCL	vinculin	
7415	7415	7415	VCP	valosin-containingprotein	
7416	7416	7416	VDAC1	voltage-dependentanionchannel1	
7419	7419	7419	VDAC3	voltage-dependentanionchannel3	
7421	7421	7421	VDR	vitaminD(1,25-dihydroxyvitaminD3)receptor	
7422	7422	7422	VEGFA	vascularendothelialgrowthfactorA	
7423	7423	7423	VEGFB	vascularendothelialgrowthfactorB	
7424	7424	7424	VEGFC	vascularendothelialgrowthfactorC	
7425	7425	7425	VGF	VGFnervegrowthfactorinducible	
7429	7429	7429	VIL1	villin1	
7430	7430	7430	EZR	ezrin	
7431	7431	7431	VIM	vimentin	
7432	7432	7432	VIP	vasoactiveintestinalpeptide	
7433	7433	7433	VIPR1	vasoactiveintestinalpeptidereceptor1	
7434	7434	7434	VIPR2	vasoactiveintestinalpeptidereceptor2	
7436	7436	7436	VLDLR	verylowdensitylipoproteinreceptor	
7439	7439	7439	BEST1	bestrophin1	
744	744	744	MPPED2	metallophosphoesterasedomaincontaining2	
7441	7441	7441	VPREB1	pre-Blymphocyte1	
7442	7442	7442	TRPV1	transientreceptorpotentialcationchannel,subfamilyV,member1	
7443	7443	7443	VRK1	vacciniarelatedkinase1	
7444	7444	7444	VRK2	vacciniarelatedkinase2	
7447	7447	7447	VSNL1	visinin-like1	
7448	7448	7448	VTN	vitronectin	
745	745	745	C11orf9	chromosome11openreadingframe9	
7450	7450	7450	VWF	vonWillebrandfactor	
7453	7453	7453	WARS	tryptophanyl-tRNAsynthetase	
7454	7454	7454	WAS	Wiskott-Aldrichsyndrome(eczema-thrombocytopenia)	
7456	7456	7456	WIPF1	WAS/WASLinteractingproteinfamily,member1	
746	746	746	C11orf10	chromosome11openreadingframe10	
7461	7461	7461	CLIP2	CAP-GLYdomaincontaininglinkerprotein2	
7462	7462	7462	LAT2	linkerforactivationofTcellsfamily,member2	
7464	7464	7464	CORO2A	coronin,actinbindingprotein,2A	
7465	7465	7465	WEE1	WEE1homolog(S.pombe)	
7466	7466	7466	WFS1	Wolframsyndrome1(wolframin)	
7468	7468	7468	WHSC1	Wolf-Hirschhornsyndromecandidate1	
7469	7469	7469	WHSC2	Wolf-Hirschhornsyndromecandidate2	
747	747	747	DAGLA	diacylglycerollipase,alpha	
7471	7471	7471	WNT1	wingless-typeMMTVintegrationsitefamily,member1	
7472	7472	7472	WNT2	wingless-typeMMTVintegrationsitefamilymember2	
7473	7473	7473	WNT3	wingless-typeMMTVintegrationsitefamily,member3	
7474	7474	7474	WNT5A	wingless-typeMMTVintegrationsitefamily,member5A	
7475	7475	7475	WNT6	wingless-typeMMTVintegrationsitefamily,member6	
7476	7476	7476	WNT7A	wingless-typeMMTVintegrationsitefamily,member7A	
7477	7477	7477	WNT7B	wingless-typeMMTVintegrationsitefamily,member7B	
7479	7479	7479	WNT8B	wingless-typeMMTVintegrationsitefamily,member8B	
7480	7480	7480	WNT10B	wingless-typeMMTVintegrationsitefamily,member10B	
7481	7481	7481	WNT11	wingless-typeMMTVintegrationsitefamily,member11	
7482	7482	7482	WNT2B	wingless-typeMMTVintegrationsitefamily,member2B	
7485	7485	7485	WRB	tryptophanrichbasicprotein	
7486	7486	7486	WRN	Wernersyndrome,RecQhelicase-like	
7490	7490	7490	WT1	Wilmstumor1	
7494	7494	7494	XBP1	X-boxbindingprotein1	
7498	7498	7498	XDH	xanthinedehydrogenase	
750	750	750	C16orf3	chromosome16openreadingframe3	
7503	7503	7503	XIST	X(inactive)-specifictranscript(non-proteincoding)	
7504	7504	7504	XK	X-linkedKxbloodgroup(McLeodsyndrome)	
7507	7507	7507	XPA	xerodermapigmentosum,complementationgroupA	
7508	7508	7508	XPC	xerodermapigmentosum,complementationgroupC	
7511	7511	7511	XPNPEP1	X-prolylaminopeptidase(aminopeptidaseP)1,soluble	
7512	7512	7512	XPNPEP2	X-prolylaminopeptidase(aminopeptidaseP)2,membrane-bound	
7514	7514	7514	XPO1	exportin1(CRM1homolog,yeast)	
7515	7515	7515	XRCC1	X-rayrepaircomplementingdefectiverepairinChinesehamstercells1	
7516	7516	7516	XRCC2	X-rayrepaircomplementingdefectiverepairinChinesehamstercells2	
7517	7517	7517	XRCC3	X-rayrepaircomplementingdefectiverepairinChinesehamstercells3	
7518	7518	7518	XRCC4	X-rayrepaircomplementingdefectiverepairinChinesehamstercells4	
752	752	752	FMNL1	formin-like1	
7520	7520	7520	XRCC5	X-rayrepaircomplementingdefectiverepairinChinesehamstercells5(double-strand-breakrejoining)	
7525	7525	7525	YES1	v-yes-1Yamaguchisarcomaviraloncogenehomolog1	
7528	7528	7528	YY1	YY1transcriptionfactor	
7529	7529	7529	YWHAB	tyrosine3-monooxygenase/tryptophan5-monooxygenaseactivationprotein,betapolypeptide	
753	753	753	C18orf1	chromosome18openreadingframe1	
7531	7531	7531	YWHAE	tyrosine3-monooxygenase/tryptophan5-monooxygenaseactivationprotein,epsilonpolypeptide	
7533	7533	7533	YWHAH	tyrosine3-monooxygenase/tryptophan5-monooxygenaseactivationprotein,etapolypeptide	
7534	7534	7534	YWHAZ	tyrosine3-monooxygenase/tryptophan5-monooxygenaseactivationprotein,zetapolypeptide	
7535	7535	7535	ZAP70	zeta-chain(TCR)associatedproteinkinase70kDa	
7536	7536	7536	SF1	splicingfactor1	
7538	7538	7538	ZFP36	zincfingerprotein36,C3Htype,homolog(mouse)	
7539	7539	7539	ZFP37	zincfingerprotein37homolog(mouse)	
754	754	754	PTTG1IP	pituitarytumor-transforming1interactingprotein	
7541	7541	7541	ZFP161	zincfingerprotein161homolog(mouse)	
7542	7542	7542	ZFPL1	zincfingerprotein-like1	
7543	7543	7543	ZFX	zincfingerprotein,X-linked	
7544	7544	7544	ZFY	zincfingerprotein,Y-linked	
7545	7545	7545	ZIC1	Zicfamilymember1(odd-pairedhomolog,Drosophila)	
7547	7547	7547	ZIC3	Zicfamilymember3(odd-pairedhomolog,Drosophila)	
755	755	755	C21orf2	chromosome21openreadingframe2	
7551	7551	7551	ZNF3	zincfingerprotein3	
7552	7552	7552	ZNF711	zincfingerprotein711	
7553	7553	7553	ZNF7	zincfingerprotein7	
7554	7554	7554	ZNF8	zincfingerprotein8	
7555	7555	7555	CNBP	CCHC-typezincfinger,nucleicacidbindingprotein	
7556	7556	7556	ZNF10	zincfingerprotein10	
7559	7559	7559	ZNF12	zincfingerprotein12	
7561	7561	7561	ZNF14	zincfingerprotein14	
7564	7564	7564	ZNF16	zincfingerprotein16	
7568	7568	7568	ZNF20	zincfingerprotein20	
757	757	757	TMEM50B	transmembraneprotein50B	
7570	7570	7570	ZNF22	zincfingerprotein22(KOX15)	
7571	7571	7571	ZNF23	zincfingerprotein23(KOX16)	
7572	7572	7572	ZNF24	zincfingerprotein24	
7574	7574	7574	ZNF26	zincfingerprotein26	
758	758	758	MPPED1	metallophosphoesterasedomaincontaining1	
7580	7580	7580	ZNF32	zincfingerprotein32	
7582	7582	7582	ZNF33B	zincfingerprotein33B	
7584	7584	7584	ZNF35	zincfingerprotein35	
7586	7586	7586	ZKSCAN1	zincfingerwithKRABandSCANdomains1	
7587	7587	7587	ZNF37A	zincfingerprotein37A	
759	759	759	CA1	carbonicanhydraseI	
7593	7593	7593	MZF1	myeloidzincfinger1	
7594	7594	7594	ZNF43	zincfingerprotein43	
7596	7596	7596	ZNF45	zincfingerprotein45	
7597	7597	7597	ZBTB25	zincfingerandBTBdomaincontaining25	
760	760	760	CA2	carbonicanhydraseII	
761	761	761	CA3	carbonicanhydraseIII,musclespecific	
762	762	762	CA4	carbonicanhydraseIV	
7625	7625	7625	ZNF74	zincfingerprotein74	
7626	7626	7626	ZNF75D	zincfingerprotein75D	
7629	7629	7629	ZNF76	zincfingerprotein76(expressedintestis)	
763	763	763	CA5A	carbonicanhydraseVA,mitochondrial	
7633	7633	7633	ZNF79	zincfingerprotein79	
7634	7634	7634	ZNF80	zincfingerprotein80	
7637	7637	7637	ZNF84	zincfingerprotein84	
7638	7638	7638	ZNF221	zincfingerprotein221	
7639	7639	7639	ZNF85	zincfingerprotein85	
7644	7644	7644	ZNF91	zincfingerprotein91	
765	765	765	CA6	carbonicanhydraseVI	
766	766	766	CA7	carbonicanhydraseVII	
767	767	767	CA8	carbonicanhydraseVIII	
7673	7673	7673	ZNF222	zincfingerprotein222	
7678	7678	7678	ZNF124	zincfingerprotein124	
768	768	768	CA9	carbonicanhydraseIX	
7681	7681	7681	MKRN3	makorinringfingerprotein3	
7690	7690	7690	ZNF131	zincfingerprotein131	
7691	7691	7691	ZNF132	zincfingerprotein132	
7692	7692	7692	ZNF133	zincfingerprotein133	
7693	7693	7693	ZNF134	zincfingerprotein134	
7694	7694	7694	ZNF135	zincfingerprotein135	
7695	7695	7695	ZNF136	zincfingerprotein136	
7696	7696	7696	ZNF137	zincfingerprotein137	
7699	7699	7699	ZNF140	zincfingerprotein140	
770	770	770	CA11	carbonicanhydraseXI	
7700	7700	7700	ZNF141	zincfingerprotein141	
7701	7701	7701	ZNF142	zincfingerprotein142	
7703	7703	7703	PCGF2	polycombgroupringfinger2	
7704	7704	7704	ZBTB16	zincfingerandBTBdomaincontaining16	
7705	7705	7705	ZNF146	zincfingerprotein146	
7706	7706	7706	TRIM25	tripartitemotif-containing25	
7707	7707	7707	ZNF148	zincfingerprotein148	
7709	7709	7709	ZBTB17	zincfingerandBTBdomaincontaining17	
771	771	771	CA12	carbonicanhydraseXII	
7711	7711	7711	ZNF155	zincfingerprotein155	
7712	7712	7712	ZNF157	zincfingerprotein157	
7716	7716	7716	VEZF1	vascularendothelialzincfinger1	
7718	7718	7718	ZNF165	zincfingerprotein165	
7726	7726	7726	TRIM26	tripartitemotif-containing26	
7727	7727	7727	ZNF174	zincfingerprotein174	
7728	7728	7728	ZNF175	zincfingerprotein175	
773	773	773	CACNA1A	calciumchannel,voltage-dependent,P/Qtype,alpha1Asubunit	
7730	7730	7730	ZNF177	zincfingerprotein177	
7733	7733	7733	ZNF180	zincfingerprotein180	
7737	7737	7737	RNF113A	ringfingerprotein113A	
7738	7738	7738	ZNF184	zincfingerprotein184	
7739	7739	7739	ZNF185	zincfingerprotein185(LIMdomain)	
774	774	774	CACNA1B	calciumchannel,voltage-dependent,Ntype,alpha1Bsubunit	
7741	7741	7741	ZNF187	zincfingerprotein187	
7743	7743	7743	ZNF189	zincfingerprotein189	
7745	7745	7745	ZNF192	zincfingerprotein192	
7746	7746	7746	ZNF193	zincfingerprotein193	
7748	7748	7748	ZNF195	zincfingerprotein195	
775	775	775	CACNA1C	calciumchannel,voltage-dependent,Ltype,alpha1Csubunit	
7750	7750	7750	ZMYM2	zincfinger,MYM-type2	
7752	7752	7752	ZNF200	zincfingerprotein200	
7753	7753	7753	ZNF202	zincfingerprotein202	
7754	7754	7754	ZNF204	zincfingerprotein204pseudogene	
7755	7755	7755	ZNF205	zincfingerprotein205	
7756	7756	7756	ZNF207	zincfingerprotein207	
7757	7757	7757	ZNF208	zincfingerprotein208	
776	776	776	CACNA1D	calciumchannel,voltage-dependent,Ltype,alpha1Dsubunit	
7761	7761	7761	ZNF214	zincfingerprotein214	
7762	7762	7762	ZNF215	zincfingerprotein215	
7763	7763	7763	ZFAND5	zincfinger,AN1-typedomain5	
7764	7764	7764	ZNF217	zincfingerprotein217	
7766	7766	7766	ZNF223	zincfingerprotein223	
7767	7767	7767	ZNF224	zincfingerprotein224	
7768	7768	7768	ZNF225	zincfingerprotein225	
7769	7769	7769	ZNF226	zincfingerprotein226	
777	777	777	CACNA1E	calciumchannel,voltage-dependent,Rtype,alpha1Esubunit	
7770	7770	7770	ZNF227	zincfingerprotein227	
7771	7771	7771	ZFP112	zincfingerprotein112homolog(mouse)	
7773	7773	7773	ZNF230	zincfingerprotein230	
7775	7775	7775	ZNF232	zincfingerprotein232	
7776	7776	7776	ZNF236	zincfingerprotein236	
778	778	778	CACNA1F	calciumchannel,voltage-dependent,Ltype,alpha1Fsubunit	
7781	7781	7781	SLC30A3	solutecarrierfamily30(zinctransporter),member3	
7782	7782	7782	SLC30A4	solutecarrierfamily30(zinctransporter),member4	
7783	7783	7783	ZP2	zonapellucidaglycoprotein2(spermreceptor)	
7786	7786	7786	MAP3K12	mitogen-activatedproteinkinasekinasekinase12	
7789	7789	7789	ZXDA	zincfinger,X-linked,duplicatedA	
779	779	779	CACNA1S	calciumchannel,voltage-dependent,Ltype,alpha1Ssubunit	
7791	7791	7791	ZYX	zyxin	
7799	7799	7799	PRDM2	PRdomaincontaining2,withZNFdomain	
780	780	780	DDR1	discoidindomainreceptortyrosinekinase1	
7802	7802	7802	DNALI1	dynein,axonemal,lightintermediatechain1	
7803	7803	7803	PTP4A1	proteintyrosinephosphatasetypeIVA,member1	
7804	7804	7804	LRP8	lowdensitylipoproteinreceptor-relatedprotein8,apolipoproteinereceptor	
7805	7805	7805	LAPTM5	lysosomalproteintransmembrane5	
781	781	781	CACNA2D1	calciumchannel,voltage-dependent,alpha2/deltasubunit1	
7812	7812	7812	CSDE1	coldshockdomaincontainingE1,RNA-binding	
7813	7813	7813	EVI5	ecotropicviralintegrationsite5	
7818	7818	7818	DAP3	deathassociatedprotein3	
782	782	782	CACNB1	calciumchannel,voltage-dependent,beta1subunit	
7827	7827	7827	NPHS2	nephrosis2,idiopathic,steroid-resistant(podocin)	
783	783	783	CACNB2	calciumchannel,voltage-dependent,beta2subunit	
7832	7832	7832	BTG2	BTGfamily,member2	
784	784	784	CACNB3	calciumchannel,voltage-dependent,beta3subunit	
7840	7840	7840	ALMS1	Alstromsyndrome1	
7841	7841	7841	MOGS	mannosyl-oligosaccharideglucosidase	
7844	7844	7844	RNF103	ringfingerprotein103	
7846	7846	7846	TUBA1A	tubulin,alpha1a	
7849	7849	7849	PAX8	pairedbox8	
785	785	785	CACNB4	calciumchannel,voltage-dependent,beta4subunit	
7850	7850	7850	IL1R2	interleukin1receptor,typeII	
7851	7851	7851	MALL	mal,T-celldifferentiationprotein-like	
7852	7852	7852	CXCR4	chemokine(C-X-Cmotif)receptor4	
7855	7855	7855	FZD5	frizzledhomolog5(Drosophila)	
7857	7857	7857	SCG2	secretograninII(chromograninC)	
786	786	786	CACNG1	calciumchannel,voltage-dependent,gammasubunit1	
7862	7862	7862	BRPF1	bromodomainandPHDfingercontaining,1	
7866	7866	7866	IFRD2	interferon-relateddevelopmentalregulator2	
7867	7867	7867	MAPKAPK3	mitogen-activatedproteinkinase-activatedproteinkinase3	
7869	7869	7869	SEMA3B	semadomain,immunoglobulindomain(Ig),shortbasicdomain,secreted,(semaphorin)3B	
7873	7873	7873	MANF	mesencephalicastrocyte-derivedneurotrophicfactor	
7874	7874	7874	USP7	ubiquitinspecificpeptidase7(herpesvirus-associated)	
7879	7879	7879	RAB7A	RAB7A,memberRASoncogenefamily	
788	788	788	SLC25A20	solutecarrierfamily25(carnitine/acylcarnitinetranslocase),member20	
7881	7881	7881	KCNAB1	potassiumvoltage-gatedchannel,shaker-relatedsubfamily,betamember1	
7884	7884	7884	SLBP	stem-loopbindingprotein	
78986	78986	78986	DUSP26	dualspecificityphosphatase26(putative)	
78987	78987	78987	CRELD1	cysteine-richwithEGF-likedomains1	
78988	78988	78988	MRP63	mitochondrialribosomalprotein63	
78989	78989	78989	COLEC11	collectinsub-familymember11	
78990	78990	78990	OTUB2	OTUdomain,ubiquitinaldehydebinding2	
78991	78991	78991	PCYOX1L	prenylcysteineoxidase1like	
78992	78992	78992	YIPF2	Yip1domainfamily,member2	
78994	78994	78994	PRR14	prolinerich14	
78995	78995	78995	C17orf53	chromosome17openreadingframe53	
78996	78996	78996	C7orf49	chromosome7openreadingframe49	
78997	78997	78997	GDAP1L1	ganglioside-induceddifferentiation-associatedprotein1-like1	
78998	78998	78998	C8orf51	chromosome8openreadingframe51	
78999	78999	78999	LRFN4	leucinerichrepeatandfibronectintypeIIIdomaincontaining4	
790	790	790	CAD	carbamoyl-phosphatesynthetase2,aspartatetranscarbamylase,anddihydroorotase	
79000	79000	79000	C1orf135	chromosome1openreadingframe135	
79001	79001	79001	VKORC1	vitaminKepoxidereductasecomplex,subunit1	
79003	79003	79003	MIS12	MIS12,MINDkinetochorecomplexcomponent,homolog(S.pombe)	
79004	79004	79004	CUEDC2	CUEdomaincontaining2	
79005	79005	79005	SCNM1	sodiumchannelmodifier1	
79006	79006	79006	METRN	meteorin,glialcelldifferentiationregulator	
79007	79007	79007	DBNDD1	dysbindin(dystrobrevinbindingprotein1)domaincontaining1	
79009	79009	79009	DDX50	DEAD(Asp-Glu-Ala-Asp)boxpolypeptide50	
79012	79012	79012	CAMKV	CaMkinase-likevesicle-associated	
79016	79016	79016	DDA1	DET1andDDB1associated1	
79017	79017	79017	GGCT	gamma-glutamylcyclotransferase	
79018	79018	79018	C17orf39	chromosome17openreadingframe39	
79019	79019	79019	CENPM	centromereproteinM	
79020	79020	79020	C7orf25	chromosome7openreadingframe25	
79022	79022	79022	TMEM106C	transmembraneprotein106C	
79023	79023	79023	NUP37	nucleoporin37kDa	
79025	79025	79025	C20orf195	chromosome20openreadingframe195	
79026	79026	79026	AHNAK	AHNAKnucleoprotein	
79029	79029	79029	SPATA5L1	spermatogenesisassociated5-like1	
7903	7903	7903	ST8SIA4	ST8alpha-N-acetyl-neuraminidealpha-2,8-sialyltransferase4	
79033	79033	79033	ERI3	exoribonuclease3	
79034	79034	79034	C7orf26	chromosome7openreadingframe26	
79035	79035	79035	OBFC2B	oligonucleotide/oligosaccharide-bindingfoldcontaining2B	
79036	79036	79036	C19orf50	chromosome19openreadingframe50	
79037	79037	79037	PVRIG	poliovirusreceptorrelatedimmunoglobulindomaincontaining	
79038	79038	79038	ZFYVE21	zincfinger,FYVEdomaincontaining21	
79039	79039	79039	DDX54	DEAD(Asp-Glu-Ala-Asp)boxpolypeptide54	
79042	79042	79042	TSEN34	tRNAsplicingendonuclease34homolog(S.cerevisiae)	
79047	79047	79047	KCTD15	potassiumchanneltetramerisationdomaincontaining15	
79048	79048	79048	SECISBP2	SECISbindingprotein2	
7905	7905	7905	REEP5	receptoraccessoryprotein5	
79050	79050	79050	NOC4L	nucleolarcomplexassociated4homolog(S.cerevisiae)	
79053	79053	79053	ALG8	asparagine-linkedglycosylation8,alpha-1,3-glucosyltransferasehomolog(S.cerevisiae)	
79054	79054	79054	TRPM8	transientreceptorpotentialcationchannel,subfamilyM,member8	
79056	79056	79056	PRRG4	prolinerichGla(G-carboxyglutamicacid)4(transmembrane)	
79057	79057	79057	PRRG3	prolinerichGla(G-carboxyglutamicacid)3(transmembrane)	
79058	79058	79058	ASPSCR1	alveolarsoftpartsarcomachromosomeregion,candidate1	
79064	79064	79064	TMEM223	transmembraneprotein223	
79065	79065	79065	ATG9A	ATG9autophagyrelated9homologA(S.cerevisiae)	
79066	79066	79066	METT10D	methyltransferase10domaincontaining	
79068	79068	79068	FTO	fatmassandobesityassociated	
79070	79070	79070	KDELC1	KDEL(Lys-Asp-Glu-Leu)containing1	
79071	79071	79071	ELOVL6	ELOVLfamilymember6,elongationoflongchainfattyacids(FEN1/Elo2,SUR4/Elo3-like,yeast)	
79072	79072	79072	FASTKD3	FASTkinasedomains3	
79073	79073	79073	TMEM109	transmembraneprotein109	
79074	79074	79074	C2orf49	chromosome2openreadingframe49	
79075	79075	79075	DSCC1	defectiveinsisterchromatidcohesion1homolog(S.cerevisiae)	
79077	79077	79077	DCTPP1	dCTPpyrophosphatase1	
79078	79078	79078	C1orf50	chromosome1openreadingframe50	
79080	79080	79080	CCDC86	coiled-coildomaincontaining86	
79081	79081	79081	C11orf48	chromosome11openreadingframe48	
79083	79083	79083	MLPH	melanophilin	
79084	79084	79084	WDR77	WDrepeatdomain77	
79086	79086	79086	C19orf42	chromosome19openreadingframe42	
79087	79087	79087	ALG12	asparagine-linkedglycosylation12,alpha-1,6-mannosyltransferasehomolog(S.cerevisiae)	
79088	79088	79088	ZNF426	zincfingerprotein426	
79089	79089	79089	TMUB2	transmembraneandubiquitin-likedomaincontaining2	
79090	79090	79090	TRAPPC6A	traffickingproteinparticlecomplex6A	
79091	79091	79091	C16orf68	chromosome16openreadingframe68	
79092	79092	79092	CARD14	caspaserecruitmentdomainfamily,member14	
79094	79094	79094	CHAC1	ChaC,cationtransportregulatorhomolog1(E.coli)	
79095	79095	79095	C9orf16	chromosome9openreadingframe16	
79096	79096	79096	C11orf49	chromosome11openreadingframe49	
79097	79097	79097	TRIM48	tripartitemotif-containing48	
79098	79098	79098	C1orf116	chromosome1openreadingframe116	
79101	79101	79101	TAF1D	TATAboxbindingprotein(TBP)-associatedfactor,RNApolymeraseI,D,41kDa	
79109	79109	79109	MAPKAP1	mitogen-activatedproteinkinaseassociatedprotein1	
7913	7913	7913	DEK	DEKoncogene	
79132	79132	79132	DHX58	DEXH(Asp-Glu-X-His)boxpolypeptide58	
79134	79134	79134	TMEM185B	transmembraneprotein185B(pseudogene)	
79135	79135	79135	APOO	apolipoproteinO	
79136	79136	79136	LY6G6E	lymphocyteantigen6complex,locusG6E	
79137	79137	79137	FAM134A	familywithsequencesimilarity134,memberA	
79139	79139	79139	DERL1	Der1-likedomainfamily,member1	
79140	79140	79140	CCDC28B	coiled-coildomaincontaining28B	
79143	79143	79143	MBOAT7	membraneboundO-acyltransferasedomaincontaining7	
79144	79144	79144	PPDPF	pancreaticprogenitorcelldifferentiationandproliferationfactorhomolog(zebrafish)	
79145	79145	79145	CHCHD7	coiled-coil-helix-coiled-coil-helixdomaincontaining7	
79147	79147	79147	FKRP	fukutinrelatedprotein	
79148	79148	79148	MMP28	matrixmetallopeptidase28	
79149	79149	79149	ZSCAN5A	zincfingerandSCANdomaincontaining5A	
7915	7915	7915	ALDH5A1	aldehydedehydrogenase5family,memberA1	
79152	79152	79152	FA2H	fattyacid2-hydroxylase	
79153	79153	79153	GDPD3	glycerophosphodiesterphosphodiesterasedomaincontaining3	
79154	79154	79154	DHRS11	dehydrogenase/reductase(SDRfamily)member11	
79155	79155	79155	TNIP2	TNFAIP3interactingprotein2	
79156	79156	79156	PLEKHF1	pleckstrinhomologydomaincontaining,familyF(withFYVEdomain)member1	
79157	79157	79157	MFSD11	majorfacilitatorsuperfamilydomaincontaining11	
79158	79158	79158	GNPTAB	N-acetylglucosamine-1-phosphatetransferase,alphaandbetasubunits	
79159	79159	79159	NOL12	nucleolarprotein12	
7916	7916	7916	BAT2	HLA-Bassociatedtranscript2	
79161	79161	79161	C7orf23	chromosome7openreadingframe23	
79169	79169	79169	C1orf35	chromosome1openreadingframe35	
7917	7917	7917	BAT3	HLA-Bassociatedtranscript3	
79170	79170	79170	ATAD4	ATPasefamily,AAAdomaincontaining4	
79171	79171	79171	RBM42	RNAbindingmotifprotein42	
79172	79172	79172	CENPO	centromereproteinO	
79173	79173	79173	C19orf57	chromosome19openreadingframe57	
79174	79174	79174	CRELD2	cysteine-richwithEGF-likedomains2	
79175	79175	79175	ZNF343	zincfingerprotein343	
79176	79176	79176	FBXL15	F-boxandleucine-richrepeatprotein15	
79177	79177	79177	ZNF576	zincfingerprotein576	
79178	79178	79178	THTPA	thiaminetriphosphatase	
79180	79180	79180	EFHD2	EF-handdomainfamily,memberD2	
79183	79183	79183	TTPAL	tocopherol(alpha)transferprotein-like	
79184	79184	79184	BRCC3	BRCA1/BRCA2-containingcomplex,subunit3	
79187	79187	79187	FSD1	fibronectintypeIIIandSPRYdomaincontaining1	
79188	79188	79188	TMEM43	transmembraneprotein43	
7919	7919	7919	BAT1	HLA-Bassociatedtranscript1	
7922	7922	7922	SLC39A7	solutecarrierfamily39(zinctransporter),member7	
79228	79228	79228	THOC6	THOcomplex6homolog(Drosophila)	
7923	7923	7923	HSD17B8	hydroxysteroid(17-beta)dehydrogenase8	
79230	79230	79230	ZNF557	zincfingerprotein557	
79269	79269	79269	DCAF10	DDB1andCUL4associatedfactor10	
793	793	793	CALB1	calbindin1,28kDa	
7932	7932	7932	OR2H2	olfactoryreceptor,family2,subfamilyH,member2	
7936	7936	7936	RDBP	RDRNAbindingprotein	
79363	79363	79363	C1orf89	chromosome1openreadingframe89	
79364	79364	79364	ZXDC	ZXDfamilyzincfingerC	
79365	79365	79365	BHLHE41	basichelix-loop-helixfamily,membere41	
79366	79366	79366	NSBP1	nucleosomalbindingprotein1	
79368	79368	79368	FCRL2	Fcreceptor-like2	
79369	79369	79369	B3GNT4	UDP-GlcNAc:betaGalbeta-1,3-N-acetylglucosaminyltransferase4	
79370	79370	79370	BCL2L14	BCL2-like14(apoptosisfacilitator)	
794	794	794	CALB2	calbindin2	
7940	7940	7940	LST1	leukocytespecifictranscript1	
7941	7941	7941	PLA2G7	phospholipaseA2,groupVII(platelet-activatingfactoracetylhydrolase,plasma)	
79411	79411	79411	GLB1L	galactosidase,beta1-like	
79412	79412	79412	KREMEN2	kringlecontainingtransmembraneprotein2	
79413	79413	79413	ZBED2	zincfinger,BED-typecontaining2	
79414	79414	79414	LRFN3	leucinerichrepeatandfibronectintypeIIIdomaincontaining3	
79415	79415	79415	C17orf62	chromosome17openreadingframe62	
7942	7942	7942	TFEB	transcriptionfactorEB	
79441	79441	79441	HAUS3	HAUSaugmin-likecomplex,subunit3	
79442	79442	79442	LRRC2	leucinerichrepeatcontaining2	
79443	79443	79443	FYCO1	FYVEandcoiled-coildomaincontaining1	
79444	79444	79444	BIRC7	baculoviralIAPrepeat-containing7	
79446	79446	79446	WDR25	WDrepeatdomain25	
79447	79447	79447	C16orf53	chromosome16openreadingframe53	
795	795	795	S100G	S100calciumbindingproteinG	
79567	79567	79567	FAM65A	familywithsequencesimilarity65,memberA	
79568	79568	79568	C2orf47	chromosome2openreadingframe47	
7957	7957	7957	EPM2A	epilepsy,progressivemyoclonustype2A,Laforadisease(laforin)	
79570	79570	79570	NKAIN1	Na+/K+transportingATPaseinteracting1	
79571	79571	79571	GCC1	GRIPandcoiled-coildomaincontaining1	
79573	79573	79573	TTC13	tetratricopeptiderepeatdomain13	
79574	79574	79574	EPS8L3	EPS8-like3	
79575	79575	79575	ABHD8	abhydrolasedomaincontaining8	
79577	79577	79577	CDC73	celldivisioncycle73,Paf1/RNApolymeraseIIcomplexcomponent,homolog(S.cerevisiae)	
79581	79581	79581	GPR172A	Gprotein-coupledreceptor172A	
79582	79582	79582	SPAG16	spermassociatedantigen16	
79584	79584	79584	FLJ12684	hypothetical protein FLJ12684	
79585	79585	79585	CORO7	coronin7	
79586	79586	79586	CHPF	chondroitinpolymerizingfactor	
79587	79587	79587	CARS2	cysteinyl-tRNAsynthetase2,mitochondrial(putative)	
79589	79589	79589	RNF128	ringfingerprotein128	
79590	79590	79590	MRPL24	mitochondrialribosomalproteinL24	
79591	79591	79591	C10orf76	chromosome10openreadingframe76	
79594	79594	79594	MUL1	mitochondrialE3ubiquitinligase1	
79595	79595	79595	SAP130	Sin3A-associatedprotein,130kDa	
79596	79596	79596	RNF219	ringfingerprotein219	
796	796	796	CALCA	calcitonin-relatedpolypeptidealpha	
79600	79600	79600	TCTN1	tectonicfamilymember1	
79602	79602	79602	ADIPOR2	adiponectinreceptor2	
79603	79603	79603	LASS4	LAG1homolog,ceramidesynthase4	
79605	79605	79605	PGBD5	piggyBactransposableelementderived5	
79608	79608	79608	RIC3	resistancetoinhibitorsofcholinesterase3homolog(C.elegans)	
79609	79609	79609	C14orf138	chromosome14openreadingframe138	
79611	79611	79611	ACSS3	acyl-CoAsynthetaseshort-chainfamilymember3	
79612	79612	79612	NARG1L	NMDAreceptorregulated1-like	
79614	79614	79614	C5orf23	chromosome5openreadingframe23	
79616	79616	79616	CCNJL	cyclinJ-like	
79618	79618	79618	HMBOX1	homeoboxcontaining1	
79621	79621	79621	RNASEH2B	ribonucleaseH2,subunitB	
79622	79622	79622	SNRNP25	smallnuclearribonucleoprotein25kDa(U11/U12)	
79623	79623	79623	GALNT14	UDP-N-acetyl-alpha-D-galactosamine:polypeptideN-acetylgalactosaminyltransferase14(GalNAc-T14)	
79624	79624	79624	C6orf211	chromosome6openreadingframe211	
79625	79625	79625	C4orf31	chromosome4openreadingframe31	
79627	79627	79627	OGFRL1	opioidgrowthfactorreceptor-like1	
79628	79628	79628	SH3TC2	SH3domainandtetratricopeptiderepeats2	
79629	79629	79629	OCEL1	occludin/ELLdomaincontaining1	
79630	79630	79630	C1orf54	chromosome1openreadingframe54	
79631	79631	79631	EFTUD1	elongationfactorTuGTPbindingdomaincontaining1	
79632	79632	79632	FAM184A	familywithsequencesimilarity184,memberA	
79634	79634	79634	SCRN3	secernin3	
79635	79635	79635	CCDC121	coiled-coildomaincontaining121	
79637	79637	79637	ARMC7	armadillorepeatcontaining7	
79639	79639	79639	TMEM53	transmembraneprotein53	
79640	79640	79640	CTA-216E10.6	hypotheticalFLJ23584	
79641	79641	79641	ROGDI	rogdihomolog(Drosophila)	
79642	79642	79642	ARSJ	arylsulfatasefamily,memberJ	
79643	79643	79643	CHMP6	chromatinmodifyingprotein6	
79644	79644	79644	SRD5A3	steroid5alpha-reductase3	
79645	79645	79645	EFCAB1	EF-handcalciumbindingdomain1	
79646	79646	79646	PANK3	pantothenatekinase3	
79647	79647	79647	AKIRIN1	akirin1	
79648	79648	79648	MCPH1	microcephalin1	
79649	79649	79649	MAP7D3	MAP7domaincontaining3	
7965	7965	7965	AIMP2	aminoacyltRNAsynthetasecomplex-interactingmultifunctionalprotein2	
79650	79650	79650	C16orf57	chromosome16openreadingframe57	
79651	79651	79651	RHBDF2	rhomboid5homolog2(Drosophila)	
79652	79652	79652	TMEM204	transmembraneprotein204	
79654	79654	79654	HECTD3	HECTdomaincontaining3	
79656	79656	79656	BEND5	BENdomaincontaining5	
79657	79657	79657	RPAP3	RNApolymeraseIIassociatedprotein3	
79658	79658	79658	ARHGAP10	RhoGTPaseactivatingprotein10	
79659	79659	79659	DYNC2H1	dynein,cytoplasmic2,heavychain1	
79661	79661	79661	NEIL1	neiendonucleaseVIII-like1(E.coli)	
79663	79663	79663	HSPBAP1	HSPB(heatshock27kDa)associatedprotein1	
79664	79664	79664	NARG2	NMDAreceptorregulated2	
79665	79665	79665	DHX40	DEAH(Asp-Glu-Ala-His)boxpolypeptide40	
79666	79666	79666	PLEKHF2	pleckstrinhomologydomaincontaining,familyF(withFYVEdomain)member2	
79668	79668	79668	PARP8	poly(ADP-ribose)polymerasefamily,member8	
79669	79669	79669	C3orf52	chromosome3openreadingframe52	
79670	79670	79670	ZCCHC6	zincfinger,CCHCdomaincontaining6	
79671	79671	79671	NLRX1	NLRfamilymemberX1	
79672	79672	79672	FN3KRP	fructosamine3kinaserelatedprotein	
79673	79673	79673	ZNF329	zincfingerprotein329	
79675	79675	79675	FASTKD1	FASTkinasedomains1	
79676	79676	79676	OGFOD2	2-oxoglutarateandiron-dependentoxygenasedomaincontaining2	
79677	79677	79677	SMC6	structuralmaintenanceofchromosomes6	
79679	79679	79679	VTCN1	V-setdomaincontainingTcellactivationinhibitor1	
79680	79680	79680	C22orf29	chromosome22openreadingframe29	
79682	79682	79682	MLF1IP	MLF1interactingprotein	
79683	79683	79683	ZDHHC14	zincfinger,DHHC-typecontaining14	
79684	79684	79684	C11orf61	chromosome11openreadingframe61	
79685	79685	79685	SAP30L	SAP30-like	
79686	79686	79686	C14orf139	chromosome14openreadingframe139	
79689	79689	79689	STEAP4	STEAPfamilymember4	
79690	79690	79690	GAL3ST4	galactose-3-O-sulfotransferase4	
79691	79691	79691	QTRTD1	queuinetRNA-ribosyltransferasedomaincontaining1	
79693	79693	79693	YRDC	yrdCdomaincontaining(E.coli)	
79694	79694	79694	MANEA	mannosidase,endo-alpha	
79696	79696	79696	FAM164C	familywithsequencesimilarity164,memberC	
79697	79697	79697	C14orf169	chromosome14openreadingframe169	
79698	79698	79698	ZMAT4	zincfinger,matrintype4	
797	797	797	CALCB	calcitonin-relatedpolypeptidebeta	
79701	79701	79701	C17orf101	chromosome17openreadingframe101	
79703	79703	79703	C11orf80	chromosome11openreadingframe80	
79705	79705	79705	LRRK1	leucine-richrepeatkinase1	
79706	79706	79706	PRKRIP1	PRKRinteractingprotein1(IL11inducible)	
79709	79709	79709	GLT25D1	glycosyltransferase25domaincontaining1	
79710	79710	79710	MORC4	MORCfamilyCW-typezincfinger4	
79711	79711	79711	IPO4	importin4	
79712	79712	79712	GTDC1	glycosyltransferase-likedomaincontaining1	
79713	79713	79713	TMEM149	transmembraneprotein149	
79714	79714	79714	CCDC51	coiled-coildomaincontaining51	
79716	79716	79716	NPEPL1	aminopeptidase-like1	
79717	79717	79717	PPCS	phosphopantothenoylcysteinesynthetase	
79718	79718	79718	TBL1XR1	transducin(beta)-like1X-linkedreceptor1	
79719	79719	79719	AAGAB	alpha-andgamma-adaptinbindingprotein	
79720	79720	79720	VPS37B	vacuolarproteinsorting37homologB(S.cerevisiae)	
79722	79722	79722	ANKRD55	ankyrinrepeatdomain55	
79723	79723	79723	SUV39H2	suppressorofvariegation3-9homolog2(Drosophila)	
79724	79724	79724	ZNF768	zincfingerprotein768	
79725	79725	79725	THAP9	THAPdomaincontaining9	
79726	79726	79726	WDR59	WDrepeatdomain59	
79727	79727	79727	LIN28	lin-28homolog(C.elegans)	
79728	79728	79728	PALB2	partnerandlocalizerofBRCA2	
79729	79729	79729	C1orf113	chromosome1openreadingframe113	
79731	79731	79731	NARS2	asparaginyl-tRNAsynthetase2,mitochondrial(putative)	
79733	79733	79733	E2F8	E2Ftranscriptionfactor8	
79734	79734	79734	KCTD17	potassiumchanneltetramerisationdomaincontaining17	
79735	79735	79735	TBC1D17	TBC1domainfamily,member17	
79738	79738	79738	BBS10	Bardet-Biedlsyndrome10	
79739	79739	79739	TTLL7	tubulintyrosineligase-likefamily,member7	
79740	79740	79740	ZBBX	zincfinger,B-boxdomaincontaining	
79741	79741	79741	C10orf68	chromosome10openreadingframe68	
79742	79742	79742	CXorf36	chromosomeXopenreadingframe36	
79744	79744	79744	ZNF419	zincfingerprotein419	
79745	79745	79745	CLIP4	CAP-GLYdomaincontaininglinkerproteinfamily,member4	
79746	79746	79746	ECHDC3	enoylCoenzymeAhydratasedomaincontaining3	
79747	79747	79747	C6orf103	chromosome6openreadingframe103	
79748	79748	79748	LMAN1L	lectin,mannose-binding,1like	
7975	7975	7975	MAFK	v-mafmusculoaponeuroticfibrosarcomaoncogenehomologK(avian)	
79750	79750	79750	ZNF385D	zincfingerprotein385D	
79751	79751	79751	SLC25A22	solutecarrierfamily25(mitochondrialcarrier:glutamate),member22	
79752	79752	79752	ZFAND1	zincfinger,AN1-typedomain1	
79753	79753	79753	SNIP1	Smadnuclearinteractingprotein1	
79754	79754	79754	ASB13	ankyrinrepeatandSOCSbox-containing13	
79755	79755	79755	ZNF750	zincfingerprotein750	
79758	79758	79758	DHRS12	dehydrogenase/reductase(SDRfamily)member12	
79759	79759	79759	ZNF668	zincfingerprotein668	
7976	7976	7976	FZD3	frizzledhomolog3(Drosophila)	
79760	79760	79760	GEMIN7	gem(nuclearorganelle)associatedprotein7	
79762	79762	79762	C1orf115	chromosome1openreadingframe115	
79763	79763	79763	ISOC2	isochorismatasedomaincontaining2	
79767	79767	79767	ELMO3	engulfmentandcellmotility3	
79768	79768	79768	C15orf29	chromosome15openreadingframe29	
79770	79770	79770	TXNDC15	thioredoxindomaincontaining15	
79774	79774	79774	GRTP1	growthhormoneregulatedTBCprotein1	
79776	79776	79776	ZFHX4	zincfingerhomeobox4	
79777	79777	79777	ACBD4	acyl-CoenzymeAbindingdomaincontaining4	
79778	79778	79778	MICALL2	MICAL-like2	
7978	7978	7978	MTERF	mitochondrialtranscriptionterminationfactor	
79781	79781	79781	IQCA1	IQmotifcontainingwithAAAdomain1	
79782	79782	79782	LRRC31	leucinerichrepeatcontaining31	
79783	79783	79783	C7orf10	chromosome7openreadingframe10	
79784	79784	79784	MYH14	myosin,heavychain14	
79785	79785	79785	RERGL	RERG/RAS-like	
79786	79786	79786	KLHL36	kelch-like36(Drosophila)	
79788	79788	79788	ZNF665	zincfingerprotein665	
79789	79789	79789	CLMN	calmin(calponin-like,transmembrane)	
7979	7979	7979	SHFM1	splithand/footmalformation(ectrodactyly)type1	
79792	79792	79792	GSDMD	gasderminD	
79794	79794	79794	C12orf49	chromosome12openreadingframe49	
79796	79796	79796	ALG9	asparagine-linkedglycosylation9,alpha-1,2-mannosyltransferasehomolog(S.cerevisiae)	
79797	79797	79797	ZNF408	zincfingerprotein408	
79799	79799	79799	UGT2A3	UDPglucuronosyltransferase2family,polypeptideA3	
7980	7980	7980	TFPI2	tissuefactorpathwayinhibitor2	
79800	79800	79800	ALS2CR8	amyotrophiclateralsclerosis2(juvenile)chromosomeregion,candidate8	
79801	79801	79801	SHCBP1	SHCSH2-domainbindingprotein1	
79802	79802	79802	HHIPL2	HHIP-like2	
79803	79803	79803	HPS6	Hermansky-Pudlaksyndrome6	
79804	79804	79804	NBLA00301	Nbla00301	
79805	79805	79805	VASH2	vasohibin2	
79807	79807	79807	GSTCD	glutathioneS-transferase,C-terminaldomaincontaining	
79810	79810	79810	PTCD2	pentatricopeptiderepeatdomain2	
79811	79811	79811	SLTM	SAFB-like,transcriptionmodulator	
79812	79812	79812	MMRN2	multimerin2	
79813	79813	79813	EHMT1	euchromatichistone-lysineN-methyltransferase1	
79815	79815	79815	NIPAL2	NIPA-likedomaincontaining2	
79816	79816	79816	TLE6	transducin-likeenhancerofsplit6(E(sp1)homolog,Drosophila)	
79817	79817	79817	MOBKL2B	MOB1,MpsOneBinderkinaseactivator-like2B(yeast)	
79818	79818	79818	ZNF552	zincfingerprotein552	
79819	79819	79819	WDR78	WDrepeatdomain78	
7982	7982	7982	ST7	suppressionoftumorigenicity7	
79820	79820	79820	CATSPERB	cationchannel,sperm-associated,beta	
79822	79822	79822	ARHGAP28	RhoGTPaseactivatingprotein28	
79823	79823	79823	C2orf34	chromosome2openreadingframe34	
79825	79825	79825	CCDC48	coiled-coildomaincontaining48	
79828	79828	79828	METTL8	methyltransferaselike8	
79829	79829	79829	NAT11	N-acetyltransferase11(GCN5-related,putative)	
79830	79830	79830	ZMYM1	zincfinger,MYM-type1	
79831	79831	79831	JMJD5	jumonjidomaincontaining5	
79832	79832	79832	QSER1	glutamineandserinerich1	
79833	79833	79833	GEMIN6	gem(nuclearorganelle)associatedprotein6	
79834	79834	79834	SGK269	NKF3kinasefamilymember	
79836	79836	79836	LONRF3	LONpeptidaseN-terminaldomainandringfinger3	
79837	79837	79837	PIP4K2C	phosphatidylinositol-5-phosphate4-kinase,typeII,gamma	
79838	79838	79838	TMC5	transmembranechannel-like5	
79839	79839	79839	CCDC102B	coiled-coildomaincontaining102B	
7984	7984	7984	ARHGEF5	Rhoguaninenucleotideexchangefactor(GEF)5	
79840	79840	79840	NHEJ1	nonhomologousend-joiningfactor1	
79841	79841	79841	AGBL2	ATP/GTPbindingprotein-like2	
79843	79843	79843	FAM124B	familywithsequencesimilarity124B	
79845	79845	79845	RNF122	ringfingerprotein122	
79846	79846	79846	C7orf63	chromosome7openreadingframe63	
79847	79847	79847	TMEM180	transmembraneprotein180	
79848	79848	79848	CSPP1	centrosomeandspindlepoleassociatedprotein1	
79849	79849	79849	PDZD3	PDZdomaincontaining3	
79850	79850	79850	FAM57A	familywithsequencesimilarity57,memberA	
79852	79852	79852	EPHX3	epoxidehydrolase3	
79853	79853	79853	TM4SF20	transmembrane4Lsixfamilymember20	
79857	79857	79857	FLJ13224	hypotheticalproteinFLJ13224	
79858	79858	79858	NEK11	NIMA(neverinmitosisgenea)-relatedkinase11	
79861	79861	79861	TUBAL3	tubulin,alpha-like3	
79862	79862	79862	ZNF669	zincfingerprotein669	
79863	79863	79863	C18orf22	chromosome18openreadingframe22	
79864	79864	79864	C11orf63	chromosome11openreadingframe63	
79865	79865	79865	TREML2	triggeringreceptorexpressedonmyeloidcells-like2	
79866	79866	79866	C13orf34	chromosome13openreadingframe34	
79867	79867	79867	TCTN2	tectonicfamilymember2	
79868	79868	79868	ALG13	asparagine-linkedglycosylation13homolog(S.cerevisiae)	
79869	79869	79869	CPSF7	cleavageandpolyadenylationspecificfactor7,59kDa	
79870	79870	79870	BAALC	brainandacuteleukemia,cytoplasmic	
79871	79871	79871	RPAP2	RNApolymeraseIIassociatedprotein2	
79872	79872	79872	CBLL1	Cas-Br-M(murine)ecotropicretroviraltransformingsequence-like1	
79873	79873	79873	NUDT18	nudix(nucleosidediphosphatelinkedmoietyX)-typemotif18	
79874	79874	79874	RABEP2	rabaptin,RABGTPasebindingeffectorprotein2	
79875	79875	79875	THSD4	thrombospondin,typeI,domaincontaining4	
79876	79876	79876	UBA5	ubiquitin-likemodifieractivatingenzyme5	
79877	79877	79877	DCAKD	dephospho-CoAkinasedomaincontaining	
79879	79879	79879	CCDC134	coiled-coildomaincontaining134	
7988	7988	7988	ZNF212	zincfingerprotein212	
79882	79882	79882	ZC3H14	zincfingerCCCH-typecontaining14	
79883	79883	79883	PODNL1	podocan-like1	
79884	79884	79884	MAP9	microtubule-associatedprotein9	
79885	79885	79885	HDAC11	histonedeacetylase11	
79886	79886	79886	C9orf82	chromosome9openreadingframe82	
79887	79887	79887	PLBD1	phospholipaseBdomaincontaining1	
79888	79888	79888	LPCAT1	lysophosphatidylcholineacyltransferase1	
79890	79890	79890	RIN3	RasandRabinteractor3	
79891	79891	79891	ZNF671	zincfingerprotein671	
79892	79892	79892	C10orf119	chromosome10openreadingframe119	
79893	79893	79893	GGNBP2	gametogenetinbindingprotein2	
79894	79894	79894	ZNF672	zincfingerprotein672	
79895	79895	79895	ATP8B4	ATPase,classI,type8B,member4	
79897	79897	79897	RPP21	ribonucleaseP/MRP21kDasubunit	
79899	79899	79899	PRR5L	prolinerich5like	
799	799	799	CALCR	calcitoninreceptor	
79901	79901	79901	CYBRD1	cytochromebreductase1	
79902	79902	79902	NUP85	nucleoporin85kDa	
79903	79903	79903	NAT15	N-acetyltransferase15(GCN5-related,putative)	
79905	79905	79905	TMC7	transmembranechannel-like7	
79906	79906	79906	MORN1	MORNrepeatcontaining1	
79908	79908	79908	BTNL8	butyrophilin-like8	
7991	7991	7991	TUSC3	tumorsuppressorcandidate3	
79912	79912	79912	PYROXD1	pyridinenucleotide-disulphideoxidoreductasedomain1	
79913	79913	79913	ACTR5	ARP5actin-relatedprotein5homolog(yeast)	
79915	79915	79915	ATAD5	ATPasefamily,AAAdomaincontaining5	
79917	79917	79917	MAGIX	MAGIfamilymember,X-linked	
79918	79918	79918	SETD6	SETdomaincontaining6	
79919	79919	79919	C2orf54	chromosome2openreadingframe54	
79921	79921	79921	TCEAL4	transcriptionelongationfactorA(SII)-like4	
79922	79922	79922	MRM1	mitochondrialrRNAmethyltransferase1homolog(S.cerevisiae)	
79924	79924	79924	ADM2	adrenomedullin2	
79927	79927	79927	GRRP1	glycine/argininerichprotein1	
79929	79929	79929	MAP6D1	MAP6domaincontaining1	
7993	7993	7993	UBXN8	UBXdomainprotein8	
79930	79930	79930	DOK3	dockingprotein3	
79931	79931	79931	TNIP3	TNFAIP3interactingprotein3	
79932	79932	79932	KIAA0319L	KIAA0319-like	
79933	79933	79933	SYNPO2L	synaptopodin2-like	
79935	79935	79935	CNTD2	cyclinN-terminaldomaincontaining2	
79939	79939	79939	SLC35E1	solutecarrierfamily35,memberE1	
7994	7994	7994	MYST3	MYSThistoneacetyltransferase(monocyticleukemia)3	
79940	79940	79940	C6orf155	chromosome6openreadingframe155	
79943	79943	79943	ZNF696	zincfingerprotein696	
79944	79944	79944	L2HGDH	L-2-hydroxyglutaratedehydrogenase	
79946	79946	79946	C10orf95	chromosome10openreadingframe95	
79947	79947	79947	DHDDS	dehydrodolichyldiphosphatesynthase	
79948	79948	79948	PRG2	plasticity-relatedgene2	
79951	79951	79951	FLJ11783	hypothetical protein FLJ11783	
79953	79953	79953	C20orf39	chromosome20openreadingframe39	
79954	79954	79954	NOL10	nucleolarprotein10	
79955	79955	79955	PDZD7	PDZdomaincontaining7	
79956	79956	79956	ERMP1	endoplasmicreticulummetallopeptidase1	
79957	79957	79957	PAQR6	progestinandadipoQreceptorfamilymemberVI	
79958	79958	79958	DENND1C	DENN/MADDdomaincontaining1C	
79959	79959	79959	CEP76	centrosomalprotein76kDa	
79961	79961	79961	DENND2D	DENN/MADDdomaincontaining2D	
79962	79962	79962	DNAJC22	DnaJ(Hsp40)homolog,subfamilyC,member22	
79963	79963	79963	ABCA11P	ATP-bindingcassette,sub-familyA(ABC1),member11(pseudogene)	
79966	79966	79966	SCD5	stearoyl-CoAdesaturase5	
79968	79968	79968	WDR76	WDrepeatdomain76	
79969	79969	79969	C6orf134	chromosome6openreadingframe134	
79970	79970	79970	ZNF767	zincfingerfamilymember767	
79971	79971	79971	GPR177	Gprotein-coupledreceptor177	
79973	79973	79973	ZNF442	zincfingerprotein442	
79974	79974	79974	C7orf58	chromosome7openreadingframe58	
79977	79977	79977	GRHL2	grainyhead-like2(Drosophila)	
79979	79979	79979	TRMT2B	TRM2tRNAmethyltransferase2homologB(S.cerevisiae)	
79980	79980	79980	DSN1	DSN1,MINDkinetochorecomplexcomponent,homolog(S.cerevisiae)	
79981	79981	79981	FRMD1	FERMdomaincontaining1	
79982	79982	79982	DNAJB14	DnaJ(Hsp40)homolog,subfamilyB,member14	
79983	79983	79983	POF1B	prematureovarianfailure,1B	
79984	79984	79984	FLJ21736	esterase 31	
79987	79987	79987	SVEP1	sushi,vonWillebrandfactortypeA,EGFandpentraxindomaincontaining1	
79989	79989	79989	TTC26	tetratricopeptiderepeatdomain26	
79990	79990	79990	PLEKHH3	pleckstrinhomologydomaincontaining,familyH(withMyTH4domain)member3	
79991	79991	79991	OBFC1	oligonucleotide/oligosaccharide-bindingfoldcontaining1	
800	800	800	CALD1	caldesmon1	
8000	8000	8000	PSCA	prostatestemcellantigen	
80000	80000	80000	KIAA1772	KIAA1772	
80003	80003	80003	PCNXL2	pecanex-like2(Drosophila)	
80004	80004	80004	ESRP2	epithelialsplicingregulatoryprotein2	
80005	80005	80005	DOCK5	dedicatorofcytokinesis5	
80006	80006	80006	C5orf44	chromosome5openreadingframe44	
80007	80007	80007	C10orf88	chromosome10openreadingframe88	
80008	80008	80008	TMEM156	transmembraneprotein156	
8001	8001	8001	GLRA3	glycinereceptor,alpha3	
80010	80010	80010	RMI1	RMI1,RecQmediatedgenomeinstability1,homolog(S.cerevisiae)	
80011	80011	80011	C16orf94	chromosome16openreadingframe94	
80013	80013	80013	FAM188A	familywithsequencesimilarity188,memberA	
80014	80014	80014	WWC2	WWandC2domaincontaining2	
80017	80017	80017	C14orf159	chromosome14openreadingframe159	
80019	80019	80019	UBTD1	ubiquitindomaincontaining1	
80020	80020	80020	FOXRED2	FAD-dependentoxidoreductasedomaincontaining2	
80021	80021	80021	TMEM62	transmembraneprotein62	
80023	80023	80023	NRSN2	neurensin2	
80024	80024	80024	SLC24A6	solutecarrierfamily24(sodium/potassium/calciumexchanger),member6	
80025	80025	80025	PANK2	pantothenatekinase2	
80031	80031	80031	SEMA6D	semadomain,transmembranedomain(TM),andcytoplasmicdomain,(semaphorin)6D	
80032	80032	80032	ZNF556	zincfingerprotein556	
80034	80034	80034	CSRNP3	cysteine-serine-richnuclearprotein3	
80035	80035	80035	C15orf28	chromosome15openreadingframe28	
80036	80036	80036	TRPM3	transientreceptorpotentialcationchannel,subfamilyM,member3	
80039	80039	80039	FAM106A	familywithsequencesimilarity106,memberA	
80052	80052	80052	RPS2P45	ribosomalproteinS2pseudogene45	
80055	80055	80055	PGAP1	post-GPIattachmenttoproteins1	
80059	80059	80059	LRRTM4	leucinerichrepeattransmembraneneuronal4	
80063	80063	80063	ATF7IP2	activatingtranscriptionfactor7interactingprotein2	
80067	80067	80067	DCAF17	DDB1andCUL4associatedfactor17	
80069	80069	80069	C6orf208	chromosome6openreadingframe208	
80071	80071	80071	CCDC15	coiled-coildomaincontaining15	
80072	80072	80072	C15orf34	chromosome15openreadingframe34	
80086	80086	80086	TUBA4B	tubulin,alpha4b(pseudogene)	
80092	80092	80092	FLJ14082	hypothetical protein FLJ14082	
80094	80094	80094	FLJ14107	hypotheticalLOC80094	
80095	80095	80095	ZNF606	zincfingerprotein606	
80097	80097	80097	FAM128B	familywithsequencesimilarity128,memberB	
80098	80098	80098	PFDN6L	prefoldin subunit 6-like	
80099	80099	80099	C7orf69	chromosome7openreadingframe69	
801	801	801	CALM1	calmodulin1(phosphorylasekinase,delta)	
80108	80108	80108	ZFP2	zincfingerprotein2homolog(mouse)	
80110	80110	80110	ZNF614	zincfingerprotein614	
80111	80111	80111	C3orf36	chromosome3openreadingframe36	
80112	80112	80112	WBSCR23	Williams-Beurensyndromechromosomeregion23	
80114	80114	80114	BICC1	bicaudalChomolog1(Drosophila)	
80117	80117	80117	ARL14	ADP-ribosylationfactor-like14	
80124	80124	80124	VCPIP1	valosincontainingprotein(p97)/p47complexinteractingprotein1	
80125	80125	80125	CCDC33	coiled-coildomaincontaining33	
80127	80127	80127	C14orf45	chromosome14openreadingframe45	
80128	80128	80128	TRIM46	tripartitemotif-containing46	
80129	80129	80129	C6orf97	chromosome6openreadingframe97	
8013	8013	8013	NR4A3	nuclearreceptorsubfamily4,groupA,member3	
80131	80131	80131	LRRC8E	leucinerichrepeatcontaining8family,memberE	
80133	80133	80133	C1orf129	chromosome1openreadingframe129	
80135	80135	80135	BXDC5	brixdomaincontaining5	
80142	80142	80142	PTGES2	prostaglandinEsynthase2	
80143	80143	80143	SIKE1	suppressorofIKBKE1	
80145	80145	80145	THOC7	THOcomplex7homolog(Drosophila)	
80146	80146	80146	UXS1	UDP-glucuronatedecarboxylase1	
80148	80148	80148	PQLC1	PQlooprepeatcontaining1	
80149	80149	80149	ZC3H12A	zincfingerCCCH-typecontaining12A	
80150	80150	80150	ASRGL1	asparaginaselike1	
80152	80152	80152	CENPT	centromereproteinT	
80153	80153	80153	EDC3	enhancerofmRNAdecapping3homolog(S.cerevisiae)	
80155	80155	80155	NARG1	NMDAreceptorregulated1	
80157	80157	80157	CWH43	cellwallbiogenesis43C-terminalhomolog(S.cerevisiae)	
80162	80162	80162	ATHL1	ATH1,acidtrehalase-like1(yeast)	
80164	80164	80164	FLJ22184	hypotheticalproteinFLJ22184	
80167	80167	80167	C4orf29	chromosome4openreadingframe29	
80168	80168	80168	MOGAT2	monoacylglycerolO-acyltransferase2	
80169	80169	80169	C17orf68	chromosome17openreadingframe68	
80173	80173	80173	IFT74	intraflagellartransport74homolog(Chlamydomonas)	
80174	80174	80174	DBF4B	DBF4homologB(S.cerevisiae)	
80176	80176	80176	SPSB1	splA/ryanodinereceptordomainandSOCSboxcontaining1	
80177	80177	80177	MYCT1	myctarget1	
80178	80178	80178	C16orf59	chromosome16openreadingframe59	
80179	80179	80179	MYO19	myosinXIX	
80183	80183	80183	C13orf18	chromosome13openreadingframe18	
80184	80184	80184	CEP290	centrosomalprotein290kDa	
80185	80185	80185	C8orf41	chromosome8openreadingframe41	
8019	8019	8019	BRD3	bromodomaincontaining3	
80194	80194	80194	TMEM134	transmembraneprotein134	
80195	80195	80195	C10orf57	chromosome10openreadingframe57	
80196	80196	80196	RNF34	ringfingerprotein34	
80198	80198	80198	MUS81	MUS81endonucleasehomolog(S.cerevisiae)	
80199	80199	80199	FUZ	fuzzyhomolog(Drosophila)	
80201	80201	80201	HKDC1	hexokinasedomaincontaining1	
80204	80204	80204	FBXO11	F-boxprotein11	
80205	80205	80205	CHD9	chromodomainhelicaseDNAbindingprotein9	
80206	80206	80206	FHOD3	forminhomology2domaincontaining3	
80207	80207	80207	OPA3	opticatrophy3(autosomalrecessive,withchoreaandspasticparaplegia)	
80208	80208	80208	SPG11	spasticparaplegia11(autosomalrecessive)	
80209	80209	80209	C13orf23	chromosome13openreadingframe23	
8021	8021	8021	NUP214	nucleoporin214kDa	
80210	80210	80210	ARMC9	armadillorepeatcontaining9	
80212	80212	80212	CCDC92	coiled-coildomaincontaining92	
80213	80213	80213	TM2D3	TM2domaincontaining3	
80217	80217	80217	C10orf79	chromosome10openreadingframe79	
80218	80218	80218	NAT13	N-acetyltransferase13(GCN5-related)	
80219	80219	80219	COQ10B	coenzymeQ10homologB(S.cerevisiae)	
8022	8022	8022	LHX3	LIMhomeobox3	
80221	80221	80221	ACSF2	acyl-CoAsynthetasefamilymember2	
80222	80222	80222	TARS2	threonyl-tRNAsynthetase2,mitochondrial(putative)	
80223	80223	80223	RAB11FIP1	RAB11familyinteractingprotein1(classI)	
80224	80224	80224	NUBPL	nucleotidebindingprotein-like	
80227	80227	80227	PAAF1	proteasomalATPase-associatedfactor1	
80228	80228	80228	ORAI2	ORAIcalciumrelease-activatedcalciummodulator2	
80230	80230	80230	RUFY1	RUNandFYVEdomaincontaining1	
80231	80231	80231	CXorf21	chromosomeXopenreadingframe21	
80232	80232	80232	WDR26	WDrepeatdomain26	
80233	80233	80233	C17orf70	chromosome17openreadingframe70	
80235	80235	80235	PIGZ	phosphatidylinositolglycananchorbiosynthesis,classZ	
80237	80237	80237	ELL3	elongationfactorRNApolymeraseII-like3	
80254	80254	80254	CEP63	centrosomalprotein63kDa	
80256	80256	80256	KIAA1539	KIAA1539	
80258	80258	80258	EFHC2	EF-handdomain(C-terminal)containing2	
80263	80263	80263	TRIM45	tripartitemotif-containing45	
80264	80264	80264	ZNF430	zincfingerprotein430	
80267	80267	80267	EDEM3	ERdegradationenhancer,mannosidasealpha-like3	
8027	8027	8027	STAM	signaltransducingadaptormolecule(SH3domainandITAMmotif)1	
80271	80271	80271	ITPKC	inositol1,4,5-trisphosphate3-kinaseC	
80273	80273	80273	GRPEL1	GrpE-like1,mitochondrial(E.coli)	
80279	80279	80279	CDK5RAP3	CDK5regulatorysubunitassociatedprotein3	
8028	8028	8028	MLLT10	myeloid/lymphoidormixed-lineageleukemia(trithoraxhomolog,Drosophila);translocatedto,10	
8029	8029	8029	CUBN	cubilin(intrinsicfactor-cobalaminreceptor)	
8030	8030	8030	CCDC6	coiled-coildomaincontaining6	
80301	80301	80301	PLEKHO2	pleckstrinhomologydomaincontaining,familyOmember2	
80303	80303	80303	EFHD1	EF-handdomainfamily,memberD1	
80304	80304	80304	C2orf44	chromosome2openreadingframe44	
80305	80305	80305	TRABD	TraBdomaincontaining	
80306	80306	80306	MED28	mediatorcomplexsubunit28	
80307	80307	80307	FER1L4	fer-1-like4(C.elegans)	
80308	80308	80308	FLAD1	FAD1flavinadeninedinucleotidesynthetasehomolog(S.cerevisiae)	
8031	8031	8031	NCOA4	nuclearreceptorcoactivator4	
80310	80310	80310	PDGFD	plateletderivedgrowthfactorD	
80316	80316	80316	PPP1R2P9	proteinphosphatase1,regulatory(inhibitor)subunit2pseudogene9	
80317	80317	80317	ZKSCAN3	zincfingerwithKRABandSCANdomains3	
80319	80319	80319	CXXC4	CXXCfinger4	
80321	80321	80321	CEP70	centrosomalprotein70kDa	
80323	80323	80323	CCDC68	coiled-coildomaincontaining68	
80324	80324	80324	PUS1	pseudouridylatesynthase1	
80328	80328	80328	ULBP2	UL16bindingprotein2	
80329	80329	80329	ULBP1	UL16bindingprotein1	
80339	80339	80339	PNPLA3	patatin-likephospholipasedomaincontaining3	
8034	8034	8034	SLC25A16	solutecarrierfamily25(mitochondrialcarrier;Gravesdiseaseautoantigen),member16	
80342	80342	80342	TRAF3IP3	TRAF3interactingprotein3	
80344	80344	80344	DCAF11	DDB1andCUL4associatedfactor11	
80345	80345	80345	ZSCAN16	zincfingerandSCANdomaincontaining16	
80346	80346	80346	REEP4	receptoraccessoryprotein4	
80347	80347	80347	COASY	CoenzymeAsynthase	
80349	80349	80349	WDR61	WDrepeatdomain61	
80350	80350	80350	LPAL2	lipoprotein,Lp(a)-like2pseudogene	
80351	80351	80351	TNKS2	tankyrase,TRF1-interactingankyrin-relatedADP-ribosepolymerase2	
80352	80352	80352	RNF39	ringfingerprotein39	
8036	8036	8036	SHOC2	soc-2suppressorofclearhomolog(C.elegans)	
8038	8038	8038	ADAM12	ADAMmetallopeptidasedomain12	
80380	80380	80380	PDCD1LG2	programmedcelldeath1ligand2	
8045	8045	8045	RASSF7	Rasassociation(RalGDS/AF-6)domainfamily(N-terminal)member7	
8048	8048	8048	CSRP3	cysteineandglycine-richprotein3(cardiacLIMprotein)	
805	805	805	CALM2	calmodulin2(phosphorylasekinase,delta)	
8050	8050	8050	PDHX	pyruvatedehydrogenasecomplex,componentX	
8061	8061	8061	FOSL1	FOS-likeantigen1	
8065	8065	8065	CUL5	cullin5	
80700	80700	80700	UBXN6	UBXdomainprotein6	
80704	80704	80704	SLC19A3	solutecarrierfamily19,member3	
80705	80705	80705	TSGA10	testisspecific,10	
80723	80723	80723	TMEM22	transmembraneprotein22	
80724	80724	80724	ACAD10	acyl-CoenzymeAdehydrogenasefamily,member10	
8073	8073	8073	PTP4A2	proteintyrosinephosphatasetypeIVA,member2	
80736	80736	80736	SLC44A4	solutecarrierfamily44,member4	
80737	80737	80737	C6orf27	chromosome6openreadingframe27	
80739	80739	80739	C6orf25	chromosome6openreadingframe25	
8074	8074	8074	FGF23	fibroblastgrowthfactor23	
80740	80740	80740	LY6G6C	lymphocyteantigen6complex,locusG6C	
80741	80741	80741	LY6G5C	lymphocyteantigen6complex,locusG5C	
80742	80742	80742	PRR3	prolinerich3	
80745	80745	80745	THUMPD2	THUMPdomaincontaining2	
80746	80746	80746	TSEN2	tRNAsplicingendonuclease2homolog(S.cerevisiae)	
80755	80755	80755	AARSD1	alanyl-tRNAsynthetasedomaincontaining1	
80757	80757	80757	TMEM121	transmembraneprotein121	
80758	80758	80758	PRR7	prolinerich7(synaptic)	
80759	80759	80759	KHDC1	KHhomologydomaincontaining1	
8076	8076	8076	MFAP5	microfibrillarassociatedprotein5	
80760	80760	80760	ITIH5	inter-alpha(globulin)inhibitorH5	
80761	80761	80761	UPK3B	uroplakin3B	
80762	80762	80762	NDFIP1	Nedd4familyinteractingprotein1	
80763	80763	80763	C12orf39	chromosome12openreadingframe39	
80764	80764	80764	THAP7	THAPdomaincontaining7	
80765	80765	80765	STARD5	StAR-relatedlipidtransfer(START)domaincontaining5	
80772	80772	80772	GLTPD1	glycolipidtransferproteindomaincontaining1	
80774	80774	80774	LIMD2	LIMdomaincontaining2	
80775	80775	80775	TMEM177	transmembraneprotein177	
80776	80776	80776	B9D2	B9proteindomain2	
80777	80777	80777	CYB5B	cytochromeb5typeB(outermitochondrialmembrane)	
80778	80778	80778	ZNF34	zincfingerprotein34	
8078	8078	8078	USP5	ubiquitinspecificpeptidase5(isopeptidaseT)	
80781	80781	80781	COL18A1	collagen,typeXVIII,alpha1	
80789	80789	80789	INTS5	integratorcomplexsubunit5	
8079	8079	8079	MLF2	myeloidleukemiafactor2	
808	808	808	CALM3	calmodulin3(phosphorylasekinase,delta)	
8082	8082	8082	SSPN	sarcospan(Krasoncogene-associatedgene)	
80823	80823	80823	BHLHB9	basichelix-loop-helixdomaincontaining,classB,9	
80830	80830	80830	APOL6	apolipoproteinL,6	
80831	80831	80831	APOL5	apolipoproteinL,5	
80833	80833	80833	APOL3	apolipoproteinL,3	
8085	8085	8085	MLL2	myeloid/lymphoidormixed-lineageleukemia2	
80853	80853	80853	JHDM1D	jumonjiCdomaincontaininghistonedemethylase1homologD(S.cerevisiae)	
8086	8086	8086	AAAS	achalasia,adrenocorticalinsufficiency,alacrimia(Allgrove,triple-A)	
80864	80864	80864	EGFL8	EGF-like-domain,multiple8	
80867	80867	80867	HCG2P7	HLAcomplexgroup2pseudogene7	
80868	80868	80868	HCG4P6	HLAcomplexgroup4pseudogene6	
8087	8087	8087	FXR1	fragileXmentalretardation,autosomalhomolog1	
8089	8089	8089	YEATS4	YEATSdomaincontaining4	
80895	80895	80895	ILKAP	integrin-linkedkinase-associatedserine/threoninephosphatase2C	
80896	80896	80896	NPL	N-acetylneuraminatepyruvatelyase(dihydrodipicolinatesynthase)	
8091	8091	8091	HMGA2	highmobilitygroupAT-hook2	
8092	8092	8092	ALX1	ALXhomeobox1	
80975	80975	80975	TMPRSS5	transmembraneprotease,serine5	
8099	8099	8099	CDK2AP1	cyclin-dependentkinase2associatedprotein1	
81	81	81	ACTN4	actinin,alpha4	
810	810	810	CALML3	calmodulin-like3	
8100	8100	8100	IFT88	intraflagellartransport88homolog(Chlamydomonas)	
81025	81025	81025	GJA9	gapjunctionprotein,alpha9,59kDa	
81027	81027	81027	TUBB1	tubulin,beta1	
81029	81029	81029	WNT5B	wingless-typeMMTVintegrationsitefamily,member5B	
81030	81030	81030	ZBP1	Z-DNAbindingprotein1	
81031	81031	81031	SLC2A10	solutecarrierfamily2(facilitatedglucosetransporter),member10	
81033	81033	81033	KCNH6	potassiumvoltage-gatedchannel,subfamilyH(eag-related),member6	
81034	81034	81034	SLC25A32	solutecarrierfamily25,member32	
81035	81035	81035	COLEC12	collectinsub-familymember12	
8106	8106	8106	PABPN1	poly(A)bindingprotein,nuclear1	
811	811	811	CALR	calreticulin	
8110	8110	8110	DPF3	D4,zincanddoublePHDfingers,family3	
8111	8111	8111	GPR68	Gprotein-coupledreceptor68	
8115	8115	8115	TCL1A	T-cellleukemia/lymphoma1A	
8120	8120	8120	AP3B2	adaptor-relatedproteincomplex3,beta2subunit	
8125	8125	8125	ANP32A	acidic(leucine-rich)nuclearphosphoprotein32family,memberA	
8128	8128	8128	ST8SIA2	ST8alpha-N-acetyl-neuraminidealpha-2,8-sialyltransferase2	
81285	81285	81285	OR51E2	olfactoryreceptor,family51,subfamilyE,member2	
813	813	813	CALU	calumenin	
8131	8131	8131	C16orf35	chromosome16openreadingframe35	
8139	8139	8139	GAN	gigaxonin	
814	814	814	CAMK4	calcium/calmodulin-dependentproteinkinaseIV	
8140	8140	8140	SLC7A5	solutecarrierfamily7(cationicaminoacidtransporter,y+system),member5	
8148	8148	8148	TAF15	TAF15RNApolymeraseII,TATAboxbindingprotein(TBP)-associatedfactor,68kDa	
81490	81490	81490	PTDSS2	phosphatidylserinesynthase2	
81491	81491	81491	GPR63	Gprotein-coupledreceptor63	
81492	81492	81492	RSHL1	radialspokehead-like1	
81493	81493	81493	SYNC	syncoilin,intermediatefilamentprotein	
81494	81494	81494	CFHR5	complementfactorH-related5	
815	815	815	CAMK2A	calcium/calmodulin-dependentproteinkinaseIIalpha	
81501	81501	81501	TM7SF4	transmembrane7superfamilymember4	
8153	8153	8153	RND2	RhofamilyGTPase2	
81533	81533	81533	ITFG1	integrinalphaFG-GAPrepeatcontaining1	
81537	81537	81537	SGPP1	sphingosine-1-phosphatephosphatase1	
81539	81539	81539	SLC38A1	solutecarrierfamily38,member1	
81542	81542	81542	TMX1	thioredoxin-relatedtransmembraneprotein1	
81543	81543	81543	LRRC3	leucinerichrepeatcontaining3	
81544	81544	81544	GDPD5	glycerophosphodiesterphosphodiesterasedomaincontaining5	
81545	81545	81545	FBXO38	F-boxprotein38	
81550	81550	81550	TDRD3	tudordomaincontaining3	
81551	81551	81551	STMN4	stathmin-like4	
81553	81553	81553	FAM49A	familywithsequencesimilarity49,memberA	
81555	81555	81555	YIPF5	Yip1domainfamily,member5	
81556	81556	81556	C15orf44	chromosome15openreadingframe44	
81558	81558	81558	FAM117A	familywithsequencesimilarity117,memberA	
81562	81562	81562	LMAN2L	lectin,mannose-binding2-like	
81563	81563	81563	C1orf21	chromosome1openreadingframe21	
81565	81565	81565	NDEL1	nudEnucleardistributiongeneEhomolog(A.nidulans)-like1	
81566	81566	81566	CSRNP2	cysteine-serine-richnuclearprotein2	
81567	81567	81567	TXNDC5	thioredoxindomaincontaining5(endoplasmicreticulum)	
81569	81569	81569	ACTL8	actin-like8	
81570	81570	81570	CLPB	ClpBcaseinolyticpeptidaseBhomolog(E.coli)	
81571	81571	81571	C9orf45	chromosome9openreadingframe45	
81575	81575	81575	APOLD1	apolipoproteinLdomaincontaining1	
81576	81576	81576	CCDC130	coiled-coildomaincontaining130	
81577	81577	81577	GFOD2	glucose-fructoseoxidoreductasedomaincontaining2	
81578	81578	81578	COL21A1	collagen,typeXXI,alpha1	
81579	81579	81579	PLA2G12A	phospholipaseA2,groupXIIA	
816	816	816	CAMK2B	calcium/calmodulin-dependentproteinkinaseIIbeta	
81602	81602	81602	CDADC1	cytidineanddCMPdeaminasedomaincontaining1	
81603	81603	81603	TRIM8	tripartitemotif-containing8	
81605	81605	81605	URM1	ubiquitinrelatedmodifier1homolog(S.cerevisiae)	
81606	81606	81606	LBH	limbbudandheartdevelopmenthomolog(mouse)	
81608	81608	81608	FIP1L1	FIP1like1(S.cerevisiae)	
81609	81609	81609	SNX27	sortingnexinfamilymember27	
8161	8161	8161	COIL	coilin	
81611	81611	81611	ANP32E	acidic(leucine-rich)nuclearphosphoprotein32family,memberE	
81614	81614	81614	NIPA2	nonimprintedinPrader-Willi/Angelmansyndrome2	
81616	81616	81616	ACSBG2	acyl-CoAsynthetasebubblegumfamilymember2	
81617	81617	81617	CAB39L	calciumbindingprotein39-like	
81618	81618	81618	ITM2C	integralmembraneprotein2C	
81619	81619	81619	TSPAN14	tetraspanin14	
81620	81620	81620	CDT1	chromatinlicensingandDNAreplicationfactor1	
81621	81621	81621	KAZALD1	Kazal-typeserinepeptidaseinhibitordomain1	
81622	81622	81622	UNC93B1	unc-93homologB1(C.elegans)	
81623	81623	81623	DEFB126	defensin,beta126	
81626	81626	81626	C1orf14	chromosome1openreadingframe14	
81627	81627	81627	C1orf25	chromosome1openreadingframe25	
81628	81628	81628	TSC22D4	TSC22domainfamily,member4	
81631	81631	81631	MAP1LC3B	microtubule-associatedprotein1lightchain3beta	
8165	8165	8165	AKAP1	Akinase(PRKA)anchorprotein1	
81669	81669	81669	CCNL2	cyclinL2	
81671	81671	81671	TMEM49	transmembraneprotein49	
81688	81688	81688	C6orf62	chromosome6openreadingframe62	
81689	81689	81689	ISCA1	iron-sulfurclusterassembly1homolog(S.cerevisiae)	
81691	81691	81691	LOC81691	exonucleaseNEF-sp	
81693	81693	81693	AMN	amnionlesshomolog(mouse)	
81697	81697	81697	OR2B2	olfactoryreceptor,family2,subfamilyB,member2	
81698	81698	81698	C15orf5	chromosome15openreadingframe5	
8170	8170	8170	SLC14A2	solutecarrierfamily14(ureatransporter),member2	
8174	8174	8174	MADCAM1	mucosalvascularaddressincelladhesionmolecule1	
8175	8175	8175	SF3A2	splicingfactor3a,subunit2,66kDa	
8178	8178	8178	ELL	elongationfactorRNApolymeraseII	
81788	81788	81788	NUAK2	NUAKfamily,SNF1-likekinase,2	
81789	81789	81789	TIGD6	tiggertransposableelementderived6	
81790	81790	81790	RNF170	ringfingerprotein170	
81792	81792	81792	ADAMTS12	ADAMmetallopeptidasewiththrombospondintype1motif,12	
81796	81796	81796	SLCO5A1	solutecarrierorganicaniontransporterfamily,member5A1	
81797	81797	81797	OR12D3	olfactoryreceptor,family12,subfamilyD,member3	
818	818	818	CAMK2G	calcium/calmodulin-dependentproteinkinaseIIgamma	
81831	81831	81831	NETO2	neuropilin(NRP)andtolloid(TLL)-like2	
81833	81833	81833	SPACA1	spermacrosomeassociated1	
81839	81839	81839	VANGL1	vang-like1(vangogh,Drosophila)	
81847	81847	81847	RNF146	ringfingerprotein146	
81848	81848	81848	SPRY4	sproutyhomolog4(Drosophila)	
81849	81849	81849	ST6GALNAC5	ST6(alpha-N-acetyl-neuraminyl-2,3-beta-galactosyl-1,3)-N-acetylgalactosaminidealpha-2,6-sialyltransferase5	
81850	81850	81850	KRTAP1-3	keratinassociatedprotein1-3	
81851	81851	81851	KRTAP1-1	keratinassociatedprotein1-1	
81853	81853	81853	TMEM14B	transmembraneprotein14B	
81855	81855	81855	SFXN3	sideroflexin3	
81857	81857	81857	MED25	mediatorcomplexsubunit25	
81858	81858	81858	SHARPIN	SHANK-associatedRHdomaininteractor	
8187	8187	8187	ZNF239	zincfingerprotein239	
81873	81873	81873	ARPC5L	actinrelatedprotein2/3complex,subunit5-like	
81875	81875	81875	ISG20L2	interferonstimulatedexonucleasegene20kDa-like2	
81876	81876	81876	RAB1B	RAB1B,memberRASoncogenefamily	
81887	81887	81887	LAS1L	LAS1-like(S.cerevisiae)	
81888	81888	81888	HYI	hydroxypyruvateisomerasehomolog(E.coli)	
8189	8189	8189	SYMPK	symplekin	
81890	81890	81890	QTRT1	queuinetRNA-ribosyltransferase1	
81892	81892	81892	C14orf156	chromosome14openreadingframe156	
81894	81894	81894	SLC25A28	solutecarrierfamily25,member28	
819	819	819	CAMLG	calciummodulatingligand	
8190	8190	8190	MIA	melanomainhibitoryactivity	
8192	8192	8192	CLPP	ClpPcaseinolyticpeptidase,ATP-dependent,proteolyticsubunithomolog(E.coli)	
81929	81929	81929	SEH1L	SEH1-like(S.cerevisiae)	
8193	8193	8193	DPF1	D4,zincanddoublePHDfingersfamily1	
81930	81930	81930	KIF18A	kinesinfamilymember18A	
81931	81931	81931	ZNF93	zincfingerprotein93	
81932	81932	81932	HDHD3	haloaciddehalogenase-likehydrolasedomaincontaining3	
8195	8195	8195	MKKS	McKusick-Kaufmansyndrome	
820	820	820	CAMP	cathelicidinantimicrobialpeptide	
8200	8200	8200	GDF5	growthdifferentiationfactor5	
8202	8202	8202	NCOA3	nuclearreceptorcoactivator3	
8204	8204	8204	NRIP1	nuclearreceptorinteractingprotein1	
8208	8208	8208	CHAF1B	chromatinassemblyfactor1,subunitB(p60)	
8209	8209	8209	C21orf33	chromosome21openreadingframe33	
821	821	821	CANX	calnexin	
8216	8216	8216	LZTR1	leucine-zipper-liketranscriptionregulator1	
8218	8218	8218	CLTCL1	clathrin,heavychain-like1	
822	822	822	CAPG	cappingprotein(actinfilament),gelsolin-like	
8220	8220	8220	DGCR14	DiGeorgesyndromecriticalregiongene14	
8224	8224	8224	SYN3	synapsinIII	
8226	8226	8226	HDHD1A	haloaciddehalogenase-likehydrolasedomaincontaining1A	
8228	8228	8228	PNPLA4	patatin-likephospholipasedomaincontaining4	
823	823	823	CAPN1	calpain1,(mu/I)largesubunit	
8233	8233	8233	ZRSR2	zincfinger(CCCHtype),RNA-bindingmotifandserine/argininerich2	
8237	8237	8237	USP11	ubiquitinspecificpeptidase11	
8239	8239	8239	USP9X	ubiquitinspecificpeptidase9,X-linked	
824	824	824	CAPN2	calpain2,(m/II)largesubunit	
8241	8241	8241	RBM10	RNAbindingmotifprotein10	
8242	8242	8242	KDM5C	lysine(K)-specificdemethylase5C	
8243	8243	8243	SMC1A	structuralmaintenanceofchromosomes1A	
825	825	825	CAPN3	calpain3,(p94)	
826	826	826	CAPNS1	calpain,smallsubunit1	
8260	8260	8260	ARD1A	ARD1homologA,N-acetyltransferase(S.cerevisiae)	
8266	8266	8266	UBL4A	ubiquitin-like4A	
8269	8269	8269	TMEM187	transmembraneprotein187	
827	827	827	CAPN6	calpain6	
8270	8270	8270	LAGE3	Lantigenfamily,member3	
8273	8273	8273	SLC10A3	solutecarrierfamily10(sodium/bileacidcotransporterfamily),member3	
8277	8277	8277	TKTL1	transketolase-like1	
8284	8284	8284	KDM5D	lysine(K)-specificdemethylase5D	
8287	8287	8287	USP9Y	ubiquitinspecificpeptidase9,Y-linked	
8289	8289	8289	ARID1A	ATrichinteractivedomain1A(SWI-like)	
829	829	829	CAPZA1	cappingprotein(actinfilament)muscleZ-line,alpha1	
8290	8290	8290	HIST3H3	histonecluster3,H3	
8291	8291	8291	DYSF	dysferlin,limbgirdlemusculardystrophy2B(autosomalrecessive)	
8292	8292	8292	COLQ	collagen-liketailsubunit(singlestrandofhomotrimer)ofasymmetricacetylcholinesterase	
8295	8295	8295	TRRAP	transformation/transcriptiondomain-associatedprotein	
830	830	830	CAPZA2	cappingprotein(actinfilament)muscleZ-line,alpha2	
8301	8301	8301	PICALM	phosphatidylinositolbindingclathrinassemblyprotein	
8302	8302	8302	KLRC4	killercelllectin-likereceptorsubfamilyC,member4	
8303	8303	8303	SNN	stannin	
8309	8309	8309	ACOX2	acyl-CoenzymeAoxidase2,branchedchain	
831	831	831	CAST	calpastatin	
8310	8310	8310	ACOX3	acyl-CoenzymeAoxidase3,pristanoyl	
8312	8312	8312	AXIN1	axin1	
8314	8314	8314	BAP1	BRCA1associatedprotein-1(ubiquitincarboxy-terminalhydrolase)	
8315	8315	8315	BRAP	BRCA1associatedprotein	
8317	8317	8317	CDC7	celldivisioncycle7homolog(S.cerevisiae)	
8318	8318	8318	CDC45L	CDC45celldivisioncycle45-like(S.cerevisiae)	
832	832	832	CAPZB	cappingprotein(actinfilament)muscleZ-line,beta	
8321	8321	8321	FZD1	frizzledhomolog1(Drosophila)	
8322	8322	8322	FZD4	frizzledhomolog4(Drosophila)	
8323	8323	8323	FZD6	frizzledhomolog6(Drosophila)	
8324	8324	8324	FZD7	frizzledhomolog7(Drosophila)	
8325	8325	8325	FZD8	frizzledhomolog8(Drosophila)	
83259	83259	83259	PCDH11Y	protocadherin11Y-linked	
8326	8326	8326	FZD9	frizzledhomolog9(Drosophila)	
8328	8328	8328	GFI1B	growthfactorindependent1Btranscriptionrepressor	
8329	8329	8329	HIST1H2AI	histonecluster1,H2ai	
833	833	833	CARS	cysteinyl-tRNAsynthetase	
8330	8330	8330	HIST1H2AK	histonecluster1,H2ak	
8332	8332	8332	HIST1H2AL	histonecluster1,H2al	
8335	8335	8335	HIST1H2AB	histonecluster1,H2ab	
8336	8336	8336	HIST1H2AM	histonecluster1,H2am	
8339	8339	8339	HIST1H2BG	histonecluster1,H2bg	
83394	83394	83394	PITPNM3	PITPNMfamilymember3	
834	834	834	CASP1	caspase1,apoptosis-relatedcysteinepeptidase(interleukin1,beta,convertase)	
8340	8340	8340	HIST1H2BL	histonecluster1,H2bl	
8342	8342	8342	HIST1H2BM	histonecluster1,H2bm	
8343	8343	8343	HIST1H2BF	histonecluster1,H2bf	
83439	83439	83439	TCF7L1	transcriptionfactor7-like1(T-cellspecific,HMG-box)	
8344	8344	8344	HIST1H2BE	histonecluster1,H2be	
83440	83440	83440	ADPGK	ADP-dependentglucokinase	
83442	83442	83442	SH3BGRL3	SH3domainbindingglutamicacid-richproteinlike3	
83443	83443	83443	SF3B5	splicingfactor3b,subunit5,10kDa	
83444	83444	83444	INO80B	INO80complexsubunitB	
83445	83445	83445	GSG1	germcellassociated1	
83446	83446	83446	CCDC70	coiled-coildomaincontaining70	
83447	83447	83447	SLC25A31	solutecarrierfamily25(mitochondrialcarrier;adeninenucleotidetranslocator),member31	
83448	83448	83448	PUS7L	pseudouridylatesynthase7homolog(S.cerevisiae)-like	
83449	83449	83449	PMFBP1	polyaminemodulatedfactor1bindingprotein1	
8345	8345	8345	HIST1H2BH	histonecluster1,H2bh	
83450	83450	83450	LRRC48	leucinerichrepeatcontaining48	
83451	83451	83451	ABHD11	abhydrolasedomaincontaining11	
83452	83452	83452	RAB33B	RAB33B,memberRASoncogenefamily	
83459	83459	83459	LOC83459	hypothetical protein LOC83459	
8346	8346	8346	HIST1H2BI	histonecluster1,H2bi	
83460	83460	83460	TMEM93	transmembraneprotein93	
83461	83461	83461	CDCA3	celldivisioncycleassociated3	
83463	83463	83463	MXD3	MAXdimerizationprotein3	
83464	83464	83464	APH1B	anteriorpharynxdefective1homologB(C.elegans)	
83468	83468	83468	GLT8D2	glycosyltransferase8domaincontaining2	
83475	83475	83475	DOHH	deoxyhypusinehydroxylase/monooxygenase	
83478	83478	83478	ARHGAP24	RhoGTPaseactivatingprotein24	
8348	8348	8348	HIST1H2BO	histonecluster1,H2bo	
83480	83480	83480	PUS3	pseudouridylatesynthase3	
83482	83482	83482	SCRT1	scratchhomolog1,zincfingerprotein(Drosophila)	
83483	83483	83483	PLVAP	plasmalemmavesicleassociatedprotein	
8349	8349	8349	HIST2H2BE	histonecluster2,H2be	
835	835	835	CASP2	caspase2,apoptosis-relatedcysteinepeptidase	
8350	8350	8350	HIST1H3A	histonecluster1,H3a	
8351	8351	8351	HIST1H3D	histonecluster1,H3d	
8352	8352	8352	HIST1H3C	histonecluster1,H3c	
8354	8354	8354	HIST1H3I	histonecluster1,H3i	
8355	8355	8355	HIST1H3G	histonecluster1,H3g	
8358	8358	8358	HIST1H3B	histonecluster1,H3b	
8359	8359	8359	HIST1H4A	histonecluster1,H4a	
836	836	836	CASP3	caspase3,apoptosis-relatedcysteinepeptidase	
8360	8360	8360	HIST1H4D	histonecluster1,H4d	
83604	83604	83604	TMEM47	transmembraneprotein47	
8361	8361	8361	HIST1H4F	histonecluster1,H4f	
83637	83637	83637	ZMIZ2	zincfinger,MIZ-typecontaining2	
83638	83638	83638	C11orf68	chromosome11openreadingframe68	
8364	8364	8364	HIST1H4C	histonecluster1,H4c	
8365	8365	8365	HIST1H4H	histonecluster1,H4h	
83658	83658	83658	DYNLRB1	dynein,lightchain,roadblock-type1	
8366	8366	8366	HIST1H4B	histonecluster1,H4b	
83660	83660	83660	TLN2	talin2	
8367	8367	8367	HIST1H4E	histonecluster1,H4e	
8368	8368	8368	HIST1H4L	histonecluster1,H4l	
8369	8369	8369	HIST1H4G	histonecluster1,H4g	
83696	83696	83696	TRAPPC9	traffickingproteinparticlecomplex9	
837	837	837	CASP4	caspase4,apoptosis-relatedcysteinepeptidase	
83700	83700	83700	JAM3	junctionaladhesionmolecule3	
83714	83714	83714	NRIP2	nuclearreceptorinteractingprotein2	
83716	83716	83716	CRISPLD2	cysteine-richsecretoryproteinLCCLdomaincontaining2	
8372	8372	8372	HYAL3	hyaluronoglucosaminidase3	
83729	83729	83729	INHBE	inhibin,betaE	
83737	83737	83737	ITCH	itchyE3ubiquitinproteinligasehomolog(mouse)	
83743	83743	83743	GRWD1	glutamate-richWDrepeatcontaining1	
83759	83759	83759	RBM4B	RNAbindingmotifprotein4B	
8379	8379	8379	MAD1L1	MAD1mitoticarrestdeficient-like1(yeast)	
838	838	838	CASP5	caspase5,apoptosis-relatedcysteinepeptidase	
8382	8382	8382	NME5	non-metastaticcells5,proteinexpressedin(nucleoside-diphosphatekinase)	
8383	8383	8383	OR1A1	olfactoryreceptor,family1,subfamilyA,member1	
8385	8385	8385	OR1D4	olfactoryreceptor,family1,subfamilyD,member4	
839	839	839	CASP6	caspase6,apoptosis-relatedcysteinepeptidase	
8390	8390	8390	OR1G1	olfactoryreceptor,family1,subfamilyG,member1	
8392	8392	8392	OR3A3	olfactoryreceptor,family3,subfamilyA,member3	
83937	83937	83937	RASSF4	Rasassociation(RalGDS/AF-6)domainfamilymember4	
8394	8394	8394	PIP5K1A	phosphatidylinositol-4-phosphate5-kinase,typeI,alpha	
83941	83941	83941	TM2D1	TM2domaincontaining1	
83942	83942	83942	TSSK1B	testis-specificserinekinase1B	
8395	8395	8395	PIP5K1B	phosphatidylinositol-4-phosphate5-kinase,typeI,beta	
83955	83955	83955	NACAP1	nascent-polypeptide-associatedcomplexalphapolypeptidepseudogene1	
8396	8396	8396	PIP4K2B	phosphatidylinositol-5-phosphate4-kinase,typeII,beta	
8398	8398	8398	PLA2G6	phospholipaseA2,groupVI(cytosolic,calcium-independent)	
83988	83988	83988	NCALD	neurocalcindelta	
83989	83989	83989	FAM172A	familywithsequencesimilarity172,memberA	
8399	8399	8399	PLA2G10	phospholipaseA2,groupX	
83990	83990	83990	BRIP1	BRCA1interactingproteinC-terminalhelicase1	
840	840	840	CASP7	caspase7,apoptosis-relatedcysteinepeptidase	
8402	8402	8402	SLC25A11	solutecarrierfamily25(mitochondrialcarrier;oxoglutaratecarrier),member11	
8403	8403	8403	SOX14	SRY(sexdeterminingregionY)-box14	
8404	8404	8404	SPARCL1	SPARC-like1(hevin)	
8405	8405	8405	SPOP	speckle-typePOZprotein	
8406	8406	8406	SRPX	sushi-repeat-containingprotein,X-linked	
84060	84060	84060	C7orf64	chromosome7openreadingframe64	
84061	84061	84061	MAGT1	magnesiumtransporter1	
84065	84065	84065	TMEM222	transmembraneprotein222	
8407	8407	8407	TAGLN2	transgelin2	
84079	84079	84079	ANKRD27	ankyrinrepeatdomain27(VPS9domain)	
8408	8408	8408	ULK1	unc-51-likekinase1(C.elegans)	
8409	8409	8409	UXT	ubiquitously-expressedtranscript	
841	841	841	CASP8	caspase8,apoptosis-relatedcysteinepeptidase	
8411	8411	8411	EEA1	earlyendosomeantigen1	
8412	8412	8412	BCAR3	breastcanceranti-estrogenresistance3	
84124	84124	84124	ZNF394	zincfingerprotein394	
84148	84148	84148	MYST1	MYSThistoneacetyltransferase1	
84159	84159	84159	ARID5B	ATrichinteractivedomain5B(MRF1-like)	
8416	8416	8416	ANXA9	annexinA9	
84162	84162	84162	KIAA1109	KIAA1109	
84164	84164	84164	ASCC2	activatingsignalcointegrator1complexsubunit2	
84168	84168	84168	ANTXR1	anthraxtoxinreceptor1	
8417	8417	8417	STX7	syntaxin7	
84172	84172	84172	POLR1B	polymerase(RNA)IpolypeptideB,128kDa	
84179	84179	84179	MFSD7	majorfacilitatorsuperfamilydomaincontaining7	
8418	8418	8418	CMAH	cytidinemonophosphate-N-acetylneuraminicacidhydroxylase(CMP-N-acetylneuraminatemonooxygenase)pseudogene	
8419	8419	8419	BFSP2	beadedfilamentstructuralprotein2,phakinin	
84193	84193	84193	SETD3	SETdomaincontaining3	
84196	84196	84196	USP48	ubiquitinspecificpeptidase48	
842	842	842	CASP9	caspase9,apoptosis-relatedcysteinepeptidase	
84223	84223	84223	IQCG	IQmotifcontainingG	
84227	84227	84227	RGSL2	regulator of G-protein signaling like 2	
8424	8424	8424	BBOX1	butyrobetaine(gamma),2-oxoglutaratedioxygenase(gamma-butyrobetainehydroxylase)1	
84243	84243	84243	ZDHHC18	zincfinger,DHHC-typecontaining18	
8425	8425	8425	LTBP4	latenttransforminggrowthfactorbetabindingprotein4	
84263	84263	84263	HSDL2	hydroxysteroiddehydrogenaselike2	
84271	84271	84271	POLDIP3	polymerase(DNA-directed),deltainteractingprotein3	
84272	84272	84272	YIPF4	Yip1domainfamily,member4	
8428	8428	8428	STK24	serine/threoninekinase24(STE20homolog,yeast)	
84288	84288	84288	EFCAB2	EF-handcalciumbindingdomain2	
84296	84296	84296	GINS4	GINScomplexsubunit4(Sld5homolog)	
843	843	843	CASP10	caspase10,apoptosis-relatedcysteinepeptidase	
8431	8431	8431	NR0B2	nuclearreceptorsubfamily0,groupB,member2	
8433	8433	8433	UTF1	undifferentiatedembryoniccelltranscriptionfactor1	
8434	8434	8434	RECK	reversion-inducing-cysteine-richproteinwithkazalmotifs	
8435	8435	8435	SOAT2	sterolO-acyltransferase2	
8436	8436	8436	SDPR	serumdeprivationresponse(phosphatidylserinebindingprotein)	
84364	84364	84364	ARFGAP2	ADP-ribosylationfactorGTPaseactivatingprotein2	
8437	8437	8437	RASAL1	RASproteinactivatorlike1(GAP1like)	
8438	8438	8438	RAD54L	RAD54-like(S.cerevisiae)	
8439	8439	8439	NSMAF	neutralsphingomyelinase(N-SMase)activationassociatedfactor	
844	844	844	CASQ1	calsequestrin1(fast-twitch,skeletalmuscle)	
8443	8443	8443	GNPAT	glyceronephosphateO-acyltransferase	
84436	84436	84436	ZNF528	zincfingerprotein528	
8444	8444	8444	DYRK3	dual-specificitytyrosine-(Y)-phosphorylationregulatedkinase3	
84444	84444	84444	DOT1L	DOT1-like,histoneH3methyltransferase(S.cerevisiae)	
8445	8445	8445	DYRK2	dual-specificitytyrosine-(Y)-phosphorylationregulatedkinase2	
8446	8446	8446	DUSP11	dualspecificityphosphatase11(RNA/RNPcomplex1-interacting)	
8448	8448	8448	DOC2A	doubleC2-likedomains,alpha	
8449	8449	8449	DHX16	DEAH(Asp-Glu-Ala-His)boxpolypeptide16	
845	845	845	CASQ2	calsequestrin2(cardiacmuscle)	
8450	8450	8450	CUL4B	cullin4B	
8451	8451	8451	CUL4A	cullin4A	
84516	84516	84516	DCTN5	dynactin5(p25)	
8452	8452	8452	CUL3	cullin3	
84525	84525	84525	HOPX	HOPhomeobox	
8453	8453	8453	CUL2	cullin2	
8454	8454	8454	CUL1	cullin1	
84549	84549	84549	MAK16	MAK16homolog(S.cerevisiae)	
8455	8455	8455	ATRN	attractin	
8456	8456	8456	FOXN1	forkheadboxN1	
84560	84560	84560	MT4	metallothionein4	
84561	84561	84561	SLC12A8	solutecarrierfamily12(potassium/chloridetransporters),member8	
8458	8458	8458	TTF2	transcriptionterminationfactor,RNApolymeraseII	
8459	8459	8459	TPST2	tyrosylproteinsulfotransferase2	
846	846	846	CASR	calcium-sensingreceptor	
8460	8460	8460	TPST1	tyrosylproteinsulfotransferase1	
84612	84612	84612	PARD6B	par-6partitioningdefective6homologbeta(C.elegans)	
84617	84617	84617	TUBB6	tubulin,beta6	
84619	84619	84619	ZGPAT	zincfinger,CCCH-typewithGpatchdomain	
8462	8462	8462	KLF11	Kruppel-likefactor11	
8464	8464	8464	SUPT3H	suppressorofTy3homolog(S.cerevisiae)	
84656	84656	84656	GLYR1	glyoxylatereductase1homolog(Arabidopsis)	
84658	84658	84658	EMR3	egf-likemodulecontaining,mucin-like,hormonereceptor-like3	
84663	84663	84663	CYorf15B	chromosomeYopenreadingframe15B	
84669	84669	84669	USP32	ubiquitinspecificpeptidase32	
8467	8467	8467	SMARCA5	SWI/SNFrelated,matrixassociated,actindependentregulatorofchromatin,subfamilya,member5	
8468	8468	8468	FKBP6	FK506bindingprotein6,36kDa	
847	847	847	CAT	catalase	
8470	8470	8470	SORBS2	sorbinandSH3domaincontaining2	
84705	84705	84705	GTPBP3	GTPbindingprotein3(mitochondrial)	
8471	8471	8471	IRS4	insulinreceptorsubstrate4	
84720	84720	84720	PIGO	phosphatidylinositolglycananchorbiosynthesis,classO	
84722	84722	84722	PSRC1	proline/serine-richcoiled-coil1	
8473	8473	8473	OGT	O-linkedN-acetylglucosamine(GlcNAc)transferase(UDP-N-acetylglucosamine:polypeptide-N-acetylglucosaminyltransferase)	
84733	84733	84733	CBX2	chromoboxhomolog2(Pcclasshomolog,Drosophila)	
84747	84747	84747	UNC119B	unc-119homologB(C.elegans)	
84759	84759	84759	PCGF1	polycombgroupringfinger1	
8476	8476	8476	CDC42BPA	CDC42bindingproteinkinasealpha(DMPK-like)	
8477	8477	8477	GPR65	Gprotein-coupledreceptor65	
84779	84779	84779	ARD1B	ARD1homologB(S.cerevisiae)	
8479	8479	8479	HIRIP3	HIRAinteractingprotein3	
84790	84790	84790	TUBA1C	tubulin,alpha1c	
8480	8480	8480	RAE1	RAE1RNAexport1homolog(S.pombe)	
8481	8481	8481	OFD1	oral-facial-digitalsyndrome1	
84818	84818	84818	IL17RC	interleukin17receptorC	
8482	8482	8482	SEMA7A	semaphorin7A,GPImembraneanchor(JohnMiltonHagenbloodgroup)	
84823	84823	84823	LMNB2	laminB2	
8483	8483	8483	CILP	cartilageintermediatelayerprotein,nucleotidepyrophosphohydrolase	
84830	84830	84830	C6orf105	chromosome6openreadingframe105	
8484	8484	8484	GALR3	galaninreceptor3	
84861	84861	84861	KLHL22	kelch-like22(Drosophila)	
84864	84864	84864	MINA	MYCinducednuclearantigen	
84869	84869	84869	CBR4	carbonylreductase4	
8487	8487	8487	SIP1	survivalofmotorneuronproteininteractingprotein1	
84890	84890	84890	ADO	2-aminoethanethiol(cysteamine)dioxygenase	
8490	8490	8490	RGS5	regulatorofG-proteinsignaling5	
84900	84900	84900	RNFT2	ringfingerprotein,transmembrane2	
84901	84901	84901	NFATC2IP	nuclearfactorofactivatedT-cells,cytoplasmic,calcineurin-dependent2interactingprotein	
84908	84908	84908	FAM136A	familywithsequencesimilarity136,memberA	
84909	84909	84909	C9orf3	chromosome9openreadingframe3	
8491	8491	8491	MAP4K3	mitogen-activatedproteinkinasekinasekinasekinase3	
8492	8492	8492	PRSS12	protease,serine,12(neurotrypsin,motopsin)	
84928	84928	84928	TMEM209	transmembraneprotein209	
8493	8493	8493	PPM1D	proteinphosphatase1Dmagnesium-dependent,deltaisoform	
84934	84934	84934	C12orf52	chromosome12openreadingframe52	
84939	84939	84939	MUM1	melanomaassociatedantigen(mutated)1	
84942	84942	84942	WDR73	WDrepeatdomain73	
8495	8495	8495	PPFIBP2	PTPRFinteractingprotein,bindingprotein2(liprinbeta2)	
84951	84951	84951	TNS4	tensin4	
8496	8496	8496	PPFIBP1	PTPRFinteractingprotein,bindingprotein1(liprinbeta1)	
8497	8497	8497	PPFIA4	proteintyrosinephosphatase,receptortype,fpolypeptide(PTPRF),interactingprotein(liprin),alpha4	
84975	84975	84975	MFSD5	majorfacilitatorsuperfamilydomaincontaining5	
8498	8498	8498	RANBP3	RANbindingprotein3	
84981	84981	84981	C17orf91	chromosome17openreadingframe91	
84986	84986	84986	ARHGAP19	RhoGTPaseactivatingprotein19	
8499	8499	8499	PPFIA2	proteintyrosinephosphatase,receptortype,fpolypeptide(PTPRF),interactingprotein(liprin),alpha2	
8500	8500	8500	PPFIA1	proteintyrosinephosphatase,receptortype,fpolypeptide(PTPRF),interactingprotein(liprin),alpha1	
8501	8501	8501	SLC43A1	solutecarrierfamily43,member1	
8502	8502	8502	PKP4	plakophilin4	
8503	8503	8503	PIK3R3	phosphoinositide-3-kinase,regulatorysubunit3(gamma)	
8504	8504	8504	PEX3	peroxisomalbiogenesisfactor3	
8506	8506	8506	CNTNAP1	contactinassociatedprotein1	
8507	8507	8507	ENC1	ectodermal-neuralcortex(withBTB-likedomain)	
8508	8508	8508	NIPSNAP1	nipsnaphomolog1(C.elegans)	
8509	8509	8509	NDST2	N-deacetylase/N-sulfotransferase(heparanglucosaminyl)2	
8512	8512	8512	MBL1P1	mannose-bindinglectin(proteinA)1,pseudogene1	
8513	8513	8513	LIPF	lipase,gastric	
8514	8514	8514	KCNAB2	potassiumvoltage-gatedchannel,shaker-relatedsubfamily,betamember2	
8515	8515	8515	ITGA10	integrin,alpha10	
8516	8516	8516	ITGA8	integrin,alpha8	
8518	8518	8518	IKBKAP	inhibitorofkappalightpolypeptidegeneenhancerinB-cells,kinasecomplex-associatedprotein	
8519	8519	8519	IFITM1	interferoninducedtransmembraneprotein1(9-27)	
8520	8520	8520	HAT1	histoneacetyltransferase1	
8521	8521	8521	GCM1	glialcellsmissinghomolog1(Drosophila)	
8522	8522	8522	GAS7	growtharrest-specific7	
85236	85236	85236	HIST1H2BK	histonecluster1,H2bk	
8525	8525	8525	DGKZ	diacylglycerolkinase,zeta104kDa	
8526	8526	8526	DGKE	diacylglycerolkinase,epsilon64kDa	
8527	8527	8527	DGKD	diacylglycerolkinase,delta130kDa	
85279	85279	85279	KRTAP9-5	keratin associated protein 9-5	
8528	8528	8528	DDO	D-aspartateoxidase	
8529	8529	8529	CYP4F2	cytochromeP450,family4,subfamilyF,polypeptide2	
85294	85294	85294	KRTAP2-4	keratinassociatedprotein2-4	
8530	8530	8530	CST7	cystatinF(leukocystatin)	
8531	8531	8531	CSDA	coldshockdomainproteinA	
8532	8532	8532	CPZ	carboxypeptidaseZ	
8533	8533	8533	COPS3	COP9constitutivephotomorphogenichomologsubunit3(Arabidopsis)	
8534	8534	8534	CHST1	carbohydrate(keratansulfateGal-6)sulfotransferase1	
8535	8535	8535	CBX4	chromoboxhomolog4(Pcclasshomolog,Drosophila)	
85352	85352	85352	KIAA1644	KIAA1644	
8536	8536	8536	CAMK1	calcium/calmodulin-dependentproteinkinaseI	
85360	85360	85360	SYDE1	synapsedefective1,RhoGTPase,homolog1(C.elegans)	
85363	85363	85363	TRIM5	tripartitemotif-containing5	
8537	8537	8537	BCAS1	breastcarcinomaamplifiedsequence1	
85377	85377	85377	MICALL1	MICAL-like1	
8538	8538	8538	BARX2	BARXhomeobox2	
8539	8539	8539	API5	apoptosisinhibitor5	
8540	8540	8540	AGPS	alkylglyceronephosphatesynthase	
8541	8541	8541	PPFIA3	proteintyrosinephosphatase,receptortype,fpolypeptide(PTPRF),interactingprotein(liprin),alpha3	
8542	8542	8542	APOL1	apolipoproteinL,1	
8543	8543	8543	LMO4	LIMdomainonly4	
8544	8544	8544	PIR	pirin(iron-bindingnuclearprotein)	
8545	8545	8545	CGGBP1	CGGtripletrepeatbindingprotein1	
85452	85452	85452	KIAA1751	KIAA1751	
85453	85453	85453	TSPYL5	TSPY-like5	
85458	85458	85458	DIXDC1	DIXdomaincontaining1	
8546	8546	8546	AP3B1	adaptor-relatedproteincomplex3,beta1subunit	
8547	8547	8547	FCN3	ficolin(collagen/fibrinogendomaincontaining)3(Hakataantigen)	
85477	85477	85477	SCIN	scinderin	
8549	8549	8549	LGR5	leucine-richrepeat-containingGprotein-coupledreceptor5	
8550	8550	8550	MAPKAPK5	mitogen-activatedproteinkinase-activatedproteinkinase5	
8552	8552	8552	INE1	inactivationescape1(non-proteincoding)	
8553	8553	8553	BHLHE40	basichelix-loop-helixfamily,membere40	
8554	8554	8554	PIAS1	proteininhibitorofactivatedSTAT,1	
8555	8555	8555	CDC14B	CDC14celldivisioncycle14homologB(S.cerevisiae)	
8556	8556	8556	CDC14A	CDC14celldivisioncycle14homologA(S.cerevisiae)	
8557	8557	8557	TCAP	titin-cap(telethonin)	
8558	8558	8558	CDK10	cyclin-dependentkinase10	
8559	8559	8559	PRPF18	PRP18pre-mRNAprocessingfactor18homolog(S.cerevisiae)	
8560	8560	8560	DEGS1	degenerativespermatocytehomolog1,lipiddesaturase(Drosophila)	
8562	8562	8562	DENR	density-regulatedprotein	
8563	8563	8563	THOC5	THOcomplex5	
8564	8564	8564	KMO	kynurenine3-monooxygenase(kynurenine3-hydroxylase)	
8565	8565	8565	YARS	tyrosyl-tRNAsynthetase	
8566	8566	8566	PDXK	pyridoxal(pyridoxine,vitaminB6)kinase	
8567	8567	8567	MADD	MAP-kinaseactivatingdeathdomain	
8568	8568	8568	RRP1	ribosomalRNAprocessing1homolog(S.cerevisiae)	
8569	8569	8569	MKNK1	MAPkinaseinteractingserine/threoninekinase1	
857	857	857	CAV1	caveolin1,caveolaeprotein,22kDa	
8570	8570	8570	KHSRP	KH-typesplicingregulatoryprotein	
8572	8572	8572	PDLIM4	PDZandLIMdomain4	
8573	8573	8573	CASK	calcium/calmodulin-dependentserineproteinkinase(MAGUKfamily)	
8574	8574	8574	AKR7A2	aldo-ketoreductasefamily7,memberA2(aflatoxinaldehydereductase)	
8575	8575	8575	PRKRA	proteinkinase,interferon-inducibledoublestrandedRNAdependentactivator	
8576	8576	8576	STK16	serine/threoninekinase16	
8577	8577	8577	TMEFF1	transmembraneproteinwithEGF-likeandtwofollistatin-likedomains1	
8578	8578	8578	SCARF1	scavengerreceptorclassF,member1	
858	858	858	CAV2	caveolin2	
8581	8581	8581	LY6D	lymphocyteantigen6complex,locusD	
859	859	859	CAV3	caveolin3	
8590	8590	8590	OR6A2	olfactoryreceptor,family6,subfamilyA,member2	
86	86	86	ACTL6A	actin-like6A	
860	860	860	RUNX2	runt-relatedtranscriptionfactor2	
8600	8600	8600	TNFSF11	tumornecrosisfactor(ligand)superfamily,member11	
8601	8601	8601	RGS20	regulatorofG-proteinsignaling20	
8602	8602	8602	NOP14	NOP14nucleolarproteinhomolog(yeast)	
8603	8603	8603	C4orf8	chromosome4openreadingframe8	
8604	8604	8604	SLC25A12	solutecarrierfamily25(mitochondrialcarrier,Aralar),member12	
8605	8605	8605	PLA2G4C	phospholipaseA2,groupIVC(cytosolic,calcium-independent)	
8607	8607	8607	RUVBL1	RuvB-like1(E.coli)	
8608	8608	8608	RDH16	retinoldehydrogenase16(all-trans)	
861	861	861	RUNX1	runt-relatedtranscriptionfactor1	
8611	8611	8611	PPAP2A	phosphatidicacidphosphatasetype2A	
8612	8612	8612	PPAP2C	phosphatidicacidphosphatasetype2C	
8613	8613	8613	PPAP2B	phosphatidicacidphosphatasetype2B	
8614	8614	8614	STC2	stanniocalcin2	
8615	8615	8615	USO1	USO1homolog,vesicledockingprotein(yeast)	
8618	8618	8618	CADPS	Ca++-dependentsecretionactivator	
862	862	862	RUNX1T1	runt-relatedtranscriptionfactor1;translocatedto,1(cyclinD-related)	
8620	8620	8620	NPFF	neuropeptideFF-amidepeptideprecursor	
8621	8621	8621	CDC2L5	celldivisioncycle2-like5(cholinesterase-relatedcelldivisioncontroller)	
8622	8622	8622	PDE8B	phosphodiesterase8B	
8624	8624	8624	PSMG1	proteasome(prosome,macropain)assemblychaperone1	
8625	8625	8625	RFXANK	regulatoryfactorX-associatedankyrin-containingprotein	
8626	8626	8626	TP63	tumorproteinp63	
863	863	863	CBFA2T3	core-bindingfactor,runtdomain,alphasubunit2;translocatedto,3	
8630	8630	8630	HSD17B6	hydroxysteroid(17-beta)dehydrogenase6homolog(mouse)	
8631	8631	8631	SKAP1	srckinaseassociatedphosphoprotein1	
8632	8632	8632	DNAH17	dynein,axonemal,heavychain17	
8633	8633	8633	UNC5C	unc-5homologC(C.elegans)	
8634	8634	8634	RTCD1	RNAterminalphosphatecyclasedomain1	
8635	8635	8635	RNASET2	ribonucleaseT2	
8636	8636	8636	SSNA1	Sjogrensyndromenuclearautoantigen1	
8638	8638	8638	OASL	2'-5'-oligoadenylatesynthetase-like	
8639	8639	8639	AOC3	amineoxidase,coppercontaining3(vascularadhesionprotein1)	
864	864	864	RUNX3	runt-relatedtranscriptionfactor3	
8642	8642	8642	DCHS1	dachsous1(Drosophila)	
8643	8643	8643	PTCH2	patchedhomolog2(Drosophila)	
8644	8644	8644	AKR1C3	aldo-ketoreductasefamily1,memberC3(3-alphahydroxysteroiddehydrogenase,typeII)	
8645	8645	8645	KCNK5	potassiumchannel,subfamilyK,member5	
8646	8646	8646	CHRD	chordin	
8647	8647	8647	ABCB11	ATP-bindingcassette,sub-familyB(MDR/TAP),member11	
8648	8648	8648	NCOA1	nuclearreceptorcoactivator1	
8649	8649	8649	MAPKSP1	MAPKscaffoldprotein1	
865	865	865	CBFB	core-bindingfactor,betasubunit	
8650	8650	8650	NUMB	numbhomolog(Drosophila)	
8651	8651	8651	SOCS1	suppressorofcytokinesignaling1	
8653	8653	8653	DDX3Y	DEAD(Asp-Glu-Ala-Asp)boxpolypeptide3,Y-linked	
8654	8654	8654	PDE5A	phosphodiesterase5A,cGMP-specific	
8655	8655	8655	DYNLL1	dynein,lightchain,LC8-type1	
8658	8658	8658	TNKS	tankyrase,TRF1-interactingankyrin-relatedADP-ribosepolymerase	
8659	8659	8659	ALDH4A1	aldehydedehydrogenase4family,memberA1	
866	866	866	SERPINA6	serpinpeptidaseinhibitor,cladeA(alpha-1antiproteinase,antitrypsin),member6	
8660	8660	8660	IRS2	insulinreceptorsubstrate2	
8661	8661	8661	EIF3A	eukaryotictranslationinitiationfactor3,subunitA	
8662	8662	8662	EIF3B	eukaryotictranslationinitiationfactor3,subunitB	
8664	8664	8664	EIF3D	eukaryotictranslationinitiationfactor3,subunitD	
8666	8666	8666	EIF3G	eukaryotictranslationinitiationfactor3,subunitG	
8667	8667	8667	EIF3H	eukaryotictranslationinitiationfactor3,subunitH	
8668	8668	8668	EIF3I	eukaryotictranslationinitiationfactor3,subunitI	
8669	8669	8669	EIF3J	eukaryotictranslationinitiationfactor3,subunitJ	
867	867	867	CBL	Cas-Br-M(murine)ecotropicretroviraltransformingsequence	
8671	8671	8671	SLC4A4	solutecarrierfamily4,sodiumbicarbonatecotransporter,member4	
8672	8672	8672	EIF4G3	eukaryotictranslationinitiationfactor4gamma,3	
8673	8673	8673	VAMP8	vesicle-associatedmembraneprotein8(endobrevin)	
8674	8674	8674	VAMP4	vesicle-associatedmembraneprotein4	
8675	8675	8675	STX16	syntaxin16	
8676	8676	8676	STX11	syntaxin11	
8677	8677	8677	STX10	syntaxin10	
8678	8678	8678	BECN1	beclin1,autophagyrelated	
868	868	868	CBLB	Cas-Br-M(murine)ecotropicretroviraltransformingsequenceb	
8681	8681	8681	JMJD7-PLA2G4B	JMJD7-PLA2G4Breadthroughtranscript	
8682	8682	8682	PEA15	phosphoproteinenrichedinastrocytes15	
8683	8683	8683	SFRS9	splicingfactor,arginine/serine-rich9	
8685	8685	8685	MARCO	macrophagereceptorwithcollagenousstructure	
8687	8687	8687	KRT38	keratin38	
8688	8688	8688	KRT37	keratin37	
8689	8689	8689	KRT36	keratin36	
869	869	869	CBLN1	cerebellin1precursor	
8690	8690	8690	JRKL	jerkyhomolog-like(mouse)	
8692	8692	8692	HYAL2	hyaluronoglucosaminidase2	
8693	8693	8693	GALNT4	UDP-N-acetyl-alpha-D-galactosamine:polypeptideN-acetylgalactosaminyltransferase4(GalNAc-T4)	
8694	8694	8694	DGAT1	diacylglycerolO-acyltransferasehomolog1(mouse)	
8697	8697	8697	CDC23	celldivisioncycle23homolog(S.cerevisiae)	
8698	8698	8698	S1PR4	sphingosine-1-phosphatereceptor4	
87	87	87	ACTN1	actinin,alpha1	
8702	8702	8702	B4GALT4	UDP-Gal:betaGlcNAcbeta1,4-galactosyltransferase,polypeptide4	
8703	8703	8703	B4GALT3	UDP-Gal:betaGlcNAcbeta1,4-galactosyltransferase,polypeptide3	
8704	8704	8704	B4GALT2	UDP-Gal:betaGlcNAcbeta1,4-galactosyltransferase,polypeptide2	
8705	8705	8705	B3GALT4	UDP-Gal:betaGlcNAcbeta1,3-galactosyltransferase,polypeptide4	
8706	8706	8706	B3GALNT1	beta-1,3-N-acetylgalactosaminyltransferase1(globosidebloodgroup)	
8707	8707	8707	B3GALT2	UDP-Gal:betaGlcNAcbeta1,3-galactosyltransferase,polypeptide2	
8708	8708	8708	B3GALT1	UDP-Gal:betaGlcNAcbeta1,3-galactosyltransferase,polypeptide1	
871	871	871	SERPINH1	serpinpeptidaseinhibitor,cladeH(heatshockprotein47),member1,(collagenbindingprotein1)	
8710	8710	8710	SERPINB7	serpinpeptidaseinhibitor,cladeB(ovalbumin),member7	
8711	8711	8711	TNK1	tyrosinekinase,non-receptor,1	
8712	8712	8712	PAGE1	Pantigenfamily,member1(prostateassociated)	
8714	8714	8714	ABCC3	ATP-bindingcassette,sub-familyC(CFTR/MRP),member3	
8715	8715	8715	NOL4	nucleolarprotein4	
8717	8717	8717	TRADD	TNFRSF1A-associatedviadeathdomain	
8718	8718	8718	TNFRSF25	tumornecrosisfactorreceptorsuperfamily,member25	
8720	8720	8720	MBTPS1	membrane-boundtranscriptionfactorpeptidase,site1	
8721	8721	8721	EDF1	endothelialdifferentiation-relatedfactor1	
8722	8722	8722	CTSF	cathepsinF	
8723	8723	8723	SNX4	sortingnexin4	
8724	8724	8724	SNX3	sortingnexin3	
8725	8725	8725	C19orf2	chromosome19openreadingframe2	
8726	8726	8726	EED	embryonicectodermdevelopment	
8727	8727	8727	CTNNAL1	catenin(cadherin-associatedprotein),alpha-like1	
8728	8728	8728	ADAM19	ADAMmetallopeptidasedomain19(meltrinbeta)	
8729	8729	8729	GBF1	golgi-specificbrefeldinAresistantguaninenucleotideexchangefactor1	
873	873	873	CBR1	carbonylreductase1	
8731	8731	8731	RNMT	RNA(guanine-7-)methyltransferase	
8732	8732	8732	RNGTT	RNAguanylyltransferaseand5'-phosphatase	
8733	8733	8733	GPAA1	glycosylphosphatidylinositolanchorattachmentprotein1homolog(yeast)	
8735	8735	8735	MYH13	myosin,heavychain13,skeletalmuscle	
8736	8736	8736	MYOM1	myomesin1,185kDa	
8737	8737	8737	RIPK1	receptor(TNFRSF)-interactingserine-threoninekinase1	
8738	8738	8738	CRADD	CASP2andRIPK1domaincontainingadaptorwithdeathdomain	
8739	8739	8739	HRK	harakiri,BCL2interactingprotein(containsonlyBH3domain)	
874	874	874	CBR3	carbonylreductase3	
8740	8740	8740	TNFSF14	tumornecrosisfactor(ligand)superfamily,member14	
8742	8742	8742	TNFSF12	tumornecrosisfactor(ligand)superfamily,member12	
8743	8743	8743	TNFSF10	tumornecrosisfactor(ligand)superfamily,member10	
8744	8744	8744	TNFSF9	tumornecrosisfactor(ligand)superfamily,member9	
8745	8745	8745	ADAM23	ADAMmetallopeptidasedomain23	
8747	8747	8747	ADAM21	ADAMmetallopeptidasedomain21	
8748	8748	8748	ADAM20	ADAMmetallopeptidasedomain20	
8749	8749	8749	ADAM18	ADAMmetallopeptidasedomain18	
875	875	875	CBS	cystathionine-beta-synthase	
8751	8751	8751	ADAM15	ADAMmetallopeptidasedomain15	
8754	8754	8754	ADAM9	ADAMmetallopeptidasedomain9(meltringamma)	
8756	8756	8756	ADAM7	ADAMmetallopeptidasedomain7	
8760	8760	8760	CDS2	CDP-diacylglycerolsynthase(phosphatidatecytidylyltransferase)2	
8761	8761	8761	PABPC4	poly(A)bindingprotein,cytoplasmic4(inducibleform)	
8763	8763	8763	CD164	CD164molecule,sialomucin	
8764	8764	8764	TNFRSF14	tumornecrosisfactorreceptorsuperfamily,member14(herpesvirusentrymediator)	
8766	8766	8766	RAB11A	RAB11A,memberRASoncogenefamily	
8767	8767	8767	RIPK2	receptor-interactingserine-threoninekinase2	
8771	8771	8771	TNFRSF6B	tumornecrosisfactorreceptorsuperfamily,member6b,decoy	
8772	8772	8772	FADD	Fas(TNFRSF6)-associatedviadeathdomain	
8773	8773	8773	SNAP23	synaptosomal-associatedprotein,23kDa	
8774	8774	8774	NAPG	N-ethylmaleimide-sensitivefactorattachmentprotein,gamma	
8775	8775	8775	NAPA	N-ethylmaleimide-sensitivefactorattachmentprotein,alpha	
8776	8776	8776	MTMR1	myotubularinrelatedprotein1	
8777	8777	8777	MPDZ	multiplePDZdomainprotein	
8778	8778	8778	SIGLEC5	sialicacidbindingIg-likelectin5	
8780	8780	8780	RIOK3	RIOkinase3(yeast)	
8785	8785	8785	MATN4	matrilin4	
8786	8786	8786	RGS11	regulatorofG-proteinsignaling11	
8787	8787	8787	RGS9	regulatorofG-proteinsignaling9	
8788	8788	8788	DLK1	delta-like1homolog(Drosophila)	
8789	8789	8789	FBP2	fructose-1,6-bisphosphatase2	
8790	8790	8790	FPGT	fucose-1-phosphateguanylyltransferase	
8792	8792	8792	TNFRSF11A	tumornecrosisfactorreceptorsuperfamily,member11a,NFKBactivator	
8793	8793	8793	TNFRSF10D	tumornecrosisfactorreceptorsuperfamily,member10d,decoywithtruncateddeathdomain	
8794	8794	8794	TNFRSF10C	tumornecrosisfactorreceptorsuperfamily,member10c,decoywithoutanintracellulardomain	
8795	8795	8795	TNFRSF10B	tumornecrosisfactorreceptorsuperfamily,member10b	
8796	8796	8796	SCEL	sciellin	
8798	8798	8798	DYRK4	dual-specificitytyrosine-(Y)-phosphorylationregulatedkinase4	
8799	8799	8799	PEX11B	peroxisomalbiogenesisfactor11beta	
88	88	88	ACTN2	actinin,alpha2	
8800	8800	8800	PEX11A	peroxisomalbiogenesisfactor11alpha	
8801	8801	8801	SUCLG2	succinate-CoAligase,GDP-forming,betasubunit	
8802	8802	8802	SUCLG1	succinate-CoAligase,alphasubunit	
8803	8803	8803	SUCLA2	succinate-CoAligase,ADP-forming,betasubunit	
8804	8804	8804	CREG1	cellularrepressorofE1A-stimulatedgenes1	
8805	8805	8805	TRIM24	tripartitemotif-containing24	
8807	8807	8807	IL18RAP	interleukin18receptoraccessoryprotein	
8808	8808	8808	IL1RL2	interleukin1receptor-like2	
8809	8809	8809	IL18R1	interleukin18receptor1	
881	881	881	CCIN	calicin	
8811	8811	8811	GALR2	galaninreceptor2	
8812	8812	8812	CCNK	cyclinK	
8813	8813	8813	DPM1	dolichyl-phosphatemannosyltransferasepolypeptide1,catalyticsubunit	
8814	8814	8814	CDKL1	cyclin-dependentkinase-like1(CDC2-relatedkinase)	
8815	8815	8815	BANF1	barriertoautointegrationfactor1	
8817	8817	8817	FGF18	fibroblastgrowthfactor18	
8818	8818	8818	DPM2	dolichyl-phosphatemannosyltransferasepolypeptide2,regulatorysubunit	
8819	8819	8819	SAP30	Sin3A-associatedprotein,30kDa	
8820	8820	8820	HESX1	HESXhomeobox1	
8821	8821	8821	INPP4B	inositolpolyphosphate-4-phosphatase,typeII,105kDa	
8822	8822	8822	FGF17	fibroblastgrowthfactor17	
8823	8823	8823	FGF16	fibroblastgrowthfactor16	
8824	8824	8824	CES2	carboxylesterase2(intestine,liver)	
8825	8825	8825	LIN7A	lin-7homologA(C.elegans)	
8826	8826	8826	IQGAP1	IQmotifcontainingGTPaseactivatingprotein1	
8828	8828	8828	NRP2	neuropilin2	
8829	8829	8829	NRP1	neuropilin1	
883	883	883	CCBL1	cysteineconjugate-betalyase,cytoplasmic	
8832	8832	8832	CD84	CD84molecule	
8834	8834	8834	TMEM11	transmembraneprotein11	
8835	8835	8835	SOCS2	suppressorofcytokinesignaling2	
8836	8836	8836	GGH	gamma-glutamylhydrolase(conjugase,folylpolygammaglutamylhydrolase)	
8837	8837	8837	CFLAR	CASP8andFADD-likeapoptosisregulator	
8838	8838	8838	WISP3	WNT1induciblesignalingpathwayprotein3	
8839	8839	8839	WISP2	WNT1induciblesignalingpathwayprotein2	
8840	8840	8840	WISP1	WNT1induciblesignalingpathwayprotein1	
8841	8841	8841	HDAC3	histonedeacetylase3	
8842	8842	8842	PROM1	prominin1	
8844	8844	8844	KSR1	kinasesuppressorofras1	
8846	8846	8846	ALKBH1	alkB,alkylationrepairhomolog1(E.coli)	
8848	8848	8848	TSC22D1	TSC22domainfamily,member1	
885	885	885	CCK	cholecystokinin	
8850	8850	8850	KAT2B	K(lysine)acetyltransferase2B	
8851	8851	8851	CDK5R1	cyclin-dependentkinase5,regulatorysubunit1(p35)	
8852	8852	8852	AKAP4	Akinase(PRKA)anchorprotein4	
88523	88523	88523	LOC88523	CG016	
8853	8853	8853	ASAP2	ArfGAPwithSH3domain,ankyrinrepeatandPHdomain2	
8854	8854	8854	ALDH1A2	aldehydedehydrogenase1family,memberA2	
8856	8856	8856	NR1I2	nuclearreceptorsubfamily1,groupI,member2	
8857	8857	8857	FCGBP	FcfragmentofIgGbindingprotein	
8858	8858	8858	PROZ	proteinZ,vitaminK-dependentplasmaglycoprotein	
8859	8859	8859	STK19	serine/threoninekinase19	
886	886	886	CCKAR	cholecystokininAreceptor	
8861	8861	8861	LDB1	LIMdomainbinding1	
8863	8863	8863	PER3	periodhomolog3(Drosophila)	
8864	8864	8864	PER2	periodhomolog2(Drosophila)	
8867	8867	8867	SYNJ1	synaptojanin1	
8869	8869	8869	ST3GAL5	ST3beta-galactosidealpha-2,3-sialyltransferase5	
887	887	887	CCKBR	cholecystokininBreceptor	
8870	8870	8870	IER3	immediateearlyresponse3	
8871	8871	8871	SYNJ2	synaptojanin2	
8872	8872	8872	CDC123	celldivisioncycle123homolog(S.cerevisiae)	
8874	8874	8874	ARHGEF7	Rhoguaninenucleotideexchangefactor(GEF)7	
8875	8875	8875	VNN2	vanin2	
8876	8876	8876	VNN1	vanin1	
8877	8877	8877	SPHK1	sphingosinekinase1	
8878	8878	8878	SQSTM1	sequestosome1	
8879	8879	8879	SGPL1	sphingosine-1-phosphatelyase1	
8880	8880	8880	FUBP1	farupstreamelement(FUSE)bindingprotein1	
8881	8881	8881	CDC16	celldivisioncycle16homolog(S.cerevisiae)	
8882	8882	8882	ZNF259	zincfingerprotein259	
8883	8883	8883	NAE1	NEDD8activatingenzymeE1subunit1	
8884	8884	8884	SLC5A6	solutecarrierfamily5(sodium-dependentvitamintransporter),member6	
8886	8886	8886	DDX18	DEAD(Asp-Glu-Ala-Asp)boxpolypeptide18	
8887	8887	8887	TAX1BP1	Tax1(humanT-cellleukemiavirustypeI)bindingprotein1	
8888	8888	8888	MCM3AP	minichromosomemaintenancecomplexcomponent3associatedprotein	
889	889	889	KRIT1	KRIT1,ankyrinrepeatcontaining	
8890	8890	8890	EIF2B4	eukaryotictranslationinitiationfactor2B,subunit4delta,67kDa	
8891	8891	8891	EIF2B3	eukaryotictranslationinitiationfactor2B,subunit3gamma,58kDa	
8892	8892	8892	EIF2B2	eukaryotictranslationinitiationfactor2B,subunit2beta,39kDa	
8893	8893	8893	EIF2B5	eukaryotictranslationinitiationfactor2B,subunit5epsilon,82kDa	
8894	8894	8894	EIF2S2	eukaryotictranslationinitiationfactor2,subunit2beta,38kDa	
8895	8895	8895	CPNE3	copineIII	
8896	8896	8896	BUD31	BUD31homolog(S.cerevisiae)	
8897	8897	8897	MTMR3	myotubularinrelatedprotein3	
8898	8898	8898	MTMR2	myotubularinrelatedprotein2	
8899	8899	8899	PRPF4B	PRP4pre-mRNAprocessingfactor4homologB(yeast)	
89	89	89	ACTN3	actinin,alpha3	
890	890	890	CCNA2	cyclinA2	
8900	8900	8900	CCNA1	cyclinA1	
8904	8904	8904	CPNE1	copineI	
8905	8905	8905	AP1S2	adaptor-relatedproteincomplex1,sigma2subunit	
8906	8906	8906	AP1G2	adaptor-relatedproteincomplex1,gamma2subunit	
8908	8908	8908	GYG2	glycogenin2	
8909	8909	8909	P11	26serineprotease	
891	891	891	CCNB1	cyclinB1	
8910	8910	8910	SGCE	sarcoglycan,epsilon	
8911	8911	8911	CACNA1I	calciumchannel,voltage-dependent,Ttype,alpha1Isubunit	
8912	8912	8912	CACNA1H	calciumchannel,voltage-dependent,Ttype,alpha1Hsubunit	
8913	8913	8913	CACNA1G	calciumchannel,voltage-dependent,Ttype,alpha1Gsubunit	
8914	8914	8914	TIMELESS	timelesshomolog(Drosophila)	
8915	8915	8915	BCL10	B-cellCLL/lymphoma10	
8916	8916	8916	HERC3	hectdomainandRLD3	
892	892	892	CCNC	cyclinC	
8924	8924	8924	HERC2	hectdomainandRLD2	
8925	8925	8925	HERC1	hect(homologoustotheE6-AP(UBE3A)carboxylterminus)domainandRCC1(CHC1)-likedomain(RLD)1	
8927	8927	8927	BSN	bassoon(presynapticcytomatrixprotein)	
8928	8928	8928	FOXH1	forkheadboxH1	
8929	8929	8929	PHOX2B	paired-likehomeobox2b	
8930	8930	8930	MBD4	methyl-CpGbindingdomainprotein4	
8932	8932	8932	MBD2	methyl-CpGbindingdomainprotein2	
8933	8933	8933	FAM127A	familywithsequencesimilarity127,memberA	
8934	8934	8934	RAB7L1	RAB7,memberRASoncogenefamily-like1	
8935	8935	8935	SKAP2	srckinaseassociatedphosphoprotein2	
8936	8936	8936	WASF1	WASproteinfamily,member1	
8938	8938	8938	BAIAP3	BAI1-associatedprotein3	
8939	8939	8939	FUBP3	farupstreamelement(FUSE)bindingprotein3	
894	894	894	CCND2	cyclinD2	
8940	8940	8940	TOP3B	topoisomerase(DNA)IIIbeta	
8941	8941	8941	CDK5R2	cyclin-dependentkinase5,regulatorysubunit2(p39)	
8942	8942	8942	KYNU	kynureninase(L-kynureninehydrolase)	
8943	8943	8943	AP3D1	adaptor-relatedproteincomplex3,delta1subunit	
8945	8945	8945	BTRC	beta-transducinrepeatcontaining	
896	896	896	CCND3	cyclinD3	
8968	8968	8968	HIST1H3F	histonecluster1,H3f	
8969	8969	8969	HIST1H2AG	histonecluster1,H2ag	
8971	8971	8971	H1FX	H1histonefamily,memberX	
8972	8972	8972	MGAM	maltase-glucoamylase(alpha-glucosidase)	
8973	8973	8973	CHRNA6	cholinergicreceptor,nicotinic,alpha6	
8974	8974	8974	P4HA2	prolyl4-hydroxylase,alphapolypeptideII	
8975	8975	8975	USP13	ubiquitinspecificpeptidase13(isopeptidaseT-3)	
8976	8976	8976	WASL	Wiskott-Aldrichsyndrome-like	
89781	89781	89781	HPS4	Hermansky-Pudlaksyndrome4	
89795	89795	89795	NAV3	neuronnavigator3	
89797	89797	89797	NAV2	neuronnavigator2	
898	898	898	CCNE1	cyclinE1	
89845	89845	89845	ABCC10	ATP-bindingcassette,sub-familyC(CFTR/MRP),member10	
8985	8985	8985	PLOD3	procollagen-lysine,2-oxoglutarate5-dioxygenase3	
89853	89853	89853	FAM125B	familywithsequencesimilarity125,memberB	
8986	8986	8986	RPS6KA4	ribosomalproteinS6kinase,90kDa,polypeptide4	
8987	8987	8987	STBD1	starchbindingdomain1	
89870	89870	89870	TRIM15	tripartitemotif-containing15	
89874	89874	89874	SLC25A21	solutecarrierfamily25(mitochondrialoxodicarboxylatecarrier),member21	
8988	8988	8988	HSPB3	heatshock27kDaprotein3	
8989	8989	8989	TRPA1	transientreceptorpotentialcationchannel,subfamilyA,member1	
899	899	899	CCNF	cyclinF	
8991	8991	8991	SELENBP1	seleniumbindingprotein1	
89910	89910	89910	UBE3B	ubiquitinproteinligaseE3B	
8992	8992	8992	ATP6V0E1	ATPase,H+transporting,lysosomal9kDa,V0subunite1	
89927	89927	89927	C16orf45	chromosome16openreadingframe45	
8993	8993	8993	PGLYRP1	peptidoglycanrecognitionprotein1	
8994	8994	8994	LIMD1	LIMdomainscontaining1	
89941	89941	89941	RHOT2	rashomologgenefamily,memberT2	
89944	89944	89944	GLB1L2	galactosidase,beta1-like2	
8995	8995	8995	TNFSF18	tumornecrosisfactor(ligand)superfamily,member18	
8996	8996	8996	NOL3	nucleolarprotein3(apoptosisrepressorwithCARDdomain)	
8997	8997	8997	KALRN	kalirin,RhoGEFkinase	
8999	8999	8999	CDKL2	cyclin-dependentkinase-like2(CDC2-relatedkinase)	
9	9	9	NAT1	N-acetyltransferase1(arylamineN-acetyltransferase)	
90	90	90	ACVR1	activinAreceptor,typeI	
900	900	900	CCNG1	cyclinG1	
9001	9001	9001	HAP1	huntingtin-associatedprotein1	
901	901	901	CCNG2	cyclinG2	
90121	90121	90121	TSR2	TSR2,20SrRNAaccumulation,homolog(S.cerevisiae)	
9013	9013	9013	TAF1C	TATAboxbindingprotein(TBP)-associatedfactor,RNApolymeraseI,C,110kDa	
9014	9014	9014	TAF1B	TATAboxbindingprotein(TBP)-associatedfactor,RNApolymeraseI,B,63kDa	
90141	90141	90141	C14orf143	chromosome14openreadingframe143	
9015	9015	9015	TAF1A	TATAboxbindingprotein(TBP)-associatedfactor,RNApolymeraseI,A,48kDa	
9016	9016	9016	SLC25A14	solutecarrierfamily25(mitochondrialcarrier,brain),member14	
9019	9019	9019	MPZL1	myelinproteinzero-like1	
902	902	902	CCNH	cyclinH	
9020	9020	9020	MAP3K14	mitogen-activatedproteinkinasekinasekinase14	
9021	9021	9021	SOCS3	suppressorofcytokinesignaling3	
9022	9022	9022	CLIC3	chlorideintracellularchannel3	
9023	9023	9023	CH25H	cholesterol25-hydroxylase	
90233	90233	90233	ZNF551	zincfingerprotein551	
9024	9024	9024	BRSK2	BRserine/threoninekinase2	
9025	9025	9025	RNF8	ringfingerprotein8	
9027	9027	9027	NAT8	N-acetyltransferase8(GCN5-related,putative)	
90273	90273	90273	CEACAM21	carcinoembryonicantigen-relatedcelladhesionmolecule21	
9028	9028	9028	RHBDL1	rhomboid,veinlet-like1(Drosophila)	
9031	9031	9031	BAZ1B	bromodomainadjacenttozincfingerdomain,1B	
9032	9032	9032	TM4SF5	transmembrane4Lsixfamilymember5	
9033	9033	9033	PKD2L1	polycystickidneydisease2-like1	
90333	90333	90333	ZNF468	zincfingerprotein468	
90338	90338	90338	ZNF160	zincfingerprotein160	
9034	9034	9034	CCRL2	chemokine(C-Cmotif)receptor-like2	
90355	90355	90355	C5orf30	chromosome5openreadingframe30	
90362	90362	90362	FAM110B	familywithsequencesimilarity110,memberB	
9037	9037	9037	SEMA5A	semadomain,seventhrombospondinrepeats(type1andtype1-like),transmembranedomain(TM)andshortcytoplasmicdomain,(semaphorin)5A	
90379	90379	90379	DCAF15	DDB1andCUL4associatedfactor15	
9038	9038	9038	TAAR5	traceamineassociatedreceptor5	
9039	9039	9039	UBA3	ubiquitin-likemodifieractivatingenzyme3	
904	904	904	CCNT1	cyclinT1	
9040	9040	9040	UBE2M	ubiquitin-conjugatingenzymeE2M(UBC12homolog,yeast)	
90410	90410	90410	IFT20	intraflagellartransport20homolog(Chlamydomonas)	
90411	90411	90411	MCFD2	multiplecoagulationfactordeficiency2	
9043	9043	9043	SPAG9	spermassociatedantigen9	
9044	9044	9044	BTAF1	BTAF1RNApolymeraseII,B-TFIIDtranscriptionfactor-associated,170kDa(Mot1homolog,S.cerevisiae)	
9045	9045	9045	RPL14	ribosomalproteinL14	
9046	9046	9046	DOK2	dockingprotein2,56kDa	
9047	9047	9047	SH2D2A	SH2domainprotein2A	
9048	9048	9048	ARTN	artemin	
90480	90480	90480	GADD45GIP1	growtharrestandDNA-damage-inducible,gammainteractingprotein1	
9049	9049	9049	AIP	arylhydrocarbonreceptorinteractingprotein	
905	905	905	CCNT2	cyclinT2	
9050	9050	9050	PSTPIP2	proline-serine-threoninephosphataseinteractingprotein2	
9051	9051	9051	PSTPIP1	proline-serine-threoninephosphataseinteractingprotein1	
9052	9052	9052	GPRC5A	Gprotein-coupledreceptor,familyC,group5,memberA	
9053	9053	9053	MAP7	microtubule-associatedprotein7	
9054	9054	9054	NFS1	NFS1nitrogenfixation1homolog(S.cerevisiae)	
9055	9055	9055	PRC1	proteinregulatorofcytokinesis1	
9056	9056	9056	SLC7A7	solutecarrierfamily7(cationicaminoacidtransporter,y+system),member7	
9057	9057	9057	SLC7A6	solutecarrierfamily7(cationicaminoacidtransporter,y+system),member6	
9058	9058	9058	SLC13A2	solutecarrierfamily13(sodium-dependentdicarboxylatetransporter),member2	
90586	90586	90586	LOC90586	AOC3pseudogene	
9060	9060	9060	PAPSS2	3'-phosphoadenosine5'-phosphosulfatesynthase2	
9061	9061	9061	PAPSS1	3'-phosphoadenosine5'-phosphosulfatesynthase1	
90627	90627	90627	STARD13	StAR-relatedlipidtransfer(START)domaincontaining13	
9063	9063	9063	PIAS2	proteininhibitorofactivatedSTAT,2	
90634	90634	90634	N4BP2L1	NEDD4bindingprotein2-like1	
9064	9064	9064	MAP3K6	mitogen-activatedproteinkinasekinasekinase6	
90665	90665	90665	TBL1Y	transducin(beta)-like1Y-linked	
9070	9070	9070	ASH2L	ash2(absent,small,orhomeotic)-like(Drosophila)	
9071	9071	9071	CLDN10	claudin10	
9073	9073	9073	CLDN8	claudin8	
9074	9074	9074	CLDN6	claudin6	
9076	9076	9076	CLDN1	claudin1	
9077	9077	9077	DIRAS3	DIRASfamily,GTP-bindingRAS-like3	
9079	9079	9079	LDB2	LIMdomainbinding2	
908	908	908	CCT6A	chaperonincontainingTCP1,subunit6A(zeta1)	
9080	9080	9080	CLDN9	claudin9	
90806	90806	90806	ANGEL2	angelhomolog2(Drosophila)	
9086	9086	9086	EIF1AY	eukaryotictranslationinitiationfactor1A,Y-linked	
90861	90861	90861	HN1L	hematologicalandneurologicalexpressed1-like	
90864	90864	90864	SPSB3	splA/ryanodinereceptordomainandSOCSboxcontaining3	
90865	90865	90865	IL33	interleukin33	
9087	9087	9087	TMSB4Y	thymosinbeta4,Y-linked	
9088	9088	9088	PKMYT1	proteinkinase,membraneassociatedtyrosine/threonine1	
909	909	909	CD1A	CD1amolecule	
9091	9091	9091	PIGQ	phosphatidylinositolglycananchorbiosynthesis,classQ	
9092	9092	9092	SART1	squamouscellcarcinomaantigenrecognizedbyTcells	
9093	9093	9093	DNAJA3	DnaJ(Hsp40)homolog,subfamilyA,member3	
9094	9094	9094	UNC119	unc-119homolog(C.elegans)	
9095	9095	9095	TBX19	T-box19	
90956	90956	90956	ADCK2	aarFdomaincontainingkinase2	
90957	90957	90957	DHX57	DEAH(Asp-Glu-Ala-Asp/His)boxpolypeptide57	
9097	9097	9097	USP14	ubiquitinspecificpeptidase14(tRNA-guaninetransglycosylase)	
9098	9098	9098	USP6	ubiquitinspecificpeptidase6(Tre-2oncogene)	
9099	9099	9099	USP2	ubiquitinspecificpeptidase2	
90993	90993	90993	CREB3L1	cAMPresponsiveelementbindingprotein3-like1	
91	91	91	ACVR1B	activinAreceptor,typeIB	
910	910	910	CD1B	CD1bmolecule	
9100	9100	9100	USP10	ubiquitinspecificpeptidase10	
9101	9101	9101	USP8	ubiquitinspecificpeptidase8	
9104	9104	9104	RGN	regucalcin(senescencemarkerprotein-30)	
9107	9107	9107	MTMR6	myotubularinrelatedprotein6	
911	911	911	CD1C	CD1cmolecule	
9110	9110	9110	MTMR4	myotubularinrelatedprotein4	
9111	9111	9111	NMI	N-myc(andSTAT)interactor	
9112	9112	9112	MTA1	metastasisassociated1	
91120	91120	91120	ZNF682	zincfingerprotein682	
9113	9113	9113	LATS1	LATS,largetumorsuppressor,homolog1(Drosophila)	
91137	91137	91137	SLC25A46	solutecarrierfamily25,member46	
9114	9114	9114	ATP6V0D1	ATPase,H+transporting,lysosomal38kDa,V0subunitd1	
9118	9118	9118	INA	internexinneuronalintermediatefilamentprotein,alpha	
9119	9119	9119	KRT75	keratin75	
912	912	912	CD1D	CD1dmolecule	
9120	9120	9120	SLC16A6	solutecarrierfamily16,member6(monocarboxylicacidtransporter7)	
9121	9121	9121	SLC16A5	solutecarrierfamily16,member5(monocarboxylicacidtransporter6)	
9122	9122	9122	SLC16A4	solutecarrierfamily16,member4(monocarboxylicacidtransporter5)	
9123	9123	9123	SLC16A3	solutecarrierfamily16,member3(monocarboxylicacidtransporter4)	
9124	9124	9124	PDLIM1	PDZandLIMdomain1	
9126	9126	9126	SMC3	structuralmaintenanceofchromosomes3	
9127	9127	9127	P2RX6	purinergicreceptorP2X,ligand-gatedionchannel,6	
9128	9128	9128	PRPF4	PRP4pre-mRNAprocessingfactor4homolog(yeast)	
91289	91289	91289	LMF2	lipasematurationfactor2	
9129	9129	9129	PRPF3	PRP3pre-mRNAprocessingfactor3homolog(S.cerevisiae)	
91298	91298	91298	C12orf29	chromosome12openreadingframe29	
913	913	913	CD1E	CD1emolecule	
9130	9130	9130	FAM50A	familywithsequencesimilarity50,memberA	
91300	91300	91300	C19orf22	chromosome19openreadingframe22	
91304	91304	91304	C19orf6	chromosome19openreadingframe6	
9131	9131	9131	AIFM1	apoptosis-inducingfactor,mitochondrion-associated,1	
9132	9132	9132	KCNQ4	potassiumvoltage-gatedchannel,KQT-likesubfamily,member4	
9133	9133	9133	CCNB2	cyclinB2	
9134	9134	9134	CCNE2	cyclinE2	
9135	9135	9135	RABEP1	rabaptin,RABGTPasebindingeffectorprotein1	
91353	91353	91353	IGLL3	immunoglobulinlambda-likepolypeptide3	
91355	91355	91355	LRP5L	lowdensitylipoproteinreceptor-relatedprotein5-like	
9136	9136	9136	RRP9	ribosomalRNAprocessing9,smallsubunit(SSU)processomecomponent,homolog(yeast)	
91373	91373	91373	UAP1L1	UDP-N-acteylglucosaminepyrophosphorylase1-like1	
9138	9138	9138	ARHGEF1	Rhoguaninenucleotideexchangefactor(GEF)1	
9139	9139	9139	CBFA2T2	core-bindingfactor,runtdomain,alphasubunit2;translocatedto,2	
914	914	914	CD2	CD2molecule	
9140	9140	9140	ATG12	ATG12autophagyrelated12homolog(S.cerevisiae)	
9141	9141	9141	PDCD5	programmedcelldeath5	
9142	9142	9142	CXorf1	chromosomeXopenreadingframe1	
9143	9143	9143	SYNGR3	synaptogyrin3	
9144	9144	9144	SYNGR2	synaptogyrin2	
91442	91442	91442	C19orf40	chromosome19openreadingframe40	
9145	9145	9145	SYNGR1	synaptogyrin1	
9146	9146	9146	HGS	hepatocytegrowthfactor-regulatedtyrosinekinasesubstrate	
9147	9147	9147	SDCCAG1	serologicallydefinedcoloncancerantigen1	
9148	9148	9148	NEURL	neuralizedhomolog(Drosophila)	
9149	9149	9149	DYRK1B	dual-specificitytyrosine-(Y)-phosphorylationregulatedkinase1B	
915	915	915	CD3D	CD3dmolecule,delta(CD3-TCRcomplex)	
9150	9150	9150	CTDP1	CTD(carboxy-terminaldomain,RNApolymeraseII,polypeptideA)phosphatase,subunit1	
9152	9152	9152	SLC6A5	solutecarrierfamily6(neurotransmittertransporter,glycine),member5	
9153	9153	9153	SLC28A2	solutecarrierfamily28(sodium-couplednucleosidetransporter),member2	
9154	9154	9154	SLC28A1	solutecarrierfamily28(sodium-couplednucleosidetransporter),member1	
91543	91543	91543	RSAD2	radicalS-adenosylmethioninedomaincontaining2	
9156	9156	9156	EXO1	exonuclease1	
9158	9158	9158	FIBP	fibroblastgrowthfactor(acidic)intracellularbindingprotein	
9159	9159	9159	PCSK7	proproteinconvertasesubtilisin/kexintype7	
916	916	916	CD3E	CD3emolecule,epsilon(CD3-TCRcomplex)	
9162	9162	9162	DGKI	diacylglycerolkinase,iota	
91647	91647	91647	ATPAF2	ATPsynthasemitochondrialF1complexassemblyfactor2	
9166	9166	9166	EBAG9	estrogenreceptorbindingsiteassociated,antigen,9	
9167	9167	9167	COX7A2L	cytochromecoxidasesubunitVIIapolypeptide2like	
9168	9168	9168	TMSB10	thymosinbeta10	
9169	9169	9169	SFRS2IP	splicingfactor,arginine/serine-rich2,interactingprotein	
917	917	917	CD3G	CD3gmolecule,gamma(CD3-TCRcomplex)	
9170	9170	9170	LPAR2	lysophosphatidicacidreceptor2	
9172	9172	9172	MYOM2	myomesin(M-protein)2,165kDa	
9173	9173	9173	IL1RL1	interleukin1receptor-like1	
91746	91746	91746	YTHDC1	YTHdomaincontaining1	
9175	9175	9175	MAP3K13	mitogen-activatedproteinkinasekinasekinase13	
91752	91752	91752	ZNF804A	zincfingerprotein804A	
91754	91754	91754	NEK9	NIMA(neverinmitosisgenea)-relatedkinase9	
9177	9177	9177	HTR3B	5-hydroxytryptamine(serotonin)receptor3B	
91782	91782	91782	CHMP7	CHMPfamily,member7	
9179	9179	9179	AP4M1	adaptor-relatedproteincomplex4,mu1subunit	
9180	9180	9180	OSMR	oncostatinMreceptor	
9181	9181	9181	ARHGEF2	Rho/Racguaninenucleotideexchangefactor(GEF)2	
9182	9182	9182	RASSF9	Rasassociation(RalGDS/AF-6)domainfamily(N-terminal)member9	
9183	9183	9183	ZW10	ZW10,kinetochoreassociated,homolog(Drosophila)	
9184	9184	9184	BUB3	buddinguninhibitedbybenzimidazoles3homolog(yeast)	
9185	9185	9185	REPS2	RALBP1associatedEpsdomaincontaining2	
91860	91860	91860	CALML4	calmodulin-like4	
9187	9187	9187	SLC24A1	solutecarrierfamily24(sodium/potassium/calciumexchanger),member1	
9188	9188	9188	DDX21	DEAD(Asp-Glu-Ala-Asp)boxpolypeptide21	
919	919	919	CD247	CD247molecule	
9191	9191	9191	DEDD	deatheffectordomaincontaining	
9194	9194	9194	SLC16A7	solutecarrierfamily16,member7(monocarboxylicacidtransporter2)	
91949	91949	91949	COG7	componentofoligomericgolgicomplex7	
9196	9196	9196	KCNAB3	potassiumvoltage-gatedchannel,shaker-relatedsubfamily,betamember3	
9197	9197	9197	SLC33A1	solutecarrierfamily33(acetyl-CoAtransporter),member1	
91977	91977	91977	MYOZ3	myozenin3	
92	92	92	ACVR2A	activinAreceptor,typeIIA	
920	920	920	CD4	CD4molecule	
9200	9200	9200	PTPLA	proteintyrosinephosphatase-like(prolineinsteadofcatalyticarginine),memberA	
9201	9201	9201	DCLK1	doublecortin-likekinase1	
9202	9202	9202	ZMYM4	zincfinger,MYM-type4	
9203	9203	9203	ZMYM3	zincfinger,MYM-type3	
9204	9204	9204	ZMYM6	zincfinger,MYM-type6	
9205	9205	9205	ZMYM5	zincfinger,MYM-type5	
9208	9208	9208	LRRFIP1	leucinerichrepeat(inFLII)interactingprotein1	
92086	92086	92086	GGTLC1	gamma-glutamyltransferaselightchain1	
9209	9209	9209	LRRFIP2	leucinerichrepeat(inFLII)interactingprotein2	
921	921	921	CD5	CD5molecule	
9210	9210	9210	BMP15	bonemorphogeneticprotein15	
92104	92104	92104	TTC30A	tetratricopeptiderepeatdomain30A	
9211	9211	9211	LGI1	leucine-rich,gliomainactivated1	
9212	9212	9212	AURKB	aurorakinaseB	
9214	9214	9214	FAIM3	Fasapoptoticinhibitorymolecule3	
92140	92140	92140	MTDH	metadherin	
9215	9215	9215	LARGE	like-glycosyltransferase	
92154	92154	92154	MTSS1L	metastasissuppressor1-like	
9217	9217	9217	VAPB	VAMP(vesicle-associatedmembraneprotein)-associatedproteinBandC	
92170	92170	92170	MTG1	mitochondrialGTPase1homolog(S.cerevisiae)	
9218	9218	9218	VAPA	VAMP(vesicle-associatedmembraneprotein)-associatedproteinA,33kDa	
9219	9219	9219	MTA2	metastasisassociated1family,member2	
922	922	922	CD5L	CD5molecule-like	
9221	9221	9221	NOLC1	nucleolarandcoiled-bodyphosphoprotein1	
92211	92211	92211	PCDH21	protocadherin21	
9223	9223	9223	MAGI1	membraneassociatedguanylatekinase,WWandPDZdomaincontaining1	
9227	9227	9227	LRAT	lecithinretinolacyltransferase(phosphatidylcholine--retinolO-acyltransferase)	
9228	9228	9228	DLGAP2	discs,large(Drosophila)homolog-associatedprotein2	
9229	9229	9229	DLGAP1	discs,large(Drosophila)homolog-associatedprotein1	
923	923	923	CD6	CD6molecule	
9230	9230	9230	RAB11B	RAB11B,memberRASoncogenefamily	
9231	9231	9231	DLG5	discs,largehomolog5(Drosophila)	
9232	9232	9232	PTTG1	pituitarytumor-transforming1	
92335	92335	92335	STRADA	STE20-relatedkinaseadaptoralpha	
92342	92342	92342	C1orf156	chromosome1openreadingframe156	
92346	92346	92346	C1orf105	chromosome1openreadingframe105	
9235	9235	9235	IL32	interleukin32	
9236	9236	9236	CCPG1	cellcycleprogression1	
9238	9238	9238	TBRG4	transforminggrowthfactorbetaregulator4	
924	924	924	CD7	CD7molecule	
9240	9240	9240	PNMA1	paraneoplasticantigenMA1	
9242	9242	9242	MSC	musculin(activatedB-cellfactor-1)	
9244	9244	9244	CRLF1	cytokinereceptor-likefactor1	
9245	9245	9245	GCNT3	glucosaminyl(N-acetyl)transferase3,mucintype	
9246	9246	9246	UBE2L6	ubiquitin-conjugatingenzymeE2L6	
9247	9247	9247	GCM2	glialcellsmissinghomolog2(Drosophila)	
9248	9248	9248	GPR50	Gprotein-coupledreceptor50	
92483	92483	92483	LDHAL6B	lactatedehydrogenaseA-like6B	
9249	9249	9249	DHRS3	dehydrogenase/reductase(SDRfamily)member3	
925	925	925	CD8A	CD8amolecule	
9252	9252	9252	RPS6KA5	ribosomalproteinS6kinase,90kDa,polypeptide5	
9254	9254	9254	CACNA2D2	calciumchannel,voltage-dependent,alpha2/deltasubunit2	
9255	9255	9255	AIMP1	aminoacyltRNAsynthetasecomplex-interactingmultifunctionalprotein1	
92552	92552	92552	ATXN3L	ataxin3-like	
9256	9256	9256	BZRAP1	benzodiazapinereceptor(peripheral)associatedprotein1	
92579	92579	92579	G6PC3	glucose6phosphatase,catalytic,3	
92595	92595	92595	ZNF764	zincfingerprotein764	
926	926	926	CD8B	CD8bmolecule	
9260	9260	9260	PDLIM7	PDZandLIMdomain7(enigma)	
9261	9261	9261	MAPKAPK2	mitogen-activatedproteinkinase-activatedproteinkinase2	
9262	9262	9262	STK17B	serine/threoninekinase17b	
9263	9263	9263	STK17A	serine/threoninekinase17a	
9265	9265	9265	CYTH3	cytohesin3	
9266	9266	9266	CYTH2	cytohesin2	
9267	9267	9267	CYTH1	cytohesin1	
9270	9270	9270	ITGB1BP1	integrinbeta1bindingprotein1	
9271	9271	9271	PIWIL1	piwi-like1(Drosophila)	
9274	9274	9274	BCL7C	B-cellCLL/lymphoma7C	
9275	9275	9275	BCL7B	B-cellCLL/lymphoma7B	
9276	9276	9276	COPB2	coatomerproteincomplex,subunitbeta2(betaprime)	
9277	9277	9277	WDR46	WDrepeatdomain46	
9278	9278	9278	ZBTB22	zincfingerandBTBdomaincontaining22	
928	928	928	CD9	CD9molecule	
9282	9282	9282	MED14	mediatorcomplexsubunit14	
92822	92822	92822	ZNF276	zincfingerprotein276	
9283	9283	9283	GPR37L1	Gprotein-coupledreceptor37like1	
92856	92856	92856	IMP4	IMP4,U3smallnucleolarribonucleoprotein,homolog(yeast)	
9287	9287	9287	TAAR2	traceamineassociatedreceptor2	
9289	9289	9289	GPR56	Gprotein-coupledreceptor56	
929	929	929	CD14	CD14molecule	
9293	9293	9293	GPR52	Gprotein-coupledreceptor52	
9294	9294	9294	S1PR2	sphingosine-1-phosphatereceptor2	
9295	9295	9295	SFRS11	splicingfactor,arginine/serine-rich11	
9296	9296	9296	ATP6V1F	ATPase,H+transporting,lysosomal14kDa,V1subunitF	
93	93	93	ACVR2B	activinAreceptor,typeIIB	
930	930	930	CD19	CD19molecule	
9306	9306	9306	SOCS6	suppressorofcytokinesignaling6	
9308	9308	9308	CD83	CD83molecule	
93081	93081	93081	C13orf27	chromosome13openreadingframe27	
931	931	931	MS4A1	membrane-spanning4-domains,subfamilyA,member1	
9310	9310	9310	ZNF235	zincfingerprotein235	
9311	9311	9311	ACCN3	amiloride-sensitivecationchannel3	
9312	9312	9312	KCNB2	potassiumvoltage-gatedchannel,Shab-relatedsubfamily,member2	
93129	93129	93129	ORAI3	ORAIcalciumrelease-activatedcalciummodulator3	
9313	9313	9313	MMP20	matrixmetallopeptidase20	
9314	9314	9314	KLF4	Kruppel-likefactor4(gut)	
9315	9315	9315	C5orf13	chromosome5openreadingframe13	
93164	93164	93164	HTR7P	5-hydroxytryptamine(serotonin)receptor7pseudogene	
9317	9317	9317	PTER	phosphotriesteraserelated	
9318	9318	9318	COPS2	COP9constitutivephotomorphogenichomologsubunit2(Arabidopsis)	
9319	9319	9319	TRIP13	thyroidhormonereceptorinteractor13	
932	932	932	MS4A3	membrane-spanning4-domains,subfamilyA,member3(hematopoieticcell-specific)	
9320	9320	9320	TRIP12	thyroidhormonereceptorinteractor12	
9321	9321	9321	TRIP11	thyroidhormonereceptorinteractor11	
93210	93210	93210	PGAP3	post-GPIattachmenttoproteins3	
9322	9322	9322	TRIP10	thyroidhormonereceptorinteractor10	
9324	9324	9324	HMGN3	highmobilitygroupnucleosomalbindingdomain3	
9325	9325	9325	TRIP4	thyroidhormonereceptorinteractor4	
9326	9326	9326	ZNHIT3	zincfinger,HITtype3	
9328	9328	9328	GTF3C5	generaltranscriptionfactorIIIC,polypeptide5,63kDa	
9329	9329	9329	GTF3C4	generaltranscriptionfactorIIIC,polypeptide4,90kDa	
933	933	933	CD22	CD22molecule	
9330	9330	9330	GTF3C3	generaltranscriptionfactorIIIC,polypeptide3,102kDa	
9331	9331	9331	B4GALT6	UDP-Gal:betaGlcNAcbeta1,4-galactosyltransferase,polypeptide6	
9332	9332	9332	CD163	CD163molecule	
9333	9333	9333	TGM5	transglutaminase5	
9334	9334	9334	B4GALT5	UDP-Gal:betaGlcNAcbeta1,4-galactosyltransferase,polypeptide5	
93349	93349	93349	SP140L	SP140nuclearbodyprotein-like	
9337	9337	9337	CNOT8	CCR4-NOTtranscriptioncomplex,subunit8	
9338	9338	9338	TCEAL1	transcriptionelongationfactorA(SII)-like1	
934	934	934	CD24	CD24 molecule	
9340	9340	9340	GLP2R	glucagon-likepeptide2receptor	
93408	93408	93408	MYL10	myosin,lightchain10,regulatory	
9341	9341	9341	VAMP3	vesicle-associatedmembraneprotein3(cellubrevin)	
9342	9342	9342	SNAP29	synaptosomal-associatedprotein,29kDa	
93432	93432	93432	LOC93432	maltase-glucoamylase-likepseudogene	
93436	93436	93436	ARMC6	armadillorepeatcontaining6	
9344	9344	9344	TAOK2	TAOkinase2	
9348	9348	9348	NDST3	N-deacetylase/N-sulfotransferase(heparanglucosaminyl)3	
93487	93487	93487	MAPK1IP1L	mitogen-activatedproteinkinase1interactingprotein1-like	
9349	9349	9349	RPL23	ribosomalproteinL23	
9350	9350	9350	CER1	cerberus1,cysteineknotsuperfamily,homolog(Xenopuslaevis)	
9351	9351	9351	SLC9A3R2	solutecarrierfamily9(sodium/hydrogenexchanger),member3regulator2	
9352	9352	9352	TXNL1	thioredoxin-like1	
9353	9353	9353	SLIT2	slithomolog2(Drosophila)	
9354	9354	9354	UBE4A	ubiquitinationfactorE4A(UFD2homolog,yeast)	
9355	9355	9355	LHX2	LIMhomeobox2	
9356	9356	9356	SLC22A6	solutecarrierfamily22(organicaniontransporter),member6	
9358	9358	9358	ITGBL1	integrin,beta-like1(withEGF-likerepeatdomains)	
93594	93594	93594	WDR67	WDrepeatdomain67	
9360	9360	9360	PPIG	peptidylprolylisomeraseG(cyclophilinG)	
9361	9361	9361	LONP1	lonpeptidase1,mitochondrial	
9362	9362	9362	CPNE6	copineVI(neuronal)	
9363	9363	9363	RAB33A	RAB33A,memberRASoncogenefamily	
9364	9364	9364	RAB28	RAB28,memberRASoncogenefamily	
93643	93643	93643	TJAP1	tightjunctionassociatedprotein1(peripheral)	
9365	9365	9365	KL	klotho	
9366	9366	9366	RAB9P1	RAB9,memberRASoncogenefamily,pseudogene1	
93664	93664	93664	CADPS2	Ca++-dependentsecretionactivator2	
9367	9367	9367	RAB9A	RAB9A,memberRASoncogenefamily	
9368	9368	9368	SLC9A3R1	solutecarrierfamily9(sodium/hydrogenexchanger),member3regulator1	
9369	9369	9369	NRXN3	neurexin3	
9370	9370	9370	ADIPOQ	adiponectin,C1Qandcollagendomaincontaining	
9371	9371	9371	KIF3B	kinesinfamilymember3B	
9372	9372	9372	ZFYVE9	zincfinger,FYVEdomaincontaining9	
9373	9373	9373	PLAA	phospholipaseA2-activatingprotein	
9374	9374	9374	PPT2	palmitoyl-proteinthioesterase2	
9375	9375	9375	TM9SF2	transmembrane9superfamilymember2	
9376	9376	9376	SLC22A8	solutecarrierfamily22(organicaniontransporter),member8	
9377	9377	9377	COX5A	cytochromecoxidasesubunitVa	
9378	9378	9378	NRXN1	neurexin1	
9379	9379	9379	NRXN2	neurexin2	
9380	9380	9380	GRHPR	glyoxylatereductase/hydroxypyruvatereductase	
9381	9381	9381	OTOF	otoferlin	
9388	9388	9388	LIPG	lipase,endothelial	
9389	9389	9389	SLC22A14	solutecarrierfamily22,member14	
939	939	939	CD27	CD27molecule	
9390	9390	9390	SLC22A13	solutecarrierfamily22(organicaniontransporter),member13	
9391	9391	9391	CIAO1	cytosoliciron-sulfurproteinassembly1homolog(S.cerevisiae)	
9392	9392	9392	TGFBRAP1	transforminggrowthfactor,betareceptorassociatedprotein1	
9397	9397	9397	NMT2	N-myristoyltransferase2	
93973	93973	93973	ACTR8	ARP8actin-relatedprotein8homolog(yeast)	
93974	93974	93974	ATPIF1	ATPaseinhibitoryfactor1	
9398	9398	9398	IGSF2	immunoglobulinsuperfamily,member2	
9399	9399	9399	STOML1	stomatin(EPB72)-like1	
94	94	94	ACVRL1	activinAreceptortypeII-like1	
940	940	940	CD28	CD28molecule	
9400	9400	9400	RECQL5	RecQprotein-like5	
9401	9401	9401	RECQL4	RecQprotein-like4	
9402	9402	9402	GRAP2	GRB2-relatedadaptorprotein2	
94025	94025	94025	MUC16	mucin16,cellsurfaceassociated	
94026	94026	94026	POM121L2	POM121membraneglycoprotein-like2(rat)	
9403	9403	9403	SEP15	15kDaselenoprotein	
9404	9404	9404	LPXN	leupaxin	
9407	9407	9407	TMPRSS11D	transmembraneprotease,serine11D	
94081	94081	94081	SFXN1	sideroflexin1	
9409	9409	9409	PEX16	peroxisomalbiogenesisfactor16	
941	941	941	CD80	CD80molecule	
9410	9410	9410	SNRNP40	smallnuclearribonucleoprotein40kDa(U5)	
94104	94104	94104	C21orf66	chromosome21openreadingframe66	
9411	9411	9411	ARHGAP29	RhoGTPaseactivatingprotein29	
9412	9412	9412	MED21	mediatorcomplexsubunit21	
9413	9413	9413	FAM189A2	familywithsequencesimilarity189,memberA2	
94134	94134	94134	ARHGAP12	RhoGTPaseactivatingprotein12	
9414	9414	9414	TJP2	tightjunctionprotein2(zonaoccludens2)	
9415	9415	9415	FADS2	fattyaciddesaturase2	
9416	9416	9416	DDX23	DEAD(Asp-Glu-Ala-Asp)boxpolypeptide23	
9419	9419	9419	CRIPT	cysteine-richPDZ-bindingprotein	
942	942	942	CD86	CD86molecule	
9420	9420	9420	CYP7B1	cytochromeP450,family7,subfamilyB,polypeptide1	
9421	9421	9421	HAND1	heartandneuralcrestderivativesexpressed1	
9422	9422	9422	ZNF264	zincfingerprotein264	
9423	9423	9423	NTN1	netrin1	
94239	94239	94239	H2AFV	H2Ahistonefamily,memberV	
9425	9425	9425	CDYL	chromodomainprotein,Y-like	
9427	9427	9427	ECEL1	endothelinconvertingenzyme-like1	
9429	9429	9429	ABCG2	ATP-bindingcassette,sub-familyG(WHITE),member2	
943	943	943	TNFRSF8	tumornecrosisfactorreceptorsuperfamily,member8	
9435	9435	9435	CHST2	carbohydrate(N-acetylglucosamine-6-O)sulfotransferase2	
9436	9436	9436	NCR2	naturalcytotoxicitytriggeringreceptor2	
9437	9437	9437	NCR1	naturalcytotoxicitytriggeringreceptor1	
9439	9439	9439	MED23	mediatorcomplexsubunit23	
944	944	944	TNFSF8	tumornecrosisfactor(ligand)superfamily,member8	
9440	9440	9440	MED17	mediatorcomplexsubunit17	
9442	9442	9442	MED27	mediatorcomplexsubunit27	
9443	9443	9443	MED7	mediatorcomplexsubunit7	
9444	9444	9444	QKI	quakinghomolog,KHdomainRNAbinding(mouse)	
9445	9445	9445	ITM2B	integralmembraneprotein2B	
9446	9446	9446	GSTO1	glutathioneS-transferaseomega1	
9447	9447	9447	AIM2	absentinmelanoma2	
9448	9448	9448	MAP4K4	mitogen-activatedproteinkinasekinasekinasekinase4	
945	945	945	CD33	CD33molecule	
9450	9450	9450	LY86	lymphocyteantigen86	
9451	9451	9451	EIF2AK3	eukaryotictranslationinitiationfactor2-alphakinase3	
9452	9452	9452	ITM2A	integralmembraneprotein2A	
9453	9453	9453	GGPS1	geranylgeranyldiphosphatesynthase1	
9454	9454	9454	HOMER3	homerhomolog3(Drosophila)	
9455	9455	9455	HOMER2	homerhomolog2(Drosophila)	
9456	9456	9456	HOMER1	homerhomolog1(Drosophila)	
9457	9457	9457	FHL5	fourandahalfLIMdomains5	
9459	9459	9459	ARHGEF6	Rac/Cdc42guaninenucleotideexchangefactor(GEF)6	
946	946	946	SIGLEC6	sialicacidbindingIg-likelectin6	
9462	9462	9462	RASAL2	RASproteinactivatorlike2	
9463	9463	9463	PICK1	proteininteractingwithPRKCA1	
9464	9464	9464	HAND2	heartandneuralcrestderivativesexpressed2	
9465	9465	9465	AKAP7	Akinase(PRKA)anchorprotein7	
9466	9466	9466	IL27RA	interleukin27receptor,alpha	
9467	9467	9467	SH3BP5	SH3-domainbindingprotein5(BTK-associated)	
9468	9468	9468	PCYT1B	phosphatecytidylyltransferase1,choline,beta	
9469	9469	9469	CHST3	carbohydrate(chondroitin6)sulfotransferase3	
947	947	947	CD34	CD34molecule	
9470	9470	9470	EIF4E2	eukaryotictranslationinitiationfactor4Efamilymember2	
9472	9472	9472	AKAP6	Akinase(PRKA)anchorprotein6	
9473	9473	9473	C1orf38	chromosome1openreadingframe38	
9474	9474	9474	ATG5	ATG5autophagyrelated5homolog(S.cerevisiae)	
9475	9475	9475	ROCK2	Rho-associated,coiled-coilcontainingproteinkinase2	
9477	9477	9477	MED20	mediatorcomplexsubunit20	
9478	9478	9478	CABP1	calciumbindingprotein1	
9479	9479	9479	MAPK8IP1	mitogen-activatedproteinkinase8interactingprotein1	
948	948	948	CD36	CD36molecule(thrombospondinreceptor)	
9480	9480	9480	ONECUT2	onecuthomeobox2	
9482	9482	9482	STX8	syntaxin8	
9486	9486	9486	CHST10	carbohydratesulfotransferase10	
9487	9487	9487	PIGL	phosphatidylinositolglycananchorbiosynthesis,classL	
9488	9488	9488	PIGB	phosphatidylinositolglycananchorbiosynthesis,classB	
9489	9489	9489	PGS1	phosphatidylglycerophosphatesynthase1	
949	949	949	SCARB1	scavengerreceptorclassB,member1	
9491	9491	9491	PSMF1	proteasome(prosome,macropain)inhibitorsubunit1(PI31)	
9493	9493	9493	KIF23	kinesinfamilymember23	
9495	9495	9495	AKAP5	Akinase(PRKA)anchorprotein5	
9496	9496	9496	TBX4	T-box4	
9497	9497	9497	SLC4A7	solutecarrierfamily4,sodiumbicarbonatecotransporter,member7	
9498	9498	9498	SLC4A8	solutecarrierfamily4,sodiumbicarbonatecotransporter,member8	
9499	9499	9499	MYOT	myotilin	
95	95	95	ACY1	aminoacylase1	
950	950	950	SCARB2	scavengerreceptorclassB,member2	
9500	9500	9500	MAGED1	melanomaantigenfamilyD,1	
9501	9501	9501	RPH3AL	rabphilin3A-like(withoutC2domains)	
9506	9506	9506	PAGE4	Pantigenfamily,member4(prostateassociated)	
9508	9508	9508	ADAMTS3	ADAMmetallopeptidasewiththrombospondintype1motif,3	
9509	9509	9509	ADAMTS2	ADAMmetallopeptidasewiththrombospondintype1motif,2	
951	951	951	CD37	CD37molecule	
9510	9510	9510	ADAMTS1	ADAMmetallopeptidasewiththrombospondintype1motif,1	
9512	9512	9512	PMPCB	peptidase(mitochondrialprocessing)beta	
9513	9513	9513	FXR2	fragileXmentalretardation,autosomalhomolog2	
9514	9514	9514	GAL3ST1	galactose-3-O-sulfotransferase1	
9515	9515	9515	STXBP5L	syntaxinbindingprotein5-like	
9516	9516	9516	LITAF	lipopolysaccharide-inducedTNFfactor	
9517	9517	9517	SPTLC2	serinepalmitoyltransferase,longchainbasesubunit2	
9518	9518	9518	GDF15	growthdifferentiationfactor15	
9519	9519	9519	TBPL1	TBP-like1	
952	952	952	CD38	CD38molecule	
9520	9520	9520	NPEPPS	aminopeptidasepuromycinsensitive	
9521	9521	9521	EEF1E1	eukaryotictranslationelongationfactor1epsilon1	
9522	9522	9522	SCAMP1	secretorycarriermembraneprotein1	
9525	9525	9525	VPS4B	vacuolarproteinsorting4homologB(S.cerevisiae)	
9526	9526	9526	MPDU1	mannose-P-dolicholutilizationdefect1	
9527	9527	9527	GOSR1	golgiSNAPreceptorcomplexmember1	
9528	9528	9528	TMEM59	transmembraneprotein59	
9529	9529	9529	BAG5	BCL2-associatedathanogene5	
953	953	953	ENTPD1	ectonucleosidetriphosphatediphosphohydrolase1	
9530	9530	9530	BAG4	BCL2-associatedathanogene4	
9531	9531	9531	BAG3	BCL2-associatedathanogene3	
9532	9532	9532	BAG2	BCL2-associatedathanogene2	
9533	9533	9533	POLR1C	polymerase(RNA)IpolypeptideC,30kDa	
9535	9535	9535	GMFG	gliamaturationfactor,gamma	
9536	9536	9536	PTGES	prostaglandinEsynthase	
9537	9537	9537	TP53I11	tumorproteinp53inducibleprotein11	
9538	9538	9538	EI24	etoposideinduced2.4mRNA	
954	954	954	ENTPD2	ectonucleosidetriphosphatediphosphohydrolase2	
9540	9540	9540	TP53I3	tumorproteinp53inducibleprotein3	
9541	9541	9541	CIR1	corepressorinteractingwithRBPJ,1	
9542	9542	9542	NRG2	neuregulin2	
9545	9545	9545	RAB3D	RAB3D,memberRASoncogenefamily	
9546	9546	9546	APBA3	amyloidbeta(A4)precursorprotein-binding,familyA,member3	
9547	9547	9547	CXCL14	chemokine(C-X-Cmotif)ligand14	
955	955	955	ENTPD6	ectonucleosidetriphosphatediphosphohydrolase6(putativefunction)	
9550	9550	9550	ATP6V1G1	ATPase,H+transporting,lysosomal13kDa,V1subunitG1	
9551	9551	9551	ATP5J2	ATPsynthase,H+transporting,mitochondrialF0complex,subunitF2	
9552	9552	9552	SPAG7	spermassociatedantigen7	
9553	9553	9553	MRPL33	mitochondrialribosomalproteinL33	
9554	9554	9554	SEC22B	SEC22vesicletraffickingproteinhomologB(S.cerevisiae)	
9555	9555	9555	H2AFY	H2Ahistonefamily,memberY	
9556	9556	9556	C14orf2	chromosome14openreadingframe2	
9557	9557	9557	CHD1L	chromodomainhelicaseDNAbindingprotein1-like	
9559	9559	9559	VPS26A	vacuolarproteinsorting26homologA(S.pombe)	
956	956	956	ENTPD3	ectonucleosidetriphosphatediphosphohydrolase3	
9562	9562	9562	MINPP1	multipleinositolpolyphosphatehistidinephosphatase,1	
9563	9563	9563	H6PD	hexose-6-phosphatedehydrogenase(glucose1-dehydrogenase)	
9567	9567	9567	GTPBP1	GTPbindingprotein1	
9568	9568	9568	GABBR2	gamma-aminobutyricacid(GABA)Breceptor,2	
9569	9569	9569	GTF2IRD1	GTF2Irepeatdomaincontaining1	
957	957	957	ENTPD5	ectonucleosidetriphosphatediphosphohydrolase5	
9570	9570	9570	GOSR2	golgiSNAPreceptorcomplexmember2	
9572	9572	9572	NR1D1	nuclearreceptorsubfamily1,groupD,member1	
9573	9573	9573	GDF3	growthdifferentiationfactor3	
9575	9575	9575	CLOCK	clockhomolog(mouse)	
9576	9576	9576	SPAG6	spermassociatedantigen6	
9577	9577	9577	BRE	brainandreproductiveorgan-expressed(TNFRSF1Amodulator)	
9578	9578	9578	CDC42BPB	CDC42bindingproteinkinasebeta(DMPK-like)	
958	958	958	CD40	CD40molecule,TNFreceptorsuperfamilymember5	
9580	9580	9580	SOX13	SRY(sexdeterminingregionY)-box13	
9581	9581	9581	PREPL	prolylendopeptidase-like	
9582	9582	9582	APOBEC3B	apolipoproteinBmRNAeditingenzyme,catalyticpolypeptide-like3B	
9583	9583	9583	ENTPD4	ectonucleosidetriphosphatediphosphohydrolase4	
9584	9584	9584	RBM39	RNAbindingmotifprotein39	
9585	9585	9585	KIF20B	kinesinfamilymember20B	
9586	9586	9586	CREB5	cAMPresponsiveelementbindingprotein5	
9587	9587	9587	MAD2L1BP	MAD2L1bindingprotein	
9588	9588	9588	PRDX6	peroxiredoxin6	
9589	9589	9589	WTAP	Wilmstumor1associatedprotein	
959	959	959	CD40LG	CD40ligand	
9590	9590	9590	AKAP12	Akinase(PRKA)anchorprotein12	
9592	9592	9592	IER2	immediateearlyresponse2	
9595	9595	9595	CYTIP	cytohesin1interactingprotein	
960	960	960	CD44	CD44molecule(Indianbloodgroup)	
9600	9600	9600	PITPNM1	phosphatidylinositoltransferprotein,membrane-associated1	
9601	9601	9601	PDIA4	proteindisulfideisomerasefamilyA,member4	
9603	9603	9603	NFE2L3	nuclearfactor(erythroid-derived2)-like3	
9604	9604	9604	RNF14	ringfingerprotein14	
9605	9605	9605	C16orf7	chromosome16openreadingframe7	
9607	9607	9607	CARTPT	CARTprepropeptide	
9609	9609	9609	RAB36	RAB36,memberRASoncogenefamily	
961	961	961	CD47	CD47molecule	
9610	9610	9610	RIN1	RasandRabinteractor1	
9611	9611	9611	NCOR1	nuclearreceptorco-repressor1	
9612	9612	9612	NCOR2	nuclearreceptorco-repressor2	
9616	9616	9616	RNF7	ringfingerprotein7	
9617	9617	9617	MTRF1	mitochondrialtranslationalreleasefactor1	
9618	9618	9618	TRAF4	TNFreceptor-associatedfactor4	
9619	9619	9619	ABCG1	ATP-bindingcassette,sub-familyG(WHITE),member1	
962	962	962	CD48	CD48molecule	
9620	9620	9620	CELSR1	cadherin,EGFLAGseven-passG-typereceptor1(flamingohomolog,Drosophila)	
9623	9623	9623	TCL1B	T-cellleukemia/lymphoma1B	
9625	9625	9625	AATK	apoptosis-associatedtyrosinekinase	
9627	9627	9627	SNCAIP	synuclein,alphainteractingprotein	
9628	9628	9628	RGS6	regulatorofG-proteinsignaling6	
9629	9629	9629	CLCA3P	chloridechannelaccessory3(pseudogene)	
963	963	963	CD53	CD53molecule	
9630	9630	9630	GNA14	guaninenucleotidebindingprotein(Gprotein),alpha14	
9631	9631	9631	NUP155	nucleoporin155kDa	
9632	9632	9632	SEC24C	SEC24family,memberC(S.cerevisiae)	
9633	9633	9633	MTL5	metallothionein-like5,testis-specific(tesmin)	
9635	9635	9635	CLCA2	chloridechannelaccessory2	
9636	9636	9636	ISG15	ISG15ubiquitin-likemodifier	
9637	9637	9637	FEZ2	fasciculationandelongationproteinzeta2(zyginII)	
9638	9638	9638	FEZ1	fasciculationandelongationproteinzeta1(zyginI)	
9639	9639	9639	ARHGEF10	Rhoguaninenucleotideexchangefactor(GEF)10	
9640	9640	9640	ZNF592	zincfingerprotein592	
9641	9641	9641	IKBKE	inhibitorofkappalightpolypeptidegeneenhancerinB-cells,kinaseepsilon	
9643	9643	9643	MORF4L2	mortalityfactor4like2	
9644	9644	9644	SH3PXD2A	SH3andPXdomains2A	
9645	9645	9645	MICAL2	microtubuleassociatedmonoxygenase,calponinandLIMdomaincontaining2	
9646	9646	9646	CTR9	Ctr9,Paf1/RNApolymeraseIIcomplexcomponent,homolog(S.cerevisiae)	
9647	9647	9647	PPM1F	proteinphosphatase1F(PP2Cdomaincontaining)	
9648	9648	9648	GCC2	GRIPandcoiled-coildomaincontaining2	
9649	9649	9649	RALGPS1	RalGEFwithPHdomainandSH3bindingmotif1	
965	965	965	CD58	CD58molecule	
9650	9650	9650	MTFR1	mitochondrialfissionregulator1	
9651	9651	9651	PLCH2	phospholipaseC,eta2	
9652	9652	9652	TTC37	tetratricopeptiderepeatdomain37	
9653	9653	9653	HS2ST1	heparansulfate2-O-sulfotransferase1	
9654	9654	9654	TTLL4	tubulintyrosineligase-likefamily,member4	
9655	9655	9655	SOCS5	suppressorofcytokinesignaling5	
9656	9656	9656	MDC1	mediatorofDNA-damagecheckpoint1	
9657	9657	9657	IQCB1	IQmotifcontainingB1	
9658	9658	9658	ZNF516	zincfingerprotein516	
9659	9659	9659	PDE4DIP	phosphodiesterase4Dinteractingprotein	
966	966	966	CD59	CD59molecule,complementregulatoryprotein	
9662	9662	9662	CEP135	centrosomalprotein135kDa	
9663	9663	9663	LPIN2	lipin2	
9665	9665	9665	KIAA0430	KIAA0430	
9666	9666	9666	DZIP3	DAZinteractingprotein3,zincfinger	
9667	9667	9667	SAFB2	scaffoldattachmentfactorB2	
9669	9669	9669	EIF5B	eukaryotictranslationinitiationfactor5B	
967	967	967	CD63	CD63molecule	
9670	9670	9670	IPO13	importin13	
9673	9673	9673	SLC25A44	solutecarrierfamily25,member44	
9674	9674	9674	KIAA0040	KIAA0040	
9675	9675	9675	KIAA0406	KIAA0406	
96764	96764	96764	TGS1	trimethylguanosinesynthasehomolog(S.cerevisiae)	
9677	9677	9677	HISPPD2A	histidineacidphosphatasedomaincontaining2A	
9678	9678	9678	PHF14	PHDfingerprotein14	
9679	9679	9679	FAM53B	familywithsequencesimilarity53,memberB	
968	968	968	CD68	CD68molecule	
9681	9681	9681	DEPDC5	DEPdomaincontaining5	
9682	9682	9682	KDM4A	lysine(K)-specificdemethylase4A	
9683	9683	9683	N4BP1	NEDD4bindingprotein1	
9684	9684	9684	LRRC14	leucinerichrepeatcontaining14	
9685	9685	9685	CLINT1	clathrininteractor1	
9686	9686	9686	VGLL4	vestigiallike4(Drosophila)	
9687	9687	9687	GREB1	GREB1protein	
9688	9688	9688	NUP93	nucleoporin93kDa	
969	969	969	CD69	CD69molecule	
9690	9690	9690	UBE3C	ubiquitinproteinligaseE3C	
9692	9692	9692	KIAA0391	KIAA0391	
9693	9693	9693	RAPGEF2	Rapguaninenucleotideexchangefactor(GEF)2	
9694	9694	9694	TTC35	tetratricopeptiderepeatdomain35	
9695	9695	9695	EDEM1	ERdegradationenhancer,mannosidasealpha-like1	
9696	9696	9696	CROCC	ciliaryrootletcoiled-coil,rootletin	
9697	9697	9697	TRAM2	translocationassociatedmembraneprotein2	
9698	9698	9698	PUM1	pumiliohomolog1(Drosophila)	
9699	9699	9699	RIMS2	regulatingsynapticmembraneexocytosis2	
97	97	97	ACYP1	acylphosphatase1,erythrocyte(common)type	
970	970	970	CD70	CD70molecule	
9700	9700	9700	ESPL1	extraspindlepolebodieshomolog1(S.cerevisiae)	
9701	9701	9701	SAPS2	SAPSdomainfamily,member2	
9702	9702	9702	CEP57	centrosomalprotein57kDa	
9703	9703	9703	KIAA0100	KIAA0100	
9704	9704	9704	DHX34	DEAH(Asp-Glu-Ala-His)boxpolypeptide34	
9705	9705	9705	ST18	suppressionoftumorigenicity18(breastcarcinoma)(zincfingerprotein)	
9706	9706	9706	ULK2	unc-51-likekinase2(C.elegans)	
9709	9709	9709	HERPUD1	homocysteine-inducible,endoplasmicreticulumstress-inducible,ubiquitin-likedomainmember1	
971	971	971	CD72	CD72molecule	
9710	9710	9710	KIAA0355	KIAA0355	
9711	9711	9711	KIAA0226	KIAA0226	
9712	9712	9712	USP6NL	USP6N-terminallike	
9715	9715	9715	FAM131B	familywithsequencesimilarity131,memberB	
9716	9716	9716	AQR	aquariushomolog(mouse)	
9717	9717	9717	SEC14L5	SEC14-like5(S.cerevisiae)	
9718	9718	9718	ECE2	endothelinconvertingenzyme2	
9719	9719	9719	ADAMTSL2	ADAMTS-like2	
972	972	972	CD74	CD74molecule,majorhistocompatibilitycomplex,classIIinvariantchain	
9722	9722	9722	NOS1AP	nitricoxidesynthase1(neuronal)adaptorprotein	
9723	9723	9723	SEMA3E	semadomain,immunoglobulindomain(Ig),shortbasicdomain,secreted,(semaphorin)3E	
9724	9724	9724	UTP14C	UTP14,U3smallnucleolarribonucleoprotein,homologC(yeast)	
9725	9725	9725	TMEM63A	transmembraneprotein63A	
9726	9726	9726	ZNF646	zincfingerprotein646	
9727	9727	9727	RAB11FIP3	RAB11familyinteractingprotein3(classII)	
9728	9728	9728	SECISBP2L	SECISbindingprotein2-like	
9729	9729	9729	KIAA0408	KIAA0408	
973	973	973	CD79A	CD79amolecule,immunoglobulin-associatedalpha	
9730	9730	9730	VPRBP	Vpr(HIV-1)bindingprotein	
9731	9731	9731	KIAA0562	KIAA0562	
9732	9732	9732	DOCK4	dedicatorofcytokinesis4	
9733	9733	9733	SART3	squamouscellcarcinomaantigenrecognizedbyTcells3	
9734	9734	9734	HDAC9	histonedeacetylase9	
9735	9735	9735	KNTC1	kinetochoreassociated1	
9736	9736	9736	USP34	ubiquitinspecificpeptidase34	
9737	9737	9737	GPRASP1	Gprotein-coupledreceptorassociatedsortingprotein1	
9738	9738	9738	CP110	CP110protein	
9739	9739	9739	SETD1A	SETdomaincontaining1A	
974	974	974	CD79B	CD79bmolecule,immunoglobulin-associatedbeta	
9741	9741	9741	LAPTM4A	lysosomalproteintransmembrane4alpha	
9742	9742	9742	IFT140	intraflagellartransport140homolog(Chlamydomonas)	
9743	9743	9743	RICS	RhoGTPase-activatingprotein	
9744	9744	9744	ACAP1	ArfGAPwithcoiled-coil,ankyrinrepeatandPHdomains1	
9745	9745	9745	ZNF536	zincfingerprotein536	
9748	9748	9748	SLK	STE20-likekinase(yeast)	
9749	9749	9749	PHACTR2	phosphataseandactinregulator2	
975	975	975	CD81	CD81molecule	
9750	9750	9750	FAM65B	familywithsequencesimilarity65,memberB	
9751	9751	9751	SNPH	syntaphilin	
9752	9752	9752	PCDHA9	protocadherinalpha9	
9753	9753	9753	ZSCAN12	zincfingerandSCANdomaincontaining12	
9754	9754	9754	STARD8	StAR-relatedlipidtransfer(START)domaincontaining8	
9755	9755	9755	TBKBP1	TBK1bindingprotein1	
9757	9757	9757	MLL4	myeloid/lymphoidormixed-lineageleukemia4	
9759	9759	9759	HDAC4	histonedeacetylase4	
976	976	976	CD97	CD97molecule	
9760	9760	9760	TOX	thymocyteselection-associatedhighmobilitygroupbox	
9761	9761	9761	MLEC	malectin	
9762	9762	9762	ProSAPiP1	ProSAPiP1protein	
9764	9764	9764	KIAA0513	KIAA0513	
9765	9765	9765	ZFYVE16	zincfinger,FYVEdomaincontaining16	
9766	9766	9766	KIAA0247	KIAA0247	
9767	9767	9767	PHF16	PHDfingerprotein16	
9768	9768	9768	KIAA0101	KIAA0101	
977	977	977	CD151	CD151molecule(Raphbloodgroup)	
9770	9770	9770	RASSF2	Rasassociation(RalGDS/AF-6)domainfamilymember2	
9771	9771	9771	RAPGEF5	Rapguaninenucleotideexchangefactor(GEF)5	
9772	9772	9772	KIAA0195	KIAA0195	
9774	9774	9774	BCLAF1	BCL2-associatedtranscriptionfactor1	
9775	9775	9775	EIF4A3	eukaryotictranslationinitiationfactor4A,isoform3	
9776	9776	9776	KIAA0652	KIAA0652	
9777	9777	9777	TM9SF4	transmembrane9superfamilyproteinmember4	
9778	9778	9778	KIAA0232	KIAA0232	
9779	9779	9779	TBC1D5	TBC1domainfamily,member5	
978	978	978	CDA	cytidinedeaminase	
9780	9780	9780	FAM38A	familywithsequencesimilarity38,memberA	
9781	9781	9781	RNF144A	ringfingerprotein144A	
9782	9782	9782	MATR3	matrin3	
9783	9783	9783	RIMS3	regulatingsynapticmembraneexocytosis3	
9784	9784	9784	SNX17	sortingnexin17	
9785	9785	9785	DHX38	DEAH(Asp-Glu-Ala-His)boxpolypeptide38	
9786	9786	9786	KIAA0586	KIAA0586	
9787	9787	9787	DLGAP5	discs,large(Drosophila)homolog-associatedprotein5	
9788	9788	9788	MTSS1	metastasissuppressor1	
9790	9790	9790	BMS1	BMS1homolog,ribosomeassemblyprotein(yeast)	
9791	9791	9791	PTDSS1	phosphatidylserinesynthase1	
9792	9792	9792	SERTAD2	SERTAdomaincontaining2	
9793	9793	9793	CKAP5	cytoskeletonassociatedprotein5	
9794	9794	9794	MAML1	mastermind-like1(Drosophila)	
9796	9796	9796	PHYHIP	phytanoyl-CoA2-hydroxylaseinteractingprotein	
9797	9797	9797	TATDN2	TatDDNasedomaincontaining2	
9798	9798	9798	KIAA0174	KIAA0174	
98	98	98	ACYP2	acylphosphatase2,muscletype	
9801	9801	9801	MRPL19	mitochondrialribosomalproteinL19	
9802	9802	9802	DAZAP2	DAZassociatedprotein2	
9804	9804	9804	TOMM20	translocaseofoutermitochondrialmembrane20homolog(yeast)	
9805	9805	9805	SCRN1	secernin1	
9806	9806	9806	SPOCK2	sparc/osteonectin,cwcvandkazal-likedomainsproteoglycan(testican)2	
9807	9807	9807	IP6K1	inositolhexakisphosphatekinase1	
9810	9810	9810	RNF40	ringfingerprotein40	
9811	9811	9811	KIAA0427	KIAA0427	
9812	9812	9812	KIAA0141	KIAA0141	
9813	9813	9813	KIAA0494	KIAA0494	
9814	9814	9814	SFI1	Sfi1homolog,spindleassemblyassociated(yeast)	
9815	9815	9815	GIT2	Gprotein-coupledreceptorkinaseinteractingArfGAP2	
9816	9816	9816	URB2	URB2ribosomebiogenesis2homolog(S.cerevisiae)	
9817	9817	9817	KEAP1	kelch-likeECH-associatedprotein1	
9819	9819	9819	TSC22D2	TSC22domainfamily,member2	
9820	9820	9820	CUL7	cullin7	
9821	9821	9821	RB1CC1	RB1-induciblecoiled-coil1	
9823	9823	9823	ARMCX2	armadillorepeatcontaining,X-linked2	
9824	9824	9824	ARHGAP11A	RhoGTPaseactivatingprotein11A	
9825	9825	9825	SPATA2	spermatogenesisassociated2	
9826	9826	9826	ARHGEF11	Rhoguaninenucleotideexchangefactor(GEF)11	
9828	9828	9828	ARHGEF17	Rhoguaninenucleotideexchangefactor(GEF)17	
9829	9829	9829	DNAJC6	DnaJ(Hsp40)homolog,subfamilyC,member6	
983	983	983	CDC2	celldivisioncycle2,G1toSandG2toM	
9830	9830	9830	TRIM14	tripartitemotif-containing14	
9831	9831	9831	ZNF623	zincfingerprotein623	
9832	9832	9832	JAKMIP2	januskinaseandmicrotubuleinteractingprotein2	
9833	9833	9833	MELK	maternalembryonicleucinezipperkinase	
9834	9834	9834	KIAA0125	KIAA0125	
9836	9836	9836	LCMT2	leucinecarboxylmethyltransferase2	
9839	9839	9839	ZEB2	zincfingerE-boxbindinghomeobox2	
9840	9840	9840	KIAA0748	KIAA0748	
9841	9841	9841	ZBTB24	zincfingerandBTBdomaincontaining24	
9842	9842	9842	PLEKHM1	pleckstrinhomologydomaincontaining,familyM(withRUNdomain)member1	
9843	9843	9843	HEPH	hephaestin	
9844	9844	9844	ELMO1	engulfmentandcellmotility1	
9846	9846	9846	GAB2	GRB2-associatedbindingprotein2	
9847	9847	9847	KIAA0528	KIAA0528	
9848	9848	9848	MFAP3L	microfibrillar-associatedprotein3-like	
9849	9849	9849	ZNF518A	zincfingerprotein518A	
9851	9851	9851	KIAA0753	KIAA0753	
9852	9852	9852	EPM2AIP1	EPM2A(laforin)interactingprotein1	
9853	9853	9853	RUSC2	RUNandSH3domaincontaining2	
9854	9854	9854	C2CD2L	C2CD2-like	
9855	9855	9855	FARP2	FERM,RhoGEFandpleckstrindomainprotein2	
9856	9856	9856	KIAA0319	KIAA0319	
9857	9857	9857	CEP350	centrosomalprotein350kDa	
9858	9858	9858	KIAA0649	KIAA0649	
9859	9859	9859	CEP170	centrosomalprotein170kDa	
9860	9860	9860	LRIG2	leucine-richrepeatsandimmunoglobulin-likedomains2	
9861	9861	9861	PSMD6	proteasome(prosome,macropain)26Ssubunit,non-ATPase,6	
9862	9862	9862	MED24	mediatorcomplexsubunit24	
9863	9863	9863	MAGI2	membraneassociatedguanylatekinase,WWandPDZdomaincontaining2	
9865	9865	9865	KIAA0644	KIAA0644geneproduct	
9867	9867	9867	PJA2	prajaringfinger2	
9868	9868	9868	TOMM70A	translocaseofoutermitochondrialmembrane70homologA(S.cerevisiae)	
9869	9869	9869	SETDB1	SETdomain,bifurcated1	
987	987	987	LRBA	LPS-responsivevesicletrafficking,beachandanchorcontaining	
9870	9870	9870	KIAA0317	KIAA0317	
9871	9871	9871	SEC24D	SEC24family,memberD(S.cerevisiae)	
9873	9873	9873	FCHSD2	FCHanddoubleSH3domains2	
9874	9874	9874	TLK1	tousled-likekinase1	
9877	9877	9877	ZC3H11A	zincfingerCCCH-typecontaining11A	
9878	9878	9878	TOX4	TOXhighmobilitygroupboxfamilymember4	
9879	9879	9879	DDX46	DEAD(Asp-Glu-Ala-Asp)boxpolypeptide46	
988	988	988	CDC5L	CDC5celldivisioncycle5-like(S.pombe)	
9880	9880	9880	ZBTB39	zincfingerandBTBdomaincontaining39	
9881	9881	9881	LBA1	lupusbrainantigen1	
9882	9882	9882	TBC1D4	TBC1domainfamily,member4	
9885	9885	9885	OSBPL2	oxysterolbindingprotein-like2	
9886	9886	9886	RHOBTB1	Rho-relatedBTBdomaincontaining1	
9887	9887	9887	SMG7	Smg-7homolog,nonsensemediatedmRNAdecayfactor(C.elegans)	
9889	9889	9889	ZBED4	zincfinger,BED-typecontaining4	
989	989	989	SEPT7	septin7	
9890	9890	9890	LPPR4	plasticityrelatedgene1	
9891	9891	9891	NUAK1	NUAKfamily,SNF1-likekinase,1	
9892	9892	9892	SNAP91	synaptosomal-associatedprotein,91kDahomolog(mouse)	
9894	9894	9894	TELO2	TEL2,telomeremaintenance2,homolog(S.cerevisiae)	
9895	9895	9895	TECPR2	tectoninbeta-propellerrepeatcontaining2	
9896	9896	9896	FIG4	FIG4homolog(S.cerevisiae)	
9897	9897	9897	KIAA0196	KIAA0196	
9898	9898	9898	UBAP2L	ubiquitinassociatedprotein2-like	
9899	9899	9899	SV2B	synapticvesicleglycoprotein2B	
990	990	990	CDC6	celldivisioncycle6homolog(S.cerevisiae)	
9900	9900	9900	SV2A	synapticvesicleglycoprotein2A	
9901	9901	9901	SRGAP3	SLIT-ROBORhoGTPaseactivatingprotein3	
9903	9903	9903	KLHL21	kelch-like21(Drosophila)	
9904	9904	9904	RBM19	RNAbindingmotifprotein19	
9905	9905	9905	SGSM2	smallGproteinsignalingmodulator2	
9906	9906	9906	SLC35E2	solutecarrierfamily35,memberE2	
9907	9907	9907	KIAA0415	KIAA0415	
9908	9908	9908	G3BP2	GTPaseactivatingprotein(SH3domain)bindingprotein2	
9909	9909	9909	DENND4B	DENN/MADDdomaincontaining4B	
991	991	991	CDC20	celldivisioncycle20homolog(S.cerevisiae)	
9910	9910	9910	RABGAP1L	RABGTPaseactivatingprotein1-like	
9911	9911	9911	TMCC2	transmembraneandcoiled-coildomainfamily2	
9912	9912	9912	RICH2	Rho-typeGTPase-activatingproteinRICH2	
9913	9913	9913	SUPT7L	suppressorofTy7(S.cerevisiae)-like	
9914	9914	9914	ATP2C2	ATPase,Ca++transporting,type2C,member2	
9915	9915	9915	ARNT2	aryl-hydrocarbonreceptornucleartranslocator2	
9917	9917	9917	FAM20B	familywithsequencesimilarity20,memberB	
9918	9918	9918	NCAPD2	non-SMCcondensinIcomplex,subunitD2	
9919	9919	9919	SEC16A	SEC16homologA(S.cerevisiae)	
9920	9920	9920	KBTBD11	kelchrepeatandBTB(POZ)domaincontaining11	
9921	9921	9921	RNF10	ringfingerprotein10	
9922	9922	9922	IQSEC1	IQmotifandSec7domain1	
9923	9923	9923	ZBTB40	zincfingerandBTBdomaincontaining40	
9924	9924	9924	PAN2	PAN2poly(A)specificribonucleasesubunithomolog(S.cerevisiae)	
9925	9925	9925	ZBTB5	zincfingerandBTBdomaincontaining5	
9926	9926	9926	LPGAT1	lysophosphatidylglycerolacyltransferase1	
9927	9927	9927	MFN2	mitofusin2	
9928	9928	9928	KIF14	kinesinfamilymember14	
9929	9929	9929	JOSD1	Josephindomaincontaining1	
993	993	993	CDC25A	celldivisioncycle25homologA(S.pombe)	
9931	9931	9931	HELZ	helicasewithzincfinger	
9933	9933	9933	KIAA0020	KIAA0020	
9934	9934	9934	P2RY14	purinergicreceptorP2Y,G-proteincoupled,14	
9935	9935	9935	MAFB	v-mafmusculoaponeuroticfibrosarcomaoncogenehomologB(avian)	
9936	9936	9936	CD302	CD302molecule	
9937	9937	9937	DCLRE1A	DNAcross-linkrepair1A(PSO2homolog,S.cerevisiae)	
9938	9938	9938	ARHGAP25	RhoGTPaseactivatingprotein25	
9939	9939	9939	RBM8A	RNAbindingmotifprotein8A	
994	994	994	CDC25B	celldivisioncycle25homologB(S.pombe)	
9940	9940	9940	DLEC1	deletedinlungandesophagealcancer1	
9941	9941	9941	EXOG	endo/exonuclease(5'-3'),endonucleaseG-like	
9942	9942	9942	XYLB	xylulokinasehomolog(H.influenzae)	
9943	9943	9943	OXSR1	oxidative-stressresponsive1	
9945	9945	9945	GFPT2	glutamine-fructose-6-phosphatetransaminase2	
9946	9946	9946	CRYZL1	crystallin,zeta(quinonereductase)-like1	
9947	9947	9947	MAGEC1	melanomaantigenfamilyC,1	
9948	9948	9948	WDR1	WDrepeatdomain1	
9949	9949	9949	AMMECR1	Alportsyndrome,mentalretardation,midfacehypoplasiaandelliptocytosischromosomalregiongene1	
995	995	995	CDC25C	celldivisioncycle25homologC(S.pombe)	
9950	9950	9950	GOLGA5	golgiautoantigen,golginsubfamilya,5	
9953	9953	9953	HS3ST3B1	heparansulfate(glucosamine)3-O-sulfotransferase3B1	
9955	9955	9955	HS3ST3A1	heparansulfate(glucosamine)3-O-sulfotransferase3A1	
9956	9956	9956	HS3ST2	heparansulfate(glucosamine)3-O-sulfotransferase2	
9957	9957	9957	HS3ST1	heparansulfate(glucosamine)3-O-sulfotransferase1	
9958	9958	9958	USP15	ubiquitinspecificpeptidase15	
996	996	996	CDC27	celldivisioncycle27homolog(S.cerevisiae)	
9960	9960	9960	USP3	ubiquitinspecificpeptidase3	
9961	9961	9961	MVP	majorvaultprotein	
9962	9962	9962	SLC23A2	solutecarrierfamily23(nucleobasetransporters),member2	
9966	9966	9966	TNFSF15	tumornecrosisfactor(ligand)superfamily,member15	
9967	9967	9967	THRAP3	thyroidhormonereceptorassociatedprotein3	
9968	9968	9968	MED12	mediatorcomplexsubunit12	
997	997	997	CDC34	celldivisioncycle34homolog(S.cerevisiae)	
9970	9970	9970	NR1I3	nuclearreceptorsubfamily1,groupI,member3	
9971	9971	9971	NR1H4	nuclearreceptorsubfamily1,groupH,member4	
9972	9972	9972	NUP153	nucleoporin153kDa	
9973	9973	9973	CCS	copperchaperoneforsuperoxidedismutase	
9975	9975	9975	NR1D2	nuclearreceptorsubfamily1,groupD,member2	
9976	9976	9976	CLEC2B	C-typelectindomainfamily2,memberB	
9978	9978	9978	RBX1	ring-box1	
998	998	998	CDC42	celldivisioncycle42(GTPbindingprotein,25kDa)	
9980	9980	9980	DOPEY2	dopeyfamilymember2	
9982	9982	9982	FGFBP1	fibroblastgrowthfactorbindingprotein1	
9984	9984	9984	THOC1	THOcomplex1	
9985	9985	9985	REC8	REC8homolog(yeast)	
9986	9986	9986	RCE1	RCE1homolog,prenylproteinpeptidase(S.cerevisiae)	
9987	9987	9987	HNRPDL	heterogeneousnuclearribonucleoproteinD-like	
9988	9988	9988	DMTF1	cyclinDbindingmyb-liketranscriptionfactor1	
9989	9989	9989	PPP4R1	proteinphosphatase4,regulatorysubunit1	
999	999	999	CDH1	cadherin1,type1,E-cadherin(epithelial)	
9990	9990	9990	SLC12A6	solutecarrierfamily12(potassium/chloridetransporters),member6	
9991	9991	9991	ROD1	ROD1regulatorofdifferentiation1(S.pombe)	
9992	9992	9992	KCNE2	potassiumvoltage-gatedchannel,Isk-relatedfamily,member2	
9993	9993	9993	DGCR2	DiGeorgesyndromecriticalregiongene2	
9994	9994	9994	CASP8AP2	caspase8associatedprotein2	
9997	9997	9997	SCO2	SCOcytochromeoxidasedeficienthomolog2(yeast)	
AFFX-BioB-3	AFFX-BioB-3	NA	J04423 E coli bioB gene biotin synthetase  (-5, -M, -3 represent transcript regions 5 prime, Middle, and 3 prime respectively)	Affymetrix Hybridization control	--AFFX-BioB-3
AFFX-BioB-5	AFFX-BioB-5	NA	J04423 E coli bioB gene biotin synthetase  (-5, -M, -3 represent transcript regions 5 prime, Middle, and 3 prime respectively)	Affymetrix Hybridization control	--AFFX-BioB-5
AFFX-BioB-M	AFFX-BioB-M	NA	J04423 E coli bioB gene biotin synthetase  (-5, -M, -3 represent transcript regions 5 prime, Middle, and 3 prime respectively)	Affymetrix Hybridization control	--AFFX-BioB-M
AFFX-BioC-3	AFFX-BioC-3	NA	J04423 E coli bioC protein  (-5 and -3 represent transcript regions 5 prime and 3 prime respectively)	Affymetrix Hybridization control	--AFFX-BioC-3
AFFX-BioC-5	AFFX-BioC-5	NA	J04423 E coli bioC protein  (-5 and -3 represent transcript regions 5 prime and 3 prime respectively)	Affymetrix Hybridization control	--AFFX-BioC-5
AFFX-BioDn-3	AFFX-BioDn-3	NA	J04423 E coli bioD gene dethiobiotin synthetase  (-5 and -3 represent transcript regions 5 prime and 3 prime respectively)	Affymetrix Hybridization control	--AFFX-BioDn-3
AFFX-BioDn-5	AFFX-BioDn-5	NA	J04423 E coli bioD gene dethiobiotin synthetase  (-5 and -3 represent transcript regions 5 prime and 3 prime respectively)	Affymetrix Hybridization control	--AFFX-BioDn-5
AFFX-CreX-3	AFFX-CreX-3	NA	X03453 Bacteriophage P1 cre recombinase protein  (-5 and -3 represent transcript regions 5 prime and 3 prime respectively)	Affymetrix Hybridization control	--AFFX-CreX-3
AFFX-CreX-5	AFFX-CreX-5	NA	X03453 Bacteriophage P1 cre recombinase protein  (-5 and -3 represent transcript regions 5 prime and 3 prime respectively)	Affymetrix Hybridization control	--AFFX-CreX-5
AFFX-DapX-3	AFFX-DapX-3	NA	L38424 B subtilis dapB, jojF, jojG genes corresponding to nucleotides 1358-3197 of L38424 (-5, -M, -3 represent transcript regions 5 prime, Middle, and 3 prime respectively)	Poly-A Affymetrix control	--AFFX-DapX-3
AFFX-DapX-5	AFFX-DapX-5	NA	L38424 B subtilis dapB, jojF, jojG genes corresponding to nucleotides 1358-3197 of L38424 (-5, -M, -3 represent transcript regions 5 prime, Middle, and 3 prime respectively)	Poly-A Affymetrix control	--AFFX-DapX-5
AFFX-DapX-M	AFFX-DapX-M	NA	L38424 B subtilis dapB, jojF, jojG genes corresponding to nucleotides 1358-3197 of L38424 (-5, -M, -3 represent transcript regions 5 prime, Middle, and 3 prime respectively)	Poly-A Affymetrix control	--AFFX-DapX-M
AFFX-HSAC07/X00351_3	AFFX-HSAC07/X00351_3	NA	X00351 Human mRNA for beta-actin (_5, _M, _3 represent transcript regions 5 prime, Middle, and 3 prime respectively)	Affymetrix Internal control	--AFFX-HSAC07/X00351_3
AFFX-HSAC07/X00351_5	AFFX-HSAC07/X00351_5	NA	X00351 Human mRNA for beta-actin (_5, _M, _3 represent transcript regions 5 prime, Middle, and 3 prime respectively)	Affymetrix Internal control	--AFFX-HSAC07/X00351_5
AFFX-HSAC07/X00351_M	AFFX-HSAC07/X00351_M	NA	X00351 Human mRNA for beta-actin (_5, _M, _3 represent transcript regions 5 prime, Middle, and 3 prime respectively)	Affymetrix Internal control	--AFFX-HSAC07/X00351_M
AFFX-hum_alu	AFFX-hum_alu	NA	U14573 Human Alu-Sq subfamily consensus sequence.	Affymetrix Internal control	--AFFX-hum_alu
AFFX-HUMGAPDH/M33197_3	AFFX-HUMGAPDH/M33197_3	NA	M33197 Human glyceraldehyde-3-phosphate dehydrogenase (GAPDH) mRNA, complete cds (_5, _M, _3 represent transcript regions 5 prime, Middle, and 3 prime respectively)	Affymetrix Internal control	--AFFX-HUMGAPDH/M33197_3
AFFX-HUMGAPDH/M33197_5	AFFX-HUMGAPDH/M33197_5	NA	M33197 Human glyceraldehyde-3-phosphate dehydrogenase (GAPDH) mRNA, complete cds (_5, _M, _3 represent transcript regions 5 prime, Middle, and 3 prime respectively)	Affymetrix Internal control	--AFFX-HUMGAPDH/M33197_5
AFFX-HUMGAPDH/M33197_M	AFFX-HUMGAPDH/M33197_M	NA	M33197 Human glyceraldehyde-3-phosphate dehydrogenase (GAPDH) mRNA, complete cds (_5, _M, _3 represent transcript regions 5 prime, Middle, and 3 prime respectively)	Affymetrix Internal control	--AFFX-HUMGAPDH/M33197_M
AFFX-HUMISGF3A/M97935_3	AFFX-HUMISGF3A/M97935_3	NA	M97935 Homo sapiens transcription factor ISGF-3 mRNA, complete cds (_5, _MA, MB, _3 represent transcript regions 5 prime, MiddleA, MiddleB, and 3 prime respectively)	Affymetrix Internal control	--AFFX-HUMISGF3A/M97935_3
AFFX-HUMISGF3A/M97935_5	AFFX-HUMISGF3A/M97935_5	NA	M97935 Homo sapiens transcription factor ISGF-3 mRNA, complete cds (_5, _MA, MB, _3 represent transcript regions 5 prime, MiddleA, MiddleB, and 3 prime respectively)	Affymetrix Internal control	--AFFX-HUMISGF3A/M97935_5
AFFX-HUMISGF3A/M97935_MA	AFFX-HUMISGF3A/M97935_MA	NA	M97935 Homo sapiens transcription factor ISGF-3 mRNA, complete cds (_5, _MA, MB, _3 represent transcript regions 5 prime, MiddleA, MiddleB, and 3 prime respectively)	Affymetrix Internal control	--AFFX-HUMISGF3A/M97935_MA
AFFX-HUMISGF3A/M97935_MB	AFFX-HUMISGF3A/M97935_MB	NA	M97935 Homo sapiens transcription factor ISGF-3 mRNA, complete cds (_5, _MA, MB, _3 represent transcript regions 5 prime, MiddleA, MiddleB, and 3 prime respectively)	Affymetrix Internal control	--AFFX-HUMISGF3A/M97935_MB
AFFX-HUMRGE/M10098_3	AFFX-HUMRGE/M10098_3	NA	M10098 Human 18S rRNA gene, complete (_5, _M, _3 represent transcript regions 5 prime, Middle, and 3 prime respectively)	Affymetrix Internal control	--AFFX-HUMRGE/M10098_3
AFFX-HUMRGE/M10098_5	AFFX-HUMRGE/M10098_5	NA	M10098 Human 18S rRNA gene, complete (_5, _M, _3 represent transcript regions 5 prime, Middle, and 3 prime respectively)	Affymetrix Internal control	--AFFX-HUMRGE/M10098_5
AFFX-HUMRGE/M10098_M	AFFX-HUMRGE/M10098_M	NA	M10098 Human 18S rRNA gene, complete (_5, _M, _3 represent transcript regions 5 prime, Middle, and 3 prime respectively)	Affymetrix Internal control	--AFFX-HUMRGE/M10098_M
AFFX-LysX-3	AFFX-LysX-3	NA	X17013 B subtilis lys gene for diaminopimelate decarboxylase corresponding to nucleotides 350-1345 of X17013  (-5, -M, -3 represent transcript regions 5 prime, Middle, and 3 prime respectively)	Poly-A Affymetrix control	--AFFX-LysX-3
AFFX-LysX-5	AFFX-LysX-5	NA	X17013 B subtilis lys gene for diaminopimelate decarboxylase corresponding to nucleotides 350-1345 of X17013  (-5, -M, -3 represent transcript regions 5 prime, Middle, and 3 prime respectively)	Poly-A Affymetrix control	--AFFX-LysX-5
AFFX-LysX-M	AFFX-LysX-M	NA	X17013 B subtilis lys gene for diaminopimelate decarboxylase corresponding to nucleotides 350-1345 of X17013  (-5, -M, -3 represent transcript regions 5 prime, Middle, and 3 prime respectively)	Poly-A Affymetrix control	--AFFX-LysX-M
AFFX-M27830_3	AFFX-M27830_3	NA	M27830 Human 28S ribosomal RNA gene, complete cds (_5, _M, _3 represent transcript regions 5 prime, Middle, and 3 prime respectively)	Affymetrix Internal control	--AFFX-M27830_3
AFFX-M27830_5	AFFX-M27830_5	NA	M27830 Human 28S ribosomal RNA gene, complete cds (_5, _M, _3 represent transcript regions 5 prime, Middle, and 3 prime respectively)	Affymetrix Internal control	--AFFX-M27830_5
AFFX-M27830_M	AFFX-M27830_M	NA	M27830 Human 28S ribosomal RNA gene, complete cds (_5, _M, _3 represent transcript regions 5 prime, Middle, and 3 prime respectively)	Affymetrix Internal control	--AFFX-M27830_M
AFFX-PheX-3	AFFX-PheX-3	NA	M24537B subtilis pheB, pheA genes corresponding to nucleotides 2017-3334 of M24537 (-5, -M, -3 represent transcript regions 5 prime, Middle, and 3 prime respectively)	Poly-A Affymetrix control	--AFFX-PheX-3
AFFX-PheX-5	AFFX-PheX-5	NA	M24537B subtilis pheB, pheA genes corresponding to nucleotides 2017-3334 of M24537 (-5, -M, -3 represent transcript regions 5 prime, Middle, and 3 prime respectively)	Poly-A Affymetrix control	--AFFX-PheX-5
AFFX-PheX-M	AFFX-PheX-M	NA	M24537B subtilis pheB, pheA genes corresponding to nucleotides 2017-3334 of M24537 (-5, -M, -3 represent transcript regions 5 prime, Middle, and 3 prime respectively)	Poly-A Affymetrix control	--AFFX-PheX-M
AFFX-r2-Bs-dap-3	AFFX-r2-Bs-dap-3	NA	Bacillus subtilis /REF=L38424 /DEF=B subtilis dapB, jojF, jojG genes corresponding to nucleotides 2634-3089 of L38424 /LEN=1931 (-5, -M, -3 represent transcript regions 5 prime, Middle, and 3 prime respectively)	Poly-A Affymetrix control	--AFFX-r2-Bs-dap-3
AFFX-r2-Bs-dap-5	AFFX-r2-Bs-dap-5	NA	Bacillus subtilis /REF=L38424 /DEF=B subtilis dapB, jojF, jojG genes corresponding to nucleotides 1439-1846 of L38424 /LEN=1931 (-5, -M, -3 represent transcript regions 5 prime, Middle, and 3 prime respectively)	Poly-A Affymetrix control	--AFFX-r2-Bs-dap-5
AFFX-r2-Bs-dap-M	AFFX-r2-Bs-dap-M	NA	Bacillus subtilis /REF=L38424 /DEF=B subtilis dapB, jojF, jojG genes corresponding to nucleotides 2055-2578 of L38424 /LEN=1931 (-5, -M, -3 represent transcript regions 5 prime, Middle, and 3 prime respectively)	Poly-A Affymetrix control	--AFFX-r2-Bs-dap-M
AFFX-r2-Bs-lys-3	AFFX-r2-Bs-lys-3	NA	Bacillus subtilis /REF=X17013 /DEF=B subtilis lys gene for diaminopimelate decarboxylase corresponding to nucleotides 1008-1263 of X17013 /LEN=1108 (-5, -M, -3 represent transcript regions 5 prime, Middle, and 3 prime respectively)	Poly-A Affymetrix control	--AFFX-r2-Bs-lys-3
AFFX-r2-Bs-lys-5	AFFX-r2-Bs-lys-5	NA	Bacillus subtilis /REF=X17013 /DEF=B subtilis lys gene for diaminopimelate decarboxylase corresponding to nucleotides 411-659 of X17013 /LEN=1108 (-5, -M, -3 represent transcript regions 5 prime, Middle, and 3 prime respectively)	Poly-A Affymetrix control	--AFFX-r2-Bs-lys-5
AFFX-r2-Bs-lys-M	AFFX-r2-Bs-lys-M	NA	Bacillus subtilis /REF=X17013 /DEF=B subtilis lys gene for diaminopimelate decarboxylase corresponding to nucleotides 673-1002 of X17013 /LEN=1108 (-5, -M, -3 represent transcript regions 5 prime, Middle, and 3 prime respectively)	Poly-A Affymetrix control	--AFFX-r2-Bs-lys-M
AFFX-r2-Bs-phe-3	AFFX-r2-Bs-phe-3	NA	Bacillus subtilis /REF=M24537 /DEF=B subtilis pheB, pheA genes corresponding to nucleotides 2897-3200 of M24537 /LEN=1409 (-5, -M, -3 represent transcript regions 5 prime, Middle, and 3 prime respectively)	Poly-A Affymetrix control	--AFFX-r2-Bs-phe-3
AFFX-r2-Bs-phe-5	AFFX-r2-Bs-phe-5	NA	Bacillus subtilis /REF=M24537 /DEF=B subtilis pheB, pheA genes corresponding to nucleotides 2116-2382 of M24537 /LEN=1409 (-5, -M, -3 represent transcript regions 5 prime, Middle, and 3 prime respectively)	Poly-A Affymetrix control	--AFFX-r2-Bs-phe-5
AFFX-r2-Bs-phe-M	AFFX-r2-Bs-phe-M	NA	Bacillus subtilis /REF=M24537 /DEF=B subtilis pheB, pheA genes corresponding to nucleotides 2484-2875 of M24537 /LEN=1409 (-5, -M, -3 represent transcript regions 5 prime, Middle, and 3 prime respectively)	Poly-A Affymetrix control	--AFFX-r2-Bs-phe-M
AFFX-r2-Bs-thr-3	AFFX-r2-Bs-thr-3	NA	Bacillus subtilis /REF=X04603 /DEF=B subtilis thrC, thrB genes corresponding to nucleotides 1689-2151 of X04603 /LEN=2073 (-5, -M, -3 represent transcript regions 5 prime, Middle, and 3 prime respectively)	Poly-A Affymetrix control	--AFFX-r2-Bs-thr-3
AFFX-r2-Bs-thr-5	AFFX-r2-Bs-thr-5	NA	Bacillus subtilis /REF=X04603 /DEF=B subtilis thrC, thrB genes corresponding to nucleotides 288-932 of X04603 /LEN=2073 (-5, -M, -3 represent transcript regions 5 prime, Middle, and 3 prime respectively)	Poly-A Affymetrix control	--AFFX-r2-Bs-thr-5
AFFX-r2-Bs-thr-M	AFFX-r2-Bs-thr-M	NA	Bacillus subtilis /REF=X04603 /DEF=B subtilis thrC, thrB genes corresponding to nucleotides 995-1562 of X04603 /LEN=2073 (-5, -M, -3 represent transcript regions 5 prime, Middle, and 3 prime respectively)	Poly-A Affymetrix control	--AFFX-r2-Bs-thr-M
AFFX-r2-Ec-bioB-3	AFFX-r2-Ec-bioB-3	NA	Escherichia coli /REF=J04423 /DEF=E coli bioB gene biotin synthetase corresponding to nucleotides 2772-3004 of J04423 /LEN=1114 (-5, -M, -3 represent transcript regions 5 prime, Middle, and 3 prime respectively)	Affymetrix Hybridization control	--AFFX-r2-Ec-bioB-3
AFFX-r2-Ec-bioB-5	AFFX-r2-Ec-bioB-5	NA	Escherichia coli /REF=J04423 /DEF=E coli bioB gene biotin synthetase corresponding to nucleotides 2071-2304 of J04423 /LEN=1114 (-5, -M, -3 represent transcript regions 5 prime, Middle, and 3 prime respectively)	Affymetrix Hybridization control	--AFFX-r2-Ec-bioB-5
AFFX-r2-Ec-bioB-M	AFFX-r2-Ec-bioB-M	NA	Escherichia coli /REF=J04423 /DEF=E coli bioB gene biotin synthetase corresponding to nucleotides 2393-2682 of J04423 /LEN=1114 (-5, -M, -3 represent transcript regions 5 prime, Middle, and 3 prime respectively)	Affymetrix Hybridization control	--AFFX-r2-Ec-bioB-M
AFFX-r2-Ec-bioC-3	AFFX-r2-Ec-bioC-3	NA	Escherichia coli /REF=J04423 /DEF=E coli bioC protein corresponding to nucleotides 4609-4883 of J04423 /LEN=777 (-5 and -3 represent transcript regions 5 prime and 3 prime respectively)	Affymetrix Hybridization control	--AFFX-r2-Ec-bioC-3
AFFX-r2-Ec-bioC-5	AFFX-r2-Ec-bioC-5	NA	Escherichia coli /REF=J04423 /DEF=E coli bioC protein corresponding to nucleotides 4257-4573 of J04423 /LEN=777 (-5 and -3 represent transcript regions 5 prime and 3 prime respectively)	Affymetrix Hybridization control	--AFFX-r2-Ec-bioC-5
AFFX-r2-Ec-bioD-3	AFFX-r2-Ec-bioD-3	NA	Escherichia coli /REF=J04423 /DEF=E coli bioD gene dethiobiotin synthetase corresponding to nucleotides 5312-5559 of J04423 /LEN=676 (-5 and -3 represent transcript regions 5 prime and 3 prime respectively)	Affymetrix Hybridization control	--AFFX-r2-Ec-bioD-3
AFFX-r2-Ec-bioD-5	AFFX-r2-Ec-bioD-5	NA	Escherichia coli /REF=J04423 /DEF=E coli bioD gene dethiobiotin synthetase corresponding to nucleotides 5024-5244 of J04423 /LEN=676 (-5 and -3 represent transcript regions 5 prime and 3 prime respectively)	Affymetrix Hybridization control	--AFFX-r2-Ec-bioD-5
AFFX-r2-Hs18SrRNA-3_s	AFFX-r2-Hs18SrRNA-3_s	NA			--AFFX-r2-Hs18SrRNA-3_s
AFFX-r2-Hs18SrRNA-5	AFFX-r2-Hs18SrRNA-5	NA	M10098 Human 18S rRNA sequence, length 1969 bases, 5 prime target bases 1-646	Affymetrix Internal control	--AFFX-r2-Hs18SrRNA-5
AFFX-r2-Hs18SrRNA-M_x	AFFX-r2-Hs18SrRNA-M_x	NA	M10098 Human 18S rRNA sequence, length 1969 bases, middle target bases 647-1292	Affymetrix Internal control	--AFFX-r2-Hs18SrRNA-M_x
AFFX-r2-Hs28SrRNA-3	AFFX-r2-Hs28SrRNA-3	NA	M11167 Human 28S rRNA sequence, length 5025 bases, middle target bases 1666-3330	Affymetrix Internal control	--AFFX-r2-Hs28SrRNA-3
AFFX-r2-Hs28SrRNA-5	AFFX-r2-Hs28SrRNA-5	NA	M11167 Human 28S rRNA sequence, length 5025 bases, 5 prime target bases 1-1665	Affymetrix Internal control	--AFFX-r2-Hs28SrRNA-5
AFFX-r2-Hs28SrRNA-M	AFFX-r2-Hs28SrRNA-M	NA	M11167 Human 28S rRNA sequence, length 5025 bases, 3 prime target bases 3331-4995	Affymetrix Internal control	--AFFX-r2-Hs28SrRNA-M
AFFX-r2-P1-cre-3	AFFX-r2-P1-cre-3	NA	Bacteriophage /REF=X03453 /DEF=Bacteriophage P1 cre recombinase protein corresponding to nucleotides 1032-1270 of X03453 /LEN=1058 (-5 and -3 represent transcript regions 5 prime and 3 prime respectively)	Affymetrix Hybridization control	--AFFX-r2-P1-cre-3
AFFX-r2-P1-cre-5	AFFX-r2-P1-cre-5	NA	Bacteriophage /REF=X03453 /DEF=Bacteriophage P1 cre recombinase protein corresponding to nucleotides 581-1001 of X03453 /LEN=1058 (-5 and -3 represent transcript regions 5 prime and 3 prime respectively)	Affymetrix Hybridization control	--AFFX-r2-P1-cre-5
AFFX-ThrX-3	AFFX-ThrX-3	NA	X04603 B subtilis thrC, thrB genes corresponding to nucleotides 248-2229 of X04603 (-5, -M, -3 represent transcript regions 5 prime, Middle, and 3 prime respectively)	Poly-A Affymetrix control	--AFFX-ThrX-3
AFFX-ThrX-5	AFFX-ThrX-5	NA	X04603 B subtilis thrC, thrB genes corresponding to nucleotides 248-2229 of X04603 (-5, -M, -3 represent transcript regions 5 prime, Middle, and 3 prime respectively)	Poly-A Affymetrix control	--AFFX-ThrX-5
AFFX-ThrX-M	AFFX-ThrX-M	NA	X04603 B subtilis thrC, thrB genes corresponding to nucleotides 248-2229 of X04603 (-5, -M, -3 represent transcript regions 5 prime, Middle, and 3 prime respectively)	Poly-A Affymetrix control	--AFFX-ThrX-M
AFFX-TrpnX-3	AFFX-TrpnX-3	NA	K01391 B subtilis TrpE protein, TrpD protein, TrpC protein corresponding to nucleotides 1883-4400 of K01391 (-5, -M, -3 represent transcript regions 5 prime, Middle, and 3 prime respectively)	Poly-A Affymetrix control	--AFFX-TrpnX-3
AFFX-TrpnX-5	AFFX-TrpnX-5	NA	K01391 B subtilis TrpE protein, TrpD protein, TrpC protein corresponding to nucleotides 1883-4400 of K01391 (-5, -M, -3 represent transcript regions 5 prime, Middle, and 3 prime respectively)	Poly-A Affymetrix control	--AFFX-TrpnX-5
AFFX-TrpnX-M	AFFX-TrpnX-M	NA	K01391 B subtilis TrpE protein, TrpD protein, TrpC protein corresponding to nucleotides 1883-4400 of K01391 (-5, -M, -3 represent transcript regions 5 prime, Middle, and 3 prime respectively)	Poly-A Affymetrix control	--AFFX-TrpnX-M
